Initialized native services in: /Users/aiw.robson/.gradle/native
Initialized jansi services in: /Users/aiw.robson/.gradle/native
Received JVM installation metadata from '/Library/Java/JavaVirtualMachines/temurin-21.jdk/Contents/Home': {JAVA_HOME=/Library/Java/JavaVirtualMachines/temurin-21.jdk/Contents/Home, JAVA_VERSION=21.0.9, JAVA_VENDOR=Eclipse Adoptium, RUNTIME_NAME=OpenJDK Runtime Environment, RUNTIME_VERSION=21.0.9+10-LTS, VM_NAME=OpenJDK 64-Bit Server VM, VM_VERSION=21.0.9+10-LTS, VM_VENDOR=Eclipse Adoptium, OS_ARCH=aarch64}
Found daemon DaemonInfo{pid=77713, address=[e9a3b463-278f-4155-bd07-10348d397ee5 port:52724, addresses:[/127.0.0.1]], state=Idle, lastBusy=1763826313778, context=DefaultDaemonContext[uid=1b789167-b19f-48fa-bba0-c7a9c577f8b8,javaHome=/Library/Java/JavaVirtualMachines/temurin-21.jdk/Contents/Home,daemonRegistryDir=/Users/aiw.robson/.gradle/daemon,pid=77713,idleTimeout=10800000,priority=NORMAL,applyInstrumentationAgent=true,daemonOpts=--add-opens=java.base/java.util=ALL-UNNAMED,--add-opens=java.base/java.lang=ALL-UNNAMED,--add-opens=java.base/java.lang.invoke=ALL-UNNAMED,--add-opens=java.prefs/java.util.prefs=ALL-UNNAMED,--add-opens=java.base/java.nio.charset=ALL-UNNAMED,--add-opens=java.base/java.net=ALL-UNNAMED,--add-opens=java.base/java.util.concurrent.atomic=ALL-UNNAMED,-XX:MaxMetaspaceSize=384m,-XX:+HeapDumpOnOutOfMemoryError,-Xms256m,-Xmx512m,-Dfile.encoding=UTF-8,-Duser.country,-Duser.language=en,-Duser.variant]} however its context does not match the desired criteria.
At least one daemon option is different.
Wanted: DefaultDaemonContext[uid=null,javaHome=/Library/Java/JavaVirtualMachines/temurin-21.jdk/Contents/Home,daemonRegistryDir=/Users/aiw.robson/.gradle/daemon,pid=65138,idleTimeout=null,priority=NORMAL,applyInstrumentationAgent=true,daemonOpts=--add-opens=java.base/java.util=ALL-UNNAMED,--add-opens=java.base/java.lang=ALL-UNNAMED,--add-opens=java.base/java.lang.invoke=ALL-UNNAMED,--add-opens=java.prefs/java.util.prefs=ALL-UNNAMED,--add-opens=java.base/java.nio.charset=ALL-UNNAMED,--add-opens=java.base/java.net=ALL-UNNAMED,--add-opens=java.base/java.util.concurrent.atomic=ALL-UNNAMED,-XX:MaxMetaspaceSize=384m,-XX:+HeapDumpOnOutOfMemoryError,-Xms256m,-Xmx512m,-Dfile.encoding=UTF-8,-Duser.country=SE,-Duser.language=sv,-Duser.variant]
Actual: DefaultDaemonContext[uid=1b789167-b19f-48fa-bba0-c7a9c577f8b8,javaHome=/Library/Java/JavaVirtualMachines/temurin-21.jdk/Contents/Home,daemonRegistryDir=/Users/aiw.robson/.gradle/daemon,pid=77713,idleTimeout=10800000,priority=NORMAL,applyInstrumentationAgent=true,daemonOpts=--add-opens=java.base/java.util=ALL-UNNAMED,--add-opens=java.base/java.lang=ALL-UNNAMED,--add-opens=java.base/java.lang.invoke=ALL-UNNAMED,--add-opens=java.prefs/java.util.prefs=ALL-UNNAMED,--add-opens=java.base/java.nio.charset=ALL-UNNAMED,--add-opens=java.base/java.net=ALL-UNNAMED,--add-opens=java.base/java.util.concurrent.atomic=ALL-UNNAMED,-XX:MaxMetaspaceSize=384m,-XX:+HeapDumpOnOutOfMemoryError,-Xms256m,-Xmx512m,-Dfile.encoding=UTF-8,-Duser.country,-Duser.language=en,-Duser.variant]

  Looking for a different daemon...
Found daemon DaemonInfo{pid=65259, address=[c82d9eeb-be62-4775-8994-e392c80e4efa port:55967, addresses:[/127.0.0.1]], state=Idle, lastBusy=1763826313717, context=DefaultDaemonContext[uid=e8cfc4f3-e635-4da5-a78b-562846213796,javaHome=/Library/Java/JavaVirtualMachines/temurin-21.jdk/Contents/Home,daemonRegistryDir=/Users/aiw.robson/.gradle/daemon,pid=65259,idleTimeout=10800000,priority=NORMAL,applyInstrumentationAgent=true,daemonOpts=--add-opens=java.base/java.util=ALL-UNNAMED,--add-opens=java.base/java.lang=ALL-UNNAMED,--add-opens=java.base/java.lang.invoke=ALL-UNNAMED,--add-opens=java.prefs/java.util.prefs=ALL-UNNAMED,--add-opens=java.base/java.nio.charset=ALL-UNNAMED,--add-opens=java.base/java.net=ALL-UNNAMED,--add-opens=java.base/java.util.concurrent.atomic=ALL-UNNAMED,-XX:MaxMetaspaceSize=384m,-XX:+HeapDumpOnOutOfMemoryError,-Xms256m,-Xmx512m,-Dfile.encoding=utf8,-Duser.country=SE,-Duser.language=sv,-Duser.variant]} however its context does not match the desired criteria.
At least one daemon option is different.
Wanted: DefaultDaemonContext[uid=null,javaHome=/Library/Java/JavaVirtualMachines/temurin-21.jdk/Contents/Home,daemonRegistryDir=/Users/aiw.robson/.gradle/daemon,pid=65138,idleTimeout=null,priority=NORMAL,applyInstrumentationAgent=true,daemonOpts=--add-opens=java.base/java.util=ALL-UNNAMED,--add-opens=java.base/java.lang=ALL-UNNAMED,--add-opens=java.base/java.lang.invoke=ALL-UNNAMED,--add-opens=java.prefs/java.util.prefs=ALL-UNNAMED,--add-opens=java.base/java.nio.charset=ALL-UNNAMED,--add-opens=java.base/java.net=ALL-UNNAMED,--add-opens=java.base/java.util.concurrent.atomic=ALL-UNNAMED,-XX:MaxMetaspaceSize=384m,-XX:+HeapDumpOnOutOfMemoryError,-Xms256m,-Xmx512m,-Dfile.encoding=UTF-8,-Duser.country=SE,-Duser.language=sv,-Duser.variant]
Actual: DefaultDaemonContext[uid=e8cfc4f3-e635-4da5-a78b-562846213796,javaHome=/Library/Java/JavaVirtualMachines/temurin-21.jdk/Contents/Home,daemonRegistryDir=/Users/aiw.robson/.gradle/daemon,pid=65259,idleTimeout=10800000,priority=NORMAL,applyInstrumentationAgent=true,daemonOpts=--add-opens=java.base/java.util=ALL-UNNAMED,--add-opens=java.base/java.lang=ALL-UNNAMED,--add-opens=java.base/java.lang.invoke=ALL-UNNAMED,--add-opens=java.prefs/java.util.prefs=ALL-UNNAMED,--add-opens=java.base/java.nio.charset=ALL-UNNAMED,--add-opens=java.base/java.net=ALL-UNNAMED,--add-opens=java.base/java.util.concurrent.atomic=ALL-UNNAMED,-XX:MaxMetaspaceSize=384m,-XX:+HeapDumpOnOutOfMemoryError,-Xms256m,-Xmx512m,-Dfile.encoding=utf8,-Duser.country=SE,-Duser.language=sv,-Duser.variant]

  Looking for a different daemon...
The client will now receive all logging from the daemon (pid: 28009). The daemon log file: /Users/aiw.robson/.gradle/daemon/8.5/daemon-28009.out.log
Starting 14th build in daemon [uptime: 29 mins 59.244 secs, performance: 100%, GC rate: 0.00/s, heap usage: 2% of 512 MiB, non-heap usage: 22% of 384 MiB]
Using 10 worker leases.
Now considering [/Users/aiw.robson/Documents/Projects/ElectricalAge2, /Users/aiw.robson/Documents/Projects/ElectricalAge4] as hierarchies to watch
Watching the file system is configured to be enabled if available
File system watching is active
Starting Build
Settings evaluated using settings file '/Users/aiw.robson/Documents/Projects/ElectricalAge2/settings.gradle'.
Projects loaded. Root project using build file '/Users/aiw.robson/Documents/Projects/ElectricalAge2/build.gradle'.
Included projects: [root project 'ElectricalAge']

> Configure project :
Evaluating root project 'ElectricalAge' using build file '/Users/aiw.robson/Documents/Projects/ElectricalAge2/build.gradle'.
Using Kotlin Gradle Plugin gradle82 variant
kotlin scripting plugin: created the scripting discovery configuration: kotlinScriptDef
kotlin scripting plugin: created the scripting discovery configuration: testKotlinScriptDef
Java: 21.0.9 JVM: 21.0.9+10-LTS (Eclipse Adoptium) Arch: aarch64
Downloading net.minecraftforge:forge:1.20.1-47.2.0:userdev
Downloading net.minecraftforge:forge:1.20.1-47.2.0:universal@jar
Downloading net.minecraftforge:forge:1.20.1-47.2.0:sources@jar
Downloading de.oceanlabs.mcp:mcp_config:1.20.1-20230612.114412@zip
Starting process 'command '/usr/libexec/java_home''. Working directory: /Users/aiw.robson/.gradle/daemon/8.5 Command: /usr/libexec/java_home -V
Successfully started process 'command '/usr/libexec/java_home''
Downloading de.oceanlabs.mcp:mcp_config:1.20.1@zip
Downloading de.oceanlabs.mcp:mcp_config:1.20.1@zip
Creating reobfuscation task for JarJar task: jarJar
All projects evaluated.
Task name matched 'compileKotlin'
Selected primary task 'compileKotlin' from project :
Tasks to be executed: [task ':checkKotlinGradlePluginConfigurationErrors', task ':compileKotlin']
Tasks that were excluded: []
Resolve mutations for :checkKotlinGradlePluginConfigurationErrors (Thread[#1175,Execution worker,5,main]) started.
:checkKotlinGradlePluginConfigurationErrors (Thread[#1175,Execution worker,5,main]) started.

> Task :checkKotlinGradlePluginConfigurationErrors
Caching disabled for task ':checkKotlinGradlePluginConfigurationErrors' because:
  Build cache is disabled
Task ':checkKotlinGradlePluginConfigurationErrors' is not up-to-date because:
  Task has not declared any outputs despite executing actions.
Resolve mutations for :compileKotlin (Thread[#1175,Execution worker,5,main]) started.
:compileKotlin (Thread[#1175,Execution worker,5,main]) started.

> Task :compileKotlin
Downloading net.minecraft:mappings_official:1.20.1@zip
Downloading net.minecraft:mappings_official:1.20.1@zip
Downloading net.minecraft:mappings_official:1.20.1@zip
Downloading net.minecraft:mappings_official:1.20.1@zip
Downloading net.minecraft:mappings_official:1.20.1@zip
Downloading net.minecraft:mappings_official:1.20.1@zip
Transforming kotlin-stdlib-jdk7-1.9.22.jar with ClasspathEntrySnapshotTransform
Transforming kotlinx-serialization-core-jvm-1.6.2.jar with ClasspathEntrySnapshotTransform
Transforming kotlinx-serialization-json-jvm-1.6.2.jar with ClasspathEntrySnapshotTransform
Transforming kotlin-stdlib-1.9.22.jar with ClasspathEntrySnapshotTransform
Transforming kotlin-stdlib-jdk8-1.9.22.jar with ClasspathEntrySnapshotTransform
Transforming commons-math3-3.6.1.jar with ClasspathEntrySnapshotTransform
Transforming forge-1.20.1-47.2.0_mapped_official_1.20.1-recomp.jar with ClasspathEntrySnapshotTransform
Transforming client-extra.jar with ClasspathEntrySnapshotTransform
Transforming fmlloader-1.20.1-47.2.0.jar with ClasspathEntrySnapshotTransform
Transforming JarJarSelector-0.3.19.jar with ClasspathEntrySnapshotTransform
Transforming JarJarMetadata-0.3.19.jar with ClasspathEntrySnapshotTransform
Transforming guava-31.1-jre.jar with ClasspathEntrySnapshotTransform
Transforming jsr305-3.0.2.jar with ClasspathEntrySnapshotTransform
Transforming java-objc-bridge-1.1.jar with ClasspathEntrySnapshotTransform
Transforming forgespi-7.0.1.jar with ClasspathEntrySnapshotTransform
Transforming mergetool-1.1.5-api.jar with ClasspathEntrySnapshotTransform
Transforming annotations-24.0.1.jar with ClasspathEntrySnapshotTransform
Transforming securejarhandler-2.1.10.jar with ClasspathEntrySnapshotTransform
Transforming modlauncher-10.0.9.jar with ClasspathEntrySnapshotTransform
Transforming nashorn-core-15.3.jar with ClasspathEntrySnapshotTransform
Transforming asm-commons-9.5.jar with ClasspathEntrySnapshotTransform
Transforming asm-util-9.5.jar with ClasspathEntrySnapshotTransform
Transforming asm-analysis-9.5.jar with ClasspathEntrySnapshotTransform
Transforming asm-tree-9.5.jar with ClasspathEntrySnapshotTransform
Transforming asm-9.5.jar with ClasspathEntrySnapshotTransform
Transforming accesstransformers-8.0.4.jar with ClasspathEntrySnapshotTransform
Transforming antlr4-4.9.1.jar with ClasspathEntrySnapshotTransform
Transforming antlr4-runtime-4.9.1.jar with ClasspathEntrySnapshotTransform
Transforming fmlcore-1.20.1-47.2.0.jar with ClasspathEntrySnapshotTransform
Transforming eventbus-6.0.5.jar with ClasspathEntrySnapshotTransform
Transforming coremods-5.0.1.jar with ClasspathEntrySnapshotTransform
Transforming unsafe-0.2.0.jar with ClasspathEntrySnapshotTransform
Transforming toml-3.6.4.jar with ClasspathEntrySnapshotTransform
Transforming core-3.6.4.jar with ClasspathEntrySnapshotTransform
Transforming maven-artifact-3.8.5.jar with ClasspathEntrySnapshotTransform
Transforming typetools-0.6.3.jar with ClasspathEntrySnapshotTransform
Transforming terminalconsoleappender-1.2.0.jar with ClasspathEntrySnapshotTransform
Transforming jline-reader-3.12.1.jar with ClasspathEntrySnapshotTransform
Transforming jline-terminal-3.12.1.jar with ClasspathEntrySnapshotTransform
Transforming mixin-0.8.5.jar with ClasspathEntrySnapshotTransform
Transforming bootstraplauncher-1.1.2.jar with ClasspathEntrySnapshotTransform
Transforming JarJarFileSystems-0.3.19.jar with ClasspathEntrySnapshotTransform
Transforming fmlearlydisplay-1.20.1-47.2.0.jar with ClasspathEntrySnapshotTransform
Transforming javafmllanguage-1.20.1-47.2.0.jar with ClasspathEntrySnapshotTransform
Transforming lowcodelanguage-1.20.1-47.2.0.jar with ClasspathEntrySnapshotTransform
Transforming mclanguage-1.20.1-47.2.0.jar with ClasspathEntrySnapshotTransform
Transforming oshi-core-6.2.2.jar with ClasspathEntrySnapshotTransform
Transforming gson-2.10.jar with ClasspathEntrySnapshotTransform
Transforming failureaccess-1.0.1.jar with ClasspathEntrySnapshotTransform
Transforming icu4j-71.1.jar with ClasspathEntrySnapshotTransform
Transforming authlib-4.0.43.jar with ClasspathEntrySnapshotTransform
Transforming blocklist-1.0.10.jar with ClasspathEntrySnapshotTransform
Transforming brigadier-1.1.8.jar with ClasspathEntrySnapshotTransform
Transforming datafixerupper-6.0.8.jar with ClasspathEntrySnapshotTransform
Transforming logging-1.1.1.jar with ClasspathEntrySnapshotTransform
Transforming patchy-2.2.10.jar with ClasspathEntrySnapshotTransform
Transforming text2speech-1.17.9.jar with ClasspathEntrySnapshotTransform
Transforming httpclient-4.5.13.jar with ClasspathEntrySnapshotTransform
Transforming commons-codec-1.15.jar with ClasspathEntrySnapshotTransform
Transforming commons-io-2.11.0.jar with ClasspathEntrySnapshotTransform
Transforming commons-logging-1.2.jar with ClasspathEntrySnapshotTransform
Transforming netty-handler-4.1.82.Final.jar with ClasspathEntrySnapshotTransform
Transforming netty-codec-4.1.82.Final.jar with ClasspathEntrySnapshotTransform
Transforming netty-transport-classes-epoll-4.1.82.Final.jar with ClasspathEntrySnapshotTransform
Transforming netty-transport-native-unix-common-4.1.82.Final.jar with ClasspathEntrySnapshotTransform
Transforming netty-transport-4.1.82.Final.jar with ClasspathEntrySnapshotTransform
Transforming netty-buffer-4.1.82.Final.jar with ClasspathEntrySnapshotTransform
Transforming netty-resolver-4.1.82.Final.jar with ClasspathEntrySnapshotTransform
Transforming netty-common-4.1.82.Final.jar with ClasspathEntrySnapshotTransform
Transforming fastutil-8.5.9.jar with ClasspathEntrySnapshotTransform
Transforming jna-platform-5.12.1.jar with ClasspathEntrySnapshotTransform
Transforming jna-5.12.1.jar with ClasspathEntrySnapshotTransform
Transforming jopt-simple-5.0.4.jar with ClasspathEntrySnapshotTransform
Transforming commons-compress-1.21.jar with ClasspathEntrySnapshotTransform
Transforming commons-lang3-3.12.0.jar with ClasspathEntrySnapshotTransform
Transforming httpcore-4.4.15.jar with ClasspathEntrySnapshotTransform
Transforming log4j-core-2.19.0.jar with ClasspathEntrySnapshotTransform
Transforming log4j-slf4j2-impl-2.19.0.jar with ClasspathEntrySnapshotTransform
Transforming log4j-api-2.19.0.jar with ClasspathEntrySnapshotTransform
Transforming joml-1.10.5.jar with ClasspathEntrySnapshotTransform
Transforming lwjgl-glfw-3.3.1.jar with ClasspathEntrySnapshotTransform
Transforming lwjgl-glfw-3.3.1-natives-macos.jar with ClasspathEntrySnapshotTransform
Transforming lwjgl-glfw-3.3.1-natives-macos-arm64.jar with ClasspathEntrySnapshotTransform
Transforming lwjgl-jemalloc-3.3.1.jar with ClasspathEntrySnapshotTransform
Transforming lwjgl-jemalloc-3.3.1-natives-macos.jar with ClasspathEntrySnapshotTransform
Transforming lwjgl-jemalloc-3.3.1-natives-macos-arm64.jar with ClasspathEntrySnapshotTransform
Transforming lwjgl-openal-3.3.1.jar with ClasspathEntrySnapshotTransform
Transforming lwjgl-openal-3.3.1-natives-macos.jar with ClasspathEntrySnapshotTransform
Transforming lwjgl-openal-3.3.1-natives-macos-arm64.jar with ClasspathEntrySnapshotTransform
Transforming lwjgl-opengl-3.3.1.jar with ClasspathEntrySnapshotTransform
Transforming lwjgl-opengl-3.3.1-natives-macos.jar with ClasspathEntrySnapshotTransform
Transforming lwjgl-opengl-3.3.1-natives-macos-arm64.jar with ClasspathEntrySnapshotTransform
Transforming lwjgl-stb-3.3.1.jar with ClasspathEntrySnapshotTransform
Transforming lwjgl-stb-3.3.1-natives-macos.jar with ClasspathEntrySnapshotTransform
Transforming lwjgl-stb-3.3.1-natives-macos-arm64.jar with ClasspathEntrySnapshotTransform
Transforming lwjgl-tinyfd-3.3.1.jar with ClasspathEntrySnapshotTransform
Transforming lwjgl-tinyfd-3.3.1-natives-macos.jar with ClasspathEntrySnapshotTransform
Transforming lwjgl-tinyfd-3.3.1-natives-macos-arm64.jar with ClasspathEntrySnapshotTransform
Transforming lwjgl-3.3.1.jar with ClasspathEntrySnapshotTransform
Transforming lwjgl-3.3.1-natives-macos.jar with ClasspathEntrySnapshotTransform
Transforming lwjgl-3.3.1-natives-macos-arm64.jar with ClasspathEntrySnapshotTransform
Transforming noexception-1.7.1.jar with ClasspathEntrySnapshotTransform
Transforming slf4j-api-2.0.1.jar with ClasspathEntrySnapshotTransform
Transforming plexus-utils-3.3.0.jar with ClasspathEntrySnapshotTransform
Transforming listenablefuture-9999.0-empty-to-avoid-conflict-with-guava.jar with ClasspathEntrySnapshotTransform
Transforming checker-qual-3.12.0.jar with ClasspathEntrySnapshotTransform
Transforming error_prone_annotations-2.11.0.jar with ClasspathEntrySnapshotTransform
Transforming j2objc-annotations-1.3.jar with ClasspathEntrySnapshotTransform
Transforming ST4-4.3.jar with ClasspathEntrySnapshotTransform
Transforming antlr-runtime-3.5.2.jar with ClasspathEntrySnapshotTransform
Transforming org.abego.treelayout.core-1.0.3.jar with ClasspathEntrySnapshotTransform
Transforming javax.json-1.0.4.jar with ClasspathEntrySnapshotTransform
Caching disabled for task ':compileKotlin' because:
  Build cache is disabled
Task ':compileKotlin' is not up-to-date because:
  Task has failed previously.
The input changes require a full rebuild for incremental task ':compileKotlin'.
Kotlin source files: /Users/aiw.robson/Documents/Projects/ElectricalAge2/src/main/kotlin/cofh/api/energy/IEnergyHandler.kt, /Users/aiw.robson/Documents/Projects/ElectricalAge2/src/main/kotlin/ic2/api/energy/tile/IEnergySource.kt, /Users/aiw.robson/Documents/Projects/ElectricalAge2/src/main/kotlin/ic2/api/energy/event/EnergyTileUnloadEvent.kt, /Users/aiw.robson/Documents/Projects/ElectricalAge2/src/main/kotlin/ic2/api/energy/event/EnergyTileLoadEvent.kt, /Users/aiw.robson/Documents/Projects/ElectricalAge2/src/main/kotlin/ic2/api/info/Info.kt, /Users/aiw.robson/Documents/Projects/ElectricalAge2/src/main/kotlin/cpw/mods/fml/common/Optional.kt, /Users/aiw.robson/Documents/Projects/ElectricalAge2/src/main/kotlin/cpw/mods/fml/common/FMLCommonHandler.kt, /Users/aiw.robson/Documents/Projects/ElectricalAge2/src/main/kotlin/cpw/mods/fml/relauncher/Side.kt, /Users/aiw.robson/Documents/Projects/ElectricalAge2/src/main/kotlin/cpw/mods/fml/relauncher/SideOnly.kt, /Users/aiw.robson/Documents/Projects/ElectricalAge2/src/main/kotlin/mods/eln/misc/RcRcInterpolator.kt, /Users/aiw.robson/Documents/Projects/ElectricalAge2/src/main/kotlin/mods/eln/misc/UtilsClient.kt, /Users/aiw.robson/Documents/Projects/ElectricalAge2/src/main/kotlin/mods/eln/misc/LegacyShims.kt, /Users/aiw.robson/Documents/Projects/ElectricalAge2/src/main/kotlin/mods/eln/misc/AnalyticsHandler.kt, /Users/aiw.robson/Documents/Projects/ElectricalAge2/src/main/kotlin/mods/eln/misc/IFunction.kt, /Users/aiw.robson/Documents/Projects/ElectricalAge2/src/main/kotlin/mods/eln/misc/RcInterpolator.kt, /Users/aiw.robson/Documents/Projects/ElectricalAge2/src/main/kotlin/mods/eln/misc/LinearFunction.kt, /Users/aiw.robson/Documents/Projects/ElectricalAge2/src/main/kotlin/mods/eln/misc/RecipesList.kt, /Users/aiw.robson/Documents/Projects/ElectricalAge2/src/main/kotlin/mods/eln/misc/PhysicalInterpolatorNoRebound.kt, /Users/aiw.robson/Documents/Projects/ElectricalAge2/src/main/kotlin/mods/eln/misc/BoundingBox.kt, /Users/aiw.robson/Documents/Projects/ElectricalAge2/src/main/kotlin/mods/eln/misc/Utils.kt, /Users/aiw.robson/Documents/Projects/ElectricalAge2/src/main/kotlin/mods/eln/misc/Player.kt, /Users/aiw.robson/Documents/Projects/ElectricalAge2/src/main/kotlin/mods/eln/misc/PlayerUtil.kt, /Users/aiw.robson/Documents/Projects/ElectricalAge2/src/main/kotlin/mods/eln/misc/HSLColor.kt, /Users/aiw.robson/Documents/Projects/ElectricalAge2/src/main/kotlin/mods/eln/misc/BasicContainer.kt, /Users/aiw.robson/Documents/Projects/ElectricalAge2/src/main/kotlin/mods/eln/misc/ConfigCopyToolDescriptor.kt, /Users/aiw.robson/Documents/Projects/ElectricalAge2/src/main/kotlin/mods/eln/misc/LRDUMask.kt, /Users/aiw.robson/Documents/Projects/ElectricalAge2/src/main/kotlin/mods/eln/misc/FakeFluidHandler.kt, /Users/aiw.robson/Documents/Projects/ElectricalAge2/src/main/kotlin/mods/eln/misc/Recipe.kt, /Users/aiw.robson/Documents/Projects/ElectricalAge2/src/main/kotlin/mods/eln/misc/LRDU.kt, /Users/aiw.robson/Documents/Projects/ElectricalAge2/src/main/kotlin/mods/eln/misc/FunctionTableYProtect.kt, /Users/aiw.robson/Documents/Projects/ElectricalAge2/src/main/kotlin/mods/eln/misc/Errors.kt, /Users/aiw.robson/Documents/Projects/ElectricalAge2/src/main/kotlin/mods/eln/misc/TileEntityDestructor.kt, /Users/aiw.robson/Documents/Projects/ElectricalAge2/src/main/kotlin/mods/eln/misc/VoltageLevelColor.kt, /Users/aiw.robson/Documents/Projects/ElectricalAge2/src/main/kotlin/mods/eln/misc/Profiler.kt, /Users/aiw.robson/Documents/Projects/ElectricalAge2/src/main/kotlin/mods/eln/misc/INBTTReady.kt, /Users/aiw.robson/Documents/Projects/ElectricalAge2/src/main/kotlin/mods/eln/misc/Version.kt, /Users/aiw.robson/Documents/Projects/ElectricalAge2/src/main/kotlin/mods/eln/misc/SeriesFunction.kt, /Users/aiw.robson/Documents/Projects/ElectricalAge2/src/main/kotlin/mods/eln/misc/LRDUCubeMask.kt, /Users/aiw.robson/Documents/Projects/ElectricalAge2/src/main/kotlin/mods/eln/misc/Direction.kt, /Users/aiw.robson/Documents/Projects/ElectricalAge2/src/main/kotlin/mods/eln/misc/WindProcess.kt, /Users/aiw.robson/Documents/Projects/ElectricalAge2/src/main/kotlin/mods/eln/misc/FakeSideInventory.kt, /Users/aiw.robson/Documents/Projects/ElectricalAge2/src/main/kotlin/mods/eln/misc/FC.kt, /Users/aiw.robson/Documents/Projects/ElectricalAge2/src/main/kotlin/mods/eln/misc/ThermalParameters.kt, /Users/aiw.robson/Documents/Projects/ElectricalAge2/src/main/kotlin/mods/eln/misc/PhysicalInterpolator.kt, /Users/aiw.robson/Documents/Projects/ElectricalAge2/src/main/kotlin/mods/eln/misc/LiveDataManager.kt, /Users/aiw.robson/Documents/Projects/ElectricalAge2/src/main/kotlin/mods/eln/misc/FerromagneticCoreDescriptor.kt, /Users/aiw.robson/Documents/Projects/ElectricalAge2/src/main/kotlin/mods/eln/misc/IConfigSharing.kt, /Users/aiw.robson/Documents/Projects/ElectricalAge2/src/main/kotlin/mods/eln/misc/Coordinate.kt, /Users/aiw.robson/Documents/Projects/ElectricalAge2/src/main/kotlin/mods/eln/misc/FunctionTable.kt, /Users/aiw.robson/Documents/Projects/ElectricalAge2/src/main/kotlin/mods/eln/misc/SlewLimiter.kt, /Users/aiw.robson/Documents/Projects/ElectricalAge2/src/main/kotlin/mods/eln/misc/DirectionSet.kt, /Users/aiw.robson/Documents/Projects/ElectricalAge2/src/main/kotlin/mods/eln/misc/RealisticEnum.kt, /Users/aiw.robson/Documents/Projects/ElectricalAge2/src/main/kotlin/mods/eln/misc/GhostPowerNode.kt, /Users/aiw.robson/Documents/Projects/ElectricalAge2/src/main/kotlin/mods/eln/misc/GLUtil.kt, /Users/aiw.robson/Documents/Projects/ElectricalAge2/src/main/kotlin/mods/eln/init/Registration.kt, /Users/aiw.robson/Documents/Projects/ElectricalAge2/src/main/kotlin/mods/eln/registration/TransparentNodeRegistration.kt, /Users/aiw.robson/Documents/Projects/ElectricalAge2/src/main/kotlin/mods/eln/registration/ItemRegistration.kt, /Users/aiw.robson/Documents/Projects/ElectricalAge2/src/main/kotlin/mods/eln/registration/SixNodeRegistration.kt, /Users/aiw.robson/Documents/Projects/ElectricalAge2/src/main/kotlin/mods/eln/registration/SingleNodeRegistration.kt, /Users/aiw.robson/Documents/Projects/ElectricalAge2/src/main/kotlin/mods/eln/simplenode/DeviceProbe.kt, /Users/aiw.robson/Documents/Projects/ElectricalAge2/src/main/kotlin/mods/eln/simplenode/energyconverter/EnergyConverterElnToOtherFireWallRf.kt, /Users/aiw.robson/Documents/Projects/ElectricalAge2/src/main/kotlin/mods/eln/simplenode/energyconverter/EnergyConverterElnToOtherFireWallIc2.kt, /Users/aiw.robson/Documents/Projects/ElectricalAge2/src/main/kotlin/mods/eln/simplenode/energyconverter/EnergyConverterElnToOtherEntity.kt, /Users/aiw.robson/Documents/Projects/ElectricalAge2/src/main/kotlin/mods/eln/simplenode/energyconverter/EnergyConverterElnToOtherNode.kt, /Users/aiw.robson/Documents/Projects/ElectricalAge2/src/main/kotlin/mods/eln/simplenode/energyconverter/EnergyConverterElnToOtherFireWallOc.kt, /Users/aiw.robson/Documents/Projects/ElectricalAge2/src/main/kotlin/mods/eln/simplenode/energyconverter/EnergyConverterElnToOtherGui.kt, /Users/aiw.robson/Documents/Projects/ElectricalAge2/src/main/kotlin/mods/eln/simplenode/energyconverter/EnergyConverterElnToOtherBlock.kt, /Users/aiw.robson/Documents/Projects/ElectricalAge2/src/main/kotlin/mods/eln/simplenode/energyconverter/EnergyConverterElnToOtherDescriptor.kt, /Users/aiw.robson/Documents/Projects/ElectricalAge2/src/main/kotlin/mods/eln/simplenode/ConduitBlock.kt, /Users/aiw.robson/Documents/Projects/ElectricalAge2/src/main/kotlin/mods/eln/hardware/PacketSerial.kt, /Users/aiw.robson/Documents/Projects/ElectricalAge2/src/main/kotlin/mods/eln/craft/CraftingRecipes.kt, /Users/aiw.robson/Documents/Projects/ElectricalAge2/src/main/kotlin/mods/eln/PacketHandler.kt, /Users/aiw.robson/Documents/Projects/ElectricalAge2/src/main/kotlin/mods/eln/CommonProxy.kt, /Users/aiw.robson/Documents/Projects/ElectricalAge2/src/main/kotlin/mods/eln/config/ConfigHandler.kt, /Users/aiw.robson/Documents/Projects/ElectricalAge2/src/main/kotlin/mods/eln/integration/waila/SixNodeWailaProvider.kt, /Users/aiw.robson/Documents/Projects/ElectricalAge2/src/main/kotlin/mods/eln/integration/waila/SixNodeWailaData.kt, /Users/aiw.robson/Documents/Projects/ElectricalAge2/src/main/kotlin/mods/eln/integration/waila/SixNodeCoordonate.kt, /Users/aiw.robson/Documents/Projects/ElectricalAge2/src/main/kotlin/mods/eln/integration/waila/TransparentNodeWailaProvider.kt, /Users/aiw.robson/Documents/Projects/ElectricalAge2/src/main/kotlin/mods/eln/integration/waila/GhostNodeWailaProvider.kt, /Users/aiw.robson/Documents/Projects/ElectricalAge2/src/main/kotlin/mods/eln/integration/waila/GhostNodeWailaData.kt, /Users/aiw.robson/Documents/Projects/ElectricalAge2/src/main/kotlin/mods/eln/integration/waila/WailaCache.kt, /Users/aiw.robson/Documents/Projects/ElectricalAge2/src/main/kotlin/mods/eln/integration/waila/WailaIntegration.kt, /Users/aiw.robson/Documents/Projects/ElectricalAge2/src/main/kotlin/mods/eln/transparentnode/StreetLightWall.kt, /Users/aiw.robson/Documents/Projects/ElectricalAge2/src/main/kotlin/mods/eln/transparentnode/LargeRheostat.kt, /Users/aiw.robson/Documents/Projects/ElectricalAge2/src/main/kotlin/mods/eln/transparentnode/electricalantennarx/ElectricalAntennaRxRender.kt, /Users/aiw.robson/Documents/Projects/ElectricalAge2/src/main/kotlin/mods/eln/transparentnode/electricalantennarx/ElectricalAntennaRxDescriptor.kt, /Users/aiw.robson/Documents/Projects/ElectricalAge2/src/main/kotlin/mods/eln/transparentnode/electricalantennarx/ElectricalAntennaRxElement.kt, /Users/aiw.robson/Documents/Projects/ElectricalAge2/src/main/kotlin/mods/eln/transparentnode/ThermalHeatExchanger.kt, /Users/aiw.robson/Documents/Projects/ElectricalAge2/src/main/kotlin/mods/eln/transparentnode/powerinductor/PowerInductorDescriptor.kt, /Users/aiw.robson/Documents/Projects/ElectricalAge2/src/main/kotlin/mods/eln/transparentnode/powerinductor/PowerInductorRender.kt, /Users/aiw.robson/Documents/Projects/ElectricalAge2/src/main/kotlin/mods/eln/transparentnode/powerinductor/PowerInductorElement.kt, /Users/aiw.robson/Documents/Projects/ElectricalAge2/src/main/kotlin/mods/eln/transparentnode/thermaldissipator/ThermalDissipatorActiveDescriptor.kt, /Users/aiw.robson/Documents/Projects/ElectricalAge2/src/main/kotlin/mods/eln/transparentnode/thermaldissipator/ThermalDissipatorActiveElement.kt, /Users/aiw.robson/Documents/Projects/ElectricalAge2/src/main/kotlin/mods/eln/transparentnode/thermaldissipator/ThermalDissipatorPassiveDescriptor.kt, /Users/aiw.robson/Documents/Projects/ElectricalAge2/src/main/kotlin/mods/eln/transparentnode/thermaldissipator/ThermalDissipatorPassiveElement.kt, /Users/aiw.robson/Documents/Projects/ElectricalAge2/src/main/kotlin/mods/eln/transparentnode/thermaldissipator/ThermalDissipatorPassiveRender.kt, /Users/aiw.robson/Documents/Projects/ElectricalAge2/src/main/kotlin/mods/eln/transparentnode/thermaldissipator/ThermalDissipatorActiveRender.kt, /Users/aiw.robson/Documents/Projects/ElectricalAge2/src/main/kotlin/mods/eln/transparentnode/turret/TurretElement.kt, /Users/aiw.robson/Documents/Projects/ElectricalAge2/src/main/kotlin/mods/eln/transparentnode/turret/TurretDescriptor.kt, /Users/aiw.robson/Documents/Projects/ElectricalAge2/src/main/kotlin/mods/eln/transparentnode/turret/TurretRender.kt, /Users/aiw.robson/Documents/Projects/ElectricalAge2/src/main/kotlin/mods/eln/transparentnode/electricalfurnace/ElectricalFurnaceDescriptor.kt, /Users/aiw.robson/Documents/Projects/ElectricalAge2/src/main/kotlin/mods/eln/transparentnode/electricalfurnace/ElectricalFurnaceRender.kt, /Users/aiw.robson/Documents/Projects/ElectricalAge2/src/main/kotlin/mods/eln/transparentnode/electricalfurnace/ElectricalFurnaceElement.kt, /Users/aiw.robson/Documents/Projects/ElectricalAge2/src/main/kotlin/mods/eln/transparentnode/Floodlight.kt, /Users/aiw.robson/Documents/Projects/ElectricalAge2/src/main/kotlin/mods/eln/transparentnode/eggincubator/EggIncubatorRender.kt, /Users/aiw.robson/Documents/Projects/ElectricalAge2/src/main/kotlin/mods/eln/transparentnode/eggincubator/EggIncubatorElement.kt, /Users/aiw.robson/Documents/Projects/ElectricalAge2/src/main/kotlin/mods/eln/transparentnode/eggincubator/EggIncubatorDescriptor.kt, /Users/aiw.robson/Documents/Projects/ElectricalAge2/src/main/kotlin/mods/eln/transparentnode/FuelGenerator.kt, /Users/aiw.robson/Documents/Projects/ElectricalAge2/src/main/kotlin/mods/eln/transparentnode/themralheatexchanger/ThermalHeatExchangerRender.kt, /Users/aiw.robson/Documents/Projects/ElectricalAge2/src/main/kotlin/mods/eln/transparentnode/themralheatexchanger/ThermalHeatExchangerElement.kt, /Users/aiw.robson/Documents/Projects/ElectricalAge2/src/main/kotlin/mods/eln/transparentnode/themralheatexchanger/ThermalHeatExchangerDescriptor.kt, /Users/aiw.robson/Documents/Projects/ElectricalAge2/src/main/kotlin/mods/eln/transparentnode/powercapacitor/PowerCapacitorDescriptor.kt, /Users/aiw.robson/Documents/Projects/ElectricalAge2/src/main/kotlin/mods/eln/transparentnode/powercapacitor/PowerCapacitorRender.kt, /Users/aiw.robson/Documents/Projects/ElectricalAge2/src/main/kotlin/mods/eln/transparentnode/powercapacitor/PowerCapacitorElement.kt, /Users/aiw.robson/Documents/Projects/ElectricalAge2/src/main/kotlin/mods/eln/transparentnode/VariableDcDc.kt, /Users/aiw.robson/Documents/Projects/ElectricalAge2/src/main/kotlin/mods/eln/transparentnode/LegacyDcDc.kt, /Users/aiw.robson/Documents/Projects/ElectricalAge2/src/main/kotlin/mods/eln/transparentnode/DcDc.kt, /Users/aiw.robson/Documents/Projects/ElectricalAge2/src/main/kotlin/mods/eln/transparentnode/NixieTube.kt, /Users/aiw.robson/Documents/Projects/ElectricalAge2/src/main/kotlin/mods/eln/transparentnode/FuelHeatFurnace.kt, /Users/aiw.robson/Documents/Projects/ElectricalAge2/src/main/kotlin/mods/eln/transparentnode/windturbine/WindTurbineElement.kt, /Users/aiw.robson/Documents/Projects/ElectricalAge2/src/main/kotlin/mods/eln/transparentnode/windturbine/WindTurbineDescriptor.kt, /Users/aiw.robson/Documents/Projects/ElectricalAge2/src/main/kotlin/mods/eln/transparentnode/windturbine/WindTurbineRender.kt, /Users/aiw.robson/Documents/Projects/ElectricalAge2/src/main/kotlin/mods/eln/transparentnode/electricalmachine/CompressorElement.kt, /Users/aiw.robson/Documents/Projects/ElectricalAge2/src/main/kotlin/mods/eln/transparentnode/electricalmachine/ElectricalMachineDescriptor.kt, /Users/aiw.robson/Documents/Projects/ElectricalAge2/src/main/kotlin/mods/eln/transparentnode/electricalmachine/ElectricalMachineElement.kt, /Users/aiw.robson/Documents/Projects/ElectricalAge2/src/main/kotlin/mods/eln/transparentnode/electricalmachine/MagnetizerDescriptor.kt, /Users/aiw.robson/Documents/Projects/ElectricalAge2/src/main/kotlin/mods/eln/transparentnode/electricalmachine/CompressorDescriptor.kt, /Users/aiw.robson/Documents/Projects/ElectricalAge2/src/main/kotlin/mods/eln/transparentnode/electricalmachine/MagnetizerElement.kt, /Users/aiw.robson/Documents/Projects/ElectricalAge2/src/main/kotlin/mods/eln/transparentnode/electricalmachine/ElectricalMachineRender.kt, /Users/aiw.robson/Documents/Projects/ElectricalAge2/src/main/kotlin/mods/eln/transparentnode/electricalmachine/CompressorRender.kt, /Users/aiw.robson/Documents/Projects/ElectricalAge2/src/main/kotlin/mods/eln/transparentnode/electricalmachine/MagnetizerRender.kt, /Users/aiw.robson/Documents/Projects/ElectricalAge2/src/main/kotlin/mods/eln/transparentnode/electricalantennatx/ElectricalAntennaTxElement.kt, /Users/aiw.robson/Documents/Projects/ElectricalAge2/src/main/kotlin/mods/eln/transparentnode/electricalantennatx/ElectricalAntennaTxRender.kt, /Users/aiw.robson/Documents/Projects/ElectricalAge2/src/main/kotlin/mods/eln/transparentnode/electricalantennatx/ElectricalAntennaTxDescriptor.kt, /Users/aiw.robson/Documents/Projects/ElectricalAge2/src/main/kotlin/mods/eln/transparentnode/teleporter/TeleporterElement.kt, /Users/aiw.robson/Documents/Projects/ElectricalAge2/src/main/kotlin/mods/eln/transparentnode/teleporter/ITeleporter.kt, /Users/aiw.robson/Documents/Projects/ElectricalAge2/src/main/kotlin/mods/eln/transparentnode/teleporter/TeleporterDescriptor.kt, /Users/aiw.robson/Documents/Projects/ElectricalAge2/src/main/kotlin/mods/eln/transparentnode/teleporter/TeleporterRender.kt, /Users/aiw.robson/Documents/Projects/ElectricalAge2/src/main/kotlin/mods/eln/transparentnode/autominer/AutoMinerRender.kt, /Users/aiw.robson/Documents/Projects/ElectricalAge2/src/main/kotlin/mods/eln/transparentnode/autominer/AutoMinerElement.kt, /Users/aiw.robson/Documents/Projects/ElectricalAge2/src/main/kotlin/mods/eln/transparentnode/autominer/AutoMinerDescriptor.kt, /Users/aiw.robson/Documents/Projects/ElectricalAge2/src/main/kotlin/mods/eln/transparentnode/Fabricator.kt, /Users/aiw.robson/Documents/Projects/ElectricalAge2/src/main/kotlin/mods/eln/transparentnode/festive/StringLights.kt, /Users/aiw.robson/Documents/Projects/ElectricalAge2/src/main/kotlin/mods/eln/transparentnode/festive/FestiveElement.kt, /Users/aiw.robson/Documents/Projects/ElectricalAge2/src/main/kotlin/mods/eln/transparentnode/festive/ChristmasTree.kt, /Users/aiw.robson/Documents/Projects/ElectricalAge2/src/main/kotlin/mods/eln/transparentnode/festive/HolidayCandle.kt, /Users/aiw.robson/Documents/Projects/ElectricalAge2/src/main/kotlin/mods/eln/transparentnode/heatfurnace/HeatFurnaceRender.kt, /Users/aiw.robson/Documents/Projects/ElectricalAge2/src/main/kotlin/mods/eln/transparentnode/heatfurnace/HeatFurnaceDescriptor.kt, /Users/aiw.robson/Documents/Projects/ElectricalAge2/src/main/kotlin/mods/eln/transparentnode/heatfurnace/HeatFurnaceElement.kt, /Users/aiw.robson/Documents/Projects/ElectricalAge2/src/main/kotlin/mods/eln/transparentnode/solarpanel/SolarPanelDescriptor.kt, /Users/aiw.robson/Documents/Projects/ElectricalAge2/src/main/kotlin/mods/eln/transparentnode/solarpanel/SolarPanelElement.kt, /Users/aiw.robson/Documents/Projects/ElectricalAge2/src/main/kotlin/mods/eln/transparentnode/solarpanel/SolarPanelRender.kt, /Users/aiw.robson/Documents/Projects/ElectricalAge2/src/main/kotlin/mods/eln/transparentnode/battery/BatteryDescriptor.kt, /Users/aiw.robson/Documents/Projects/ElectricalAge2/src/main/kotlin/mods/eln/transparentnode/battery/BatteryRender.kt, /Users/aiw.robson/Documents/Projects/ElectricalAge2/src/main/kotlin/mods/eln/transparentnode/battery/BatteryGuiDraw.kt, /Users/aiw.robson/Documents/Projects/ElectricalAge2/src/main/kotlin/mods/eln/transparentnode/battery/BatteryElement.kt, /Users/aiw.robson/Documents/Projects/ElectricalAge2/src/main/kotlin/mods/eln/transparentnode/LampSupplyElement.kt, /Users/aiw.robson/Documents/Projects/ElectricalAge2/src/main/kotlin/mods/eln/transparentnode/waterturbine/WaterTurbineElement.kt, /Users/aiw.robson/Documents/Projects/ElectricalAge2/src/main/kotlin/mods/eln/transparentnode/waterturbine/WaterTurbineRender.kt, /Users/aiw.robson/Documents/Projects/ElectricalAge2/src/main/kotlin/mods/eln/transparentnode/waterturbine/WaterTurbineDescriptor.kt, /Users/aiw.robson/Documents/Projects/ElectricalAge2/src/main/kotlin/mods/eln/transparentnode/ArcFurnace.kt, /Users/aiw.robson/Documents/Projects/ElectricalAge2/src/main/kotlin/mods/eln/transparentnode/turbine/TurbineDescriptor.kt, /Users/aiw.robson/Documents/Projects/ElectricalAge2/src/main/kotlin/mods/eln/transparentnode/turbine/TurbineElement.kt, /Users/aiw.robson/Documents/Projects/ElectricalAge2/src/main/kotlin/mods/eln/transparentnode/turbine/TurbineRender.kt, /Users/aiw.robson/Documents/Projects/ElectricalAge2/src/main/kotlin/mods/eln/wiki/Data.kt, /Users/aiw.robson/Documents/Projects/ElectricalAge2/src/main/kotlin/mods/eln/server/SaveConfig.kt, /Users/aiw.robson/Documents/Projects/ElectricalAge2/src/main/kotlin/mods/eln/server/DelayedTaskManager.kt, /Users/aiw.robson/Documents/Projects/ElectricalAge2/src/main/kotlin/mods/eln/server/ElnWorldStorage.kt, /Users/aiw.robson/Documents/Projects/ElectricalAge2/src/main/kotlin/mods/eln/server/ServerEventListener.kt, /Users/aiw.robson/Documents/Projects/ElectricalAge2/src/main/kotlin/mods/eln/server/DelayedBlockRemove.kt, /Users/aiw.robson/Documents/Projects/ElectricalAge2/src/main/kotlin/mods/eln/server/OreRegenerate.kt, /Users/aiw.robson/Documents/Projects/ElectricalAge2/src/main/kotlin/mods/eln/server/console/ElnConsoleCommands.kt, /Users/aiw.robson/Documents/Projects/ElectricalAge2/src/main/kotlin/mods/eln/server/console/ElnConsoleHandler.kt, /Users/aiw.robson/Documents/Projects/ElectricalAge2/src/main/kotlin/mods/eln/server/console/IConsoleCommand.kt, /Users/aiw.robson/Documents/Projects/ElectricalAge2/src/main/kotlin/mods/eln/server/console/UserPermission.kt, /Users/aiw.robson/Documents/Projects/ElectricalAge2/src/main/kotlin/mods/eln/Achievements.kt, /Users/aiw.robson/Documents/Projects/ElectricalAge2/src/main/kotlin/mods/eln/solver/OperatorMapperA.kt, /Users/aiw.robson/Documents/Projects/ElectricalAge2/src/main/kotlin/mods/eln/solver/OperatorMapperAB.kt, /Users/aiw.robson/Documents/Projects/ElectricalAge2/src/main/kotlin/mods/eln/solver/OperatorMapperFunc.kt, /Users/aiw.robson/Documents/Projects/ElectricalAge2/src/main/kotlin/mods/eln/solver/Constant.kt, /Users/aiw.robson/Documents/Projects/ElectricalAge2/src/main/kotlin/mods/eln/solver/ISymbole.kt, /Users/aiw.robson/Documents/Projects/ElectricalAge2/src/main/kotlin/mods/eln/solver/IOperator.kt, /Users/aiw.robson/Documents/Projects/ElectricalAge2/src/main/kotlin/mods/eln/solver/ConstSymbole.kt, /Users/aiw.robson/Documents/Projects/ElectricalAge2/src/main/kotlin/mods/eln/solver/IValue.kt, /Users/aiw.robson/Documents/Projects/ElectricalAge2/src/main/kotlin/mods/eln/solver/OperatorAB.kt, /Users/aiw.robson/Documents/Projects/ElectricalAge2/src/main/kotlin/mods/eln/solver/IOperatorMapper.kt, /Users/aiw.robson/Documents/Projects/ElectricalAge2/src/main/kotlin/mods/eln/solver/OperatorMapperBracket.kt, /Users/aiw.robson/Documents/Projects/ElectricalAge2/src/main/kotlin/mods/eln/solver/Equation.kt, /Users/aiw.robson/Documents/Projects/ElectricalAge2/src/main/kotlin/mods/eln/ServerKeyHandler.kt, /Users/aiw.robson/Documents/Projects/ElectricalAge2/src/main/kotlin/mods/eln/fluid/BucketHandler.kt, /Users/aiw.robson/Documents/Projects/ElectricalAge2/src/main/kotlin/mods/eln/fluid/ElementSidedFluidHandler.kt, /Users/aiw.robson/Documents/Projects/ElectricalAge2/src/main/kotlin/mods/eln/fluid/ElnFluidRegistry.kt, /Users/aiw.robson/Documents/Projects/ElectricalAge2/src/main/kotlin/mods/eln/fluid/BlockElnFluid.kt, /Users/aiw.robson/Documents/Projects/ElectricalAge2/src/main/kotlin/mods/eln/fluid/ElementFluidHandler.kt, /Users/aiw.robson/Documents/Projects/ElectricalAge2/src/main/kotlin/mods/eln/fluid/PreciseElementSidedFluidHandler.kt, /Users/aiw.robson/Documents/Projects/ElectricalAge2/src/main/kotlin/mods/eln/fluid/FuelRegistry.kt, /Users/aiw.robson/Documents/Projects/ElectricalAge2/src/main/kotlin/mods/eln/fluid/PreciseElementFluidHandler.kt, /Users/aiw.robson/Documents/Projects/ElectricalAge2/src/main/kotlin/mods/eln/fluid/TankData.kt, /Users/aiw.robson/Documents/Projects/ElectricalAge2/src/main/kotlin/mods/eln/fluid/FluidRegistration.kt, /Users/aiw.robson/Documents/Projects/ElectricalAge2/src/main/kotlin/mods/eln/ghost/GhostManager.kt, /Users/aiw.robson/Documents/Projects/ElectricalAge2/src/main/kotlin/mods/eln/ghost/GhostManagerNbt.kt, /Users/aiw.robson/Documents/Projects/ElectricalAge2/src/main/kotlin/mods/eln/ghost/GhostBlock.kt, /Users/aiw.robson/Documents/Projects/ElectricalAge2/src/main/kotlin/mods/eln/ghost/GhostElement.kt, /Users/aiw.robson/Documents/Projects/ElectricalAge2/src/main/kotlin/mods/eln/ghost/GhostGroup.kt, /Users/aiw.robson/Documents/Projects/ElectricalAge2/src/main/kotlin/mods/eln/ghost/GhostObserver.kt, /Users/aiw.robson/Documents/Projects/ElectricalAge2/src/main/kotlin/mods/eln/Eln.kt, /Users/aiw.robson/Documents/Projects/ElectricalAge2/src/main/kotlin/mods/eln/cable/CableRenderDescriptor.kt, /Users/aiw.robson/Documents/Projects/ElectricalAge2/src/main/kotlin/mods/eln/cable/ElectricalCableDescriptor.kt, /Users/aiw.robson/Documents/Projects/ElectricalAge2/src/main/kotlin/mods/eln/cable/CableRenderType.kt, /Users/aiw.robson/Documents/Projects/ElectricalAge2/src/main/kotlin/mods/eln/cable/CopperCableDescriptor.kt, /Users/aiw.robson/Documents/Projects/ElectricalAge2/src/main/kotlin/mods/eln/cable/CableRender.kt, /Users/aiw.robson/Documents/Projects/ElectricalAge2/src/main/kotlin/mods/eln/item/ElectricalFuseDescriptor.kt, /Users/aiw.robson/Documents/Projects/ElectricalAge2/src/main/kotlin/mods/eln/item/BrushDescriptor.kt, /Users/aiw.robson/Documents/Projects/ElectricalAge2/src/main/kotlin/mods/eln/item/ThermalIsolatorElement.kt, /Users/aiw.robson/Documents/Projects/ElectricalAge2/src/main/kotlin/mods/eln/item/RegulatorSlot.kt, /Users/aiw.robson/Documents/Projects/ElectricalAge2/src/main/kotlin/mods/eln/item/ItemDefault.kt, /Users/aiw.robson/Documents/Projects/ElectricalAge2/src/main/kotlin/mods/eln/item/CombustionChamber.kt, /Users/aiw.robson/Documents/Projects/ElectricalAge2/src/main/kotlin/mods/eln/item/OreScanner.kt, /Users/aiw.robson/Documents/Projects/ElectricalAge2/src/main/kotlin/mods/eln/item/OverVoltageProtectionDescriptor.kt, /Users/aiw.robson/Documents/Projects/ElectricalAge2/src/main/kotlin/mods/eln/item/ItemAxeEln.kt, /Users/aiw.robson/Documents/Projects/ElectricalAge2/src/main/kotlin/mods/eln/item/MachineBoosterDescriptor.kt, /Users/aiw.robson/Documents/Projects/ElectricalAge2/src/main/kotlin/mods/eln/item/ConfigCopyToolDescriptor.kt, /Users/aiw.robson/Documents/Projects/ElectricalAge2/src/main/kotlin/mods/eln/item/OverHeatingProtectionDescriptor.kt, /Users/aiw.robson/Documents/Projects/ElectricalAge2/src/main/kotlin/mods/eln/item/IRegulatorDescriptor.kt, /Users/aiw.robson/Documents/Projects/ElectricalAge2/src/main/kotlin/mods/eln/item/regulator/RegulatorAnalogDescriptor.kt, /Users/aiw.robson/Documents/Projects/ElectricalAge2/src/main/kotlin/mods/eln/item/regulator/IRegulatorDescriptor.kt, /Users/aiw.robson/Documents/Projects/ElectricalAge2/src/main/kotlin/mods/eln/item/regulator/RegulatorOnOffDescriptor.kt, /Users/aiw.robson/Documents/Projects/ElectricalAge2/src/main/kotlin/mods/eln/item/BasicComponents.kt, /Users/aiw.robson/Documents/Projects/ElectricalAge2/src/main/kotlin/mods/eln/item/ElectricalDrillDescriptor.kt, /Users/aiw.robson/Documents/Projects/ElectricalAge2/src/main/kotlin/mods/eln/item/LampDescriptor.kt, /Users/aiw.robson/Documents/Projects/ElectricalAge2/src/main/kotlin/mods/eln/item/IConfigurable.kt, /Users/aiw.robson/Documents/Projects/ElectricalAge2/src/main/kotlin/mods/eln/item/SolarTrackerDescriptor.kt, /Users/aiw.robson/Documents/Projects/ElectricalAge2/src/main/kotlin/mods/eln/item/GenericItemUsingDamageDescriptorResource.kt, /Users/aiw.robson/Documents/Projects/ElectricalAge2/src/main/kotlin/mods/eln/item/EntitySensorFilterDescriptor.kt, /Users/aiw.robson/Documents/Projects/ElectricalAge2/src/main/kotlin/mods/eln/item/electricalitem/LampItem.kt, /Users/aiw.robson/Documents/Projects/ElectricalAge2/src/main/kotlin/mods/eln/item/electricalitem/ElectricalArmor.kt, /Users/aiw.robson/Documents/Projects/ElectricalAge2/src/main/kotlin/mods/eln/item/electricalitem/ElectricalLampItem.kt, /Users/aiw.robson/Documents/Projects/ElectricalAge2/src/main/kotlin/mods/eln/item/electricalitem/ElectricalTool.kt, /Users/aiw.robson/Documents/Projects/ElectricalAge2/src/main/kotlin/mods/eln/item/electricalitem/ElectricalPickaxe.kt, /Users/aiw.robson/Documents/Projects/ElectricalAge2/src/main/kotlin/mods/eln/item/electricalitem/BatteryItem.kt, /Users/aiw.robson/Documents/Projects/ElectricalAge2/src/main/kotlin/mods/eln/item/electricalitem/PortableOreScannerItem.kt, /Users/aiw.robson/Documents/Projects/ElectricalAge2/src/main/kotlin/mods/eln/item/electricalitem/ElectricalAxe.kt, /Users/aiw.robson/Documents/Projects/ElectricalAge2/src/main/kotlin/mods/eln/item/MiningPipeDescriptor.kt, /Users/aiw.robson/Documents/Projects/ElectricalAge2/src/main/kotlin/mods/eln/item/HeatingCorpElement.kt, /Users/aiw.robson/Documents/Projects/ElectricalAge2/src/main/kotlin/mods/eln/item/FerromagneticCoreDescriptor.kt, /Users/aiw.robson/Documents/Projects/ElectricalAge2/src/main/kotlin/mods/eln/item/DielectricItem.kt, /Users/aiw.robson/Documents/Projects/ElectricalAge2/src/main/kotlin/mods/eln/item/ItemMovingHelper.kt, /Users/aiw.robson/Documents/Projects/ElectricalAge2/src/main/kotlin/mods/eln/item/GenericItemUsingDamageDescriptorUpgrade.kt, /Users/aiw.robson/Documents/Projects/ElectricalAge2/src/main/kotlin/mods/eln/item/TreeResin.kt, /Users/aiw.robson/Documents/Projects/ElectricalAge2/src/main/kotlin/mods/eln/item/ItemPickaxeEln.kt, /Users/aiw.robson/Documents/Projects/ElectricalAge2/src/main/kotlin/mods/eln/item/FuelBurnerDescriptor.kt, /Users/aiw.robson/Documents/Projects/ElectricalAge2/src/main/kotlin/mods/eln/item/CaseItemDescriptor.kt, /Users/aiw.robson/Documents/Projects/ElectricalAge2/src/main/kotlin/mods/eln/item/GraphiteDescriptor.kt, /Users/aiw.robson/Documents/Projects/ElectricalAge2/src/main/kotlin/mods/eln/item/OreItem.kt, /Users/aiw.robson/Documents/Projects/ElectricalAge2/src/main/kotlin/mods/eln/packets/SixNodeWailaRequestPacket.kt, /Users/aiw.robson/Documents/Projects/ElectricalAge2/src/main/kotlin/mods/eln/packets/TransparentNodeResponsePacket.kt, /Users/aiw.robson/Documents/Projects/ElectricalAge2/src/main/kotlin/mods/eln/packets/TransparentNodeRequestPacketHandler.kt, /Users/aiw.robson/Documents/Projects/ElectricalAge2/src/main/kotlin/mods/eln/packets/SixNodeWailaResponsePacketHandler.kt, /Users/aiw.robson/Documents/Projects/ElectricalAge2/src/main/kotlin/mods/eln/packets/TransparentNodeRequestPacket.kt, /Users/aiw.robson/Documents/Projects/ElectricalAge2/src/main/kotlin/mods/eln/packets/TransparentNodeResponsePacketHandler.kt, /Users/aiw.robson/Documents/Projects/ElectricalAge2/src/main/kotlin/mods/eln/packets/GhostNodeWailaResponsePacketHandler.kt, /Users/aiw.robson/Documents/Projects/ElectricalAge2/src/main/kotlin/mods/eln/packets/GhostNodeWailaRequestPacketHandler.kt, /Users/aiw.robson/Documents/Projects/ElectricalAge2/src/main/kotlin/mods/eln/packets/SixNodeWailaResponsePacket.kt, /Users/aiw.robson/Documents/Projects/ElectricalAge2/src/main/kotlin/mods/eln/packets/GhostNodeWailaRequestPacket.kt, /Users/aiw.robson/Documents/Projects/ElectricalAge2/src/main/kotlin/mods/eln/packets/AchievePacket.kt, /Users/aiw.robson/Documents/Projects/ElectricalAge2/src/main/kotlin/mods/eln/packets/Compatibility.kt, /Users/aiw.robson/Documents/Projects/ElectricalAge2/src/main/kotlin/mods/eln/packets/AchievePacketHandler.kt, /Users/aiw.robson/Documents/Projects/ElectricalAge2/src/main/kotlin/mods/eln/packets/GhostNodeWailaResponsePacket.kt, /Users/aiw.robson/Documents/Projects/ElectricalAge2/src/main/kotlin/mods/eln/packets/SixNodeWailaRequestPacketHandler.kt, /Users/aiw.robson/Documents/Projects/ElectricalAge2/src/main/kotlin/mods/eln/mechanical/Turbines.kt, /Users/aiw.robson/Documents/Projects/ElectricalAge2/src/main/kotlin/mods/eln/mechanical/Flywheel.kt, /Users/aiw.robson/Documents/Projects/ElectricalAge2/src/main/kotlin/mods/eln/mechanical/Generator.kt, /Users/aiw.robson/Documents/Projects/ElectricalAge2/src/main/kotlin/mods/eln/mechanical/CrankableShaft.kt, /Users/aiw.robson/Documents/Projects/ElectricalAge2/src/main/kotlin/mods/eln/mechanical/StraightJoint.kt, /Users/aiw.robson/Documents/Projects/ElectricalAge2/src/main/kotlin/mods/eln/mechanical/RadialMotor.kt, /Users/aiw.robson/Documents/Projects/ElectricalAge2/src/main/kotlin/mods/eln/mechanical/SimpleShaft.kt, /Users/aiw.robson/Documents/Projects/ElectricalAge2/src/main/kotlin/mods/eln/mechanical/Motor.kt, /Users/aiw.robson/Documents/Projects/ElectricalAge2/src/main/kotlin/mods/eln/mechanical/VerticalHub.kt, /Users/aiw.robson/Documents/Projects/ElectricalAge2/src/main/kotlin/mods/eln/mechanical/JointHub.kt, /Users/aiw.robson/Documents/Projects/ElectricalAge2/src/main/kotlin/mods/eln/mechanical/FixedShaft.kt, /Users/aiw.robson/Documents/Projects/ElectricalAge2/src/main/kotlin/mods/eln/mechanical/ShaftNetwork.kt, /Users/aiw.robson/Documents/Projects/ElectricalAge2/src/main/kotlin/mods/eln/mechanical/RollingShaftMachine.kt, /Users/aiw.robson/Documents/Projects/ElectricalAge2/src/main/kotlin/mods/eln/mechanical/Tachometer.kt, /Users/aiw.robson/Documents/Projects/ElectricalAge2/src/main/kotlin/mods/eln/mechanical/Clutch.kt, /Users/aiw.robson/Documents/Projects/ElectricalAge2/src/main/kotlin/mods/eln/gui/GuiItemStack.kt, /Users/aiw.robson/Documents/Projects/ElectricalAge2/src/main/kotlin/mods/eln/gui/HelperStdContainer.kt, /Users/aiw.robson/Documents/Projects/ElectricalAge2/src/main/kotlin/mods/eln/gui/GuiHelperContainer.kt, /Users/aiw.robson/Documents/Projects/ElectricalAge2/src/main/kotlin/mods/eln/gui/GuiVerticalExtender.kt, /Users/aiw.robson/Documents/Projects/ElectricalAge2/src/main/kotlin/mods/eln/gui/GuiHelper.kt, /Users/aiw.robson/Documents/Projects/ElectricalAge2/src/main/kotlin/mods/eln/gui/SlotFilter.kt, /Users/aiw.robson/Documents/Projects/ElectricalAge2/src/main/kotlin/mods/eln/gui/ISlotSkin.kt, /Users/aiw.robson/Documents/Projects/ElectricalAge2/src/main/kotlin/mods/eln/gui/SlotWithSkin.kt, /Users/aiw.robson/Documents/Projects/ElectricalAge2/src/main/kotlin/mods/eln/gui/IGuiObject.kt, /Users/aiw.robson/Documents/Projects/ElectricalAge2/src/main/kotlin/mods/eln/gui/GuiTextFieldEln.kt, /Users/aiw.robson/Documents/Projects/ElectricalAge2/src/main/kotlin/mods/eln/gui/GuiVerticalProgressBar.kt, /Users/aiw.robson/Documents/Projects/ElectricalAge2/src/main/kotlin/mods/eln/gui/ScreenEln.kt, /Users/aiw.robson/Documents/Projects/ElectricalAge2/src/main/kotlin/mods/eln/gui/GuiContainerEln.kt, /Users/aiw.robson/Documents/Projects/ElectricalAge2/src/main/kotlin/mods/eln/gui/IItemStackFilter.kt, /Users/aiw.robson/Documents/Projects/ElectricalAge2/src/main/kotlin/mods/eln/gui/GuiVerticalCustomValuesBar.kt, /Users/aiw.robson/Documents/Projects/ElectricalAge2/src/main/kotlin/mods/eln/gui/INodeContainer.kt, /Users/aiw.robson/Documents/Projects/ElectricalAge2/src/main/kotlin/mods/eln/gui/GuiLabel.kt, /Users/aiw.robson/Documents/Projects/ElectricalAge2/src/main/kotlin/mods/eln/gui/ItemStackFilter.kt, /Users/aiw.robson/Documents/Projects/ElectricalAge2/src/main/kotlin/mods/eln/gui/Synchronizable.kt, /Users/aiw.robson/Documents/Projects/ElectricalAge2/src/main/kotlin/mods/eln/gui/GuiVerticalTrackBarHeat.kt, /Users/aiw.robson/Documents/Projects/ElectricalAge2/src/main/kotlin/mods/eln/gui/SlotWithSkinAndComment.kt, /Users/aiw.robson/Documents/Projects/ElectricalAge2/src/main/kotlin/mods/eln/gui/GuiButtonEln.kt, /Users/aiw.robson/Documents/Projects/ElectricalAge2/src/main/kotlin/mods/eln/gui/GuiVerticalTrackBar.kt, /Users/aiw.robson/Documents/Projects/ElectricalAge2/src/main/kotlin/mods/eln/generic/genericArmorItem.kt, /Users/aiw.robson/Documents/Projects/ElectricalAge2/src/main/kotlin/mods/eln/generic/GenericItemBlockUsingDamageDescriptor.kt, /Users/aiw.robson/Documents/Projects/ElectricalAge2/src/main/kotlin/mods/eln/generic/GenericItemUsingDamageSlot.kt, /Users/aiw.robson/Documents/Projects/ElectricalAge2/src/main/kotlin/mods/eln/generic/GenericItemUsingDamageDescriptorWithComment.kt, /Users/aiw.robson/Documents/Projects/ElectricalAge2/src/main/kotlin/mods/eln/generic/GenericItemBlockUsingDamage.kt, /Users/aiw.robson/Documents/Projects/ElectricalAge2/src/main/kotlin/mods/eln/generic/GenericItemRegistry.kt, /Users/aiw.robson/Documents/Projects/ElectricalAge2/src/main/kotlin/mods/eln/generic/GenericItemUsingDamageDescriptor.kt, /Users/aiw.robson/Documents/Projects/ElectricalAge2/src/main/kotlin/mods/eln/Other.kt, /Users/aiw.robson/Documents/Projects/ElectricalAge2/src/main/kotlin/mods/eln/node/NodeBlock.kt, /Users/aiw.robson/Documents/Projects/ElectricalAge2/src/main/kotlin/mods/eln/node/NodeBlockEntity.kt, /Users/aiw.robson/Documents/Projects/ElectricalAge2/src/main/kotlin/mods/eln/node/NodeEntityClientSender.kt, /Users/aiw.robson/Documents/Projects/ElectricalAge2/src/main/kotlin/mods/eln/node/published.kt, /Users/aiw.robson/Documents/Projects/ElectricalAge2/src/main/kotlin/mods/eln/node/transparent/TransparentNodeBlock.kt, /Users/aiw.robson/Documents/Projects/ElectricalAge2/src/main/kotlin/mods/eln/node/transparent/TransparentNodeElement.kt, /Users/aiw.robson/Documents/Projects/ElectricalAge2/src/main/kotlin/mods/eln/node/transparent/TransparentNodeEntityWithFluid.kt, /Users/aiw.robson/Documents/Projects/ElectricalAge2/src/main/kotlin/mods/eln/node/transparent/TransparentNodeElementInventory.kt, /Users/aiw.robson/Documents/Projects/ElectricalAge2/src/main/kotlin/mods/eln/node/transparent/TransparentNodeElementRender.kt, /Users/aiw.robson/Documents/Projects/ElectricalAge2/src/main/kotlin/mods/eln/node/transparent/TransparentNodeEntity.kt, /Users/aiw.robson/Documents/Projects/ElectricalAge2/src/main/kotlin/mods/eln/node/transparent/TransparentNode.kt, /Users/aiw.robson/Documents/Projects/ElectricalAge2/src/main/kotlin/mods/eln/node/transparent/EntityMetaTag.kt, /Users/aiw.robson/Documents/Projects/ElectricalAge2/src/main/kotlin/mods/eln/node/transparent/TransparentNodeItem.kt, /Users/aiw.robson/Documents/Projects/ElectricalAge2/src/main/kotlin/mods/eln/node/transparent/TransparentNodeDescriptor.kt, /Users/aiw.robson/Documents/Projects/ElectricalAge2/src/main/kotlin/mods/eln/node/transparent/TransparentNodeEntityWithSiededInv.kt, /Users/aiw.robson/Documents/Projects/ElectricalAge2/src/main/kotlin/mods/eln/node/transparent/TransparentNodeRender.kt, /Users/aiw.robson/Documents/Projects/ElectricalAge2/src/main/kotlin/mods/eln/node/NodeManagerNbt.kt, /Users/aiw.robson/Documents/Projects/ElectricalAge2/src/main/kotlin/mods/eln/node/IThermalDestructorDescriptor.kt, /Users/aiw.robson/Documents/Projects/ElectricalAge2/src/main/kotlin/mods/eln/node/Node.kt, /Users/aiw.robson/Documents/Projects/ElectricalAge2/src/main/kotlin/mods/eln/node/simple/DescriptorManager.kt, /Users/aiw.robson/Documents/Projects/ElectricalAge2/src/main/kotlin/mods/eln/node/simple/SimpleNodeItem.kt, /Users/aiw.robson/Documents/Projects/ElectricalAge2/src/main/kotlin/mods/eln/node/simple/SimpleNodeBlock.kt, /Users/aiw.robson/Documents/Projects/ElectricalAge2/src/main/kotlin/mods/eln/node/simple/DescriptorBase.kt, /Users/aiw.robson/Documents/Projects/ElectricalAge2/src/main/kotlin/mods/eln/node/simple/SimpleNode.kt, /Users/aiw.robson/Documents/Projects/ElectricalAge2/src/main/kotlin/mods/eln/node/simple/SimpleNodeEntity.kt, /Users/aiw.robson/Documents/Projects/ElectricalAge2/src/main/kotlin/mods/eln/node/NodeServer.kt, /Users/aiw.robson/Documents/Projects/ElectricalAge2/src/main/kotlin/mods/eln/node/NodeManager.kt, /Users/aiw.robson/Documents/Projects/ElectricalAge2/src/main/kotlin/mods/eln/node/NodePeriodicPublishProcess.kt, /Users/aiw.robson/Documents/Projects/ElectricalAge2/src/main/kotlin/mods/eln/node/AutoAcceptInventoryProxy.kt, /Users/aiw.robson/Documents/Projects/ElectricalAge2/src/main/kotlin/mods/eln/node/INodeContainer.kt, /Users/aiw.robson/Documents/Projects/ElectricalAge2/src/main/kotlin/mods/eln/node/INodeEntity.kt, /Users/aiw.robson/Documents/Projects/ElectricalAge2/src/main/kotlin/mods/eln/node/ITileEntitySpawnClient.kt, /Users/aiw.robson/Documents/Projects/ElectricalAge2/src/main/kotlin/mods/eln/node/Synchronizable.kt, /Users/aiw.robson/Documents/Projects/ElectricalAge2/src/main/kotlin/mods/eln/node/NodeConnection.kt, /Users/aiw.robson/Documents/Projects/ElectricalAge2/src/main/kotlin/mods/eln/node/IVoltageDestructorDescriptor.kt, /Users/aiw.robson/Documents/Projects/ElectricalAge2/src/main/kotlin/mods/eln/node/INodeElement.kt, /Users/aiw.robson/Documents/Projects/ElectricalAge2/src/main/kotlin/mods/eln/node/NodeBase.kt, /Users/aiw.robson/Documents/Projects/ElectricalAge2/src/main/kotlin/mods/eln/node/NodeBlockItem.kt, /Users/aiw.robson/Documents/Projects/ElectricalAge2/src/main/kotlin/mods/eln/node/six/SixNodeElementRender.kt, /Users/aiw.robson/Documents/Projects/ElectricalAge2/src/main/kotlin/mods/eln/node/six/SixNodeBlock.kt, /Users/aiw.robson/Documents/Projects/ElectricalAge2/src/main/kotlin/mods/eln/node/six/SixNode.kt, /Users/aiw.robson/Documents/Projects/ElectricalAge2/src/main/kotlin/mods/eln/node/six/SixNodeDescriptor.kt, /Users/aiw.robson/Documents/Projects/ElectricalAge2/src/main/kotlin/mods/eln/node/six/SixNodeElementInventory.kt, /Users/aiw.robson/Documents/Projects/ElectricalAge2/src/main/kotlin/mods/eln/node/six/SixNodeItemSlot.kt, /Users/aiw.robson/Documents/Projects/ElectricalAge2/src/main/kotlin/mods/eln/node/six/SixNodeEntity.kt, /Users/aiw.robson/Documents/Projects/ElectricalAge2/src/main/kotlin/mods/eln/node/six/SixNodeElement.kt, /Users/aiw.robson/Documents/Projects/ElectricalAge2/src/main/kotlin/mods/eln/node/six/SixNodeItem.kt, /Users/aiw.robson/Documents/Projects/ElectricalAge2/src/main/kotlin/mods/eln/node/six/SixNodeRender.kt, /Users/aiw.robson/Documents/Projects/ElectricalAge2/src/main/kotlin/mods/eln/node/six/SixNodeCacheStd.kt, /Users/aiw.robson/Documents/Projects/ElectricalAge2/src/main/kotlin/mods/eln/node/ISixNodeCache.kt, /Users/aiw.robson/Documents/Projects/ElectricalAge2/src/main/kotlin/mods/eln/node/GhostNode.kt, /Users/aiw.robson/Documents/Projects/ElectricalAge2/src/main/kotlin/mods/eln/i18n/I18N.kt, /Users/aiw.robson/Documents/Projects/ElectricalAge2/src/main/kotlin/mods/eln/ore/OreDescriptor.kt, /Users/aiw.robson/Documents/Projects/ElectricalAge2/src/main/kotlin/mods/eln/ore/OreBlock.kt, /Users/aiw.robson/Documents/Projects/ElectricalAge2/src/main/kotlin/mods/eln/ore/OreItem.kt, /Users/aiw.robson/Documents/Projects/ElectricalAge2/src/main/kotlin/mods/eln/sim/nbt/NbtBatterySlowProcess.kt, /Users/aiw.robson/Documents/Projects/ElectricalAge2/src/main/kotlin/mods/eln/sim/nbt/NbtBatteryProcess.kt, /Users/aiw.robson/Documents/Projects/ElectricalAge2/src/main/kotlin/mods/eln/sim/BatteryProcess.kt, /Users/aiw.robson/Documents/Projects/ElectricalAge2/src/main/kotlin/mods/eln/sim/fsm/StateMachine.kt, /Users/aiw.robson/Documents/Projects/ElectricalAge2/src/main/kotlin/mods/eln/sim/fsm/State.kt, /Users/aiw.robson/Documents/Projects/ElectricalAge2/src/main/kotlin/mods/eln/sim/fsm/CompositeState.kt, /Users/aiw.robson/Documents/Projects/ElectricalAge2/src/main/kotlin/mods/eln/sim/mna/CurrentSourceTest.kt, /Users/aiw.robson/Documents/Projects/ElectricalAge2/src/main/kotlin/mods/eln/sim/StackMachineProcess.kt, /Users/aiw.robson/Documents/Projects/ElectricalAge2/src/main/kotlin/mods/eln/sim/BatterySlowProcess.kt, /Users/aiw.robson/Documents/Projects/ElectricalAge2/src/main/kotlin/mods/eln/sim/process/destruct/DelayedDestruction.kt, /Users/aiw.robson/Documents/Projects/ElectricalAge2/src/main/kotlin/mods/eln/sim/process/destruct/ThermalLoadWatchDog.kt, /Users/aiw.robson/Documents/Projects/ElectricalAge2/src/main/kotlin/mods/eln/sim/process/destruct/ValueWatchdog.kt, /Users/aiw.robson/Documents/Projects/ElectricalAge2/src/main/kotlin/mods/eln/sim/process/destruct/Mechanical.kt, /Users/aiw.robson/Documents/Projects/ElectricalAge2/src/main/kotlin/mods/eln/sim/process/destruct/BipoleVoltageWatchdog.kt, /Users/aiw.robson/Documents/Projects/ElectricalAge2/src/main/kotlin/mods/eln/sim/process/destruct/WorldExplosion.kt, /Users/aiw.robson/Documents/Projects/ElectricalAge2/src/main/kotlin/mods/eln/sim/process/destruct/ResistorPowerWatchdog.kt, /Users/aiw.robson/Documents/Projects/ElectricalAge2/src/main/kotlin/mods/eln/sim/process/destruct/VoltageStateWatchDog.kt, /Users/aiw.robson/Documents/Projects/ElectricalAge2/src/main/kotlin/mods/eln/sim/process/destruct/IDestructible.kt, /Users/aiw.robson/Documents/Projects/ElectricalAge2/src/main/kotlin/mods/eln/sim/process/heater/ElectricalLoadHeatThermalLoad.kt, /Users/aiw.robson/Documents/Projects/ElectricalAge2/src/main/kotlin/mods/eln/sim/process/RegulatorProcess.kt, /Users/aiw.robson/Documents/Projects/ElectricalAge2/src/main/kotlin/mods/eln/sound/LoopedSound.kt, /Users/aiw.robson/Documents/Projects/ElectricalAge2/src/main/kotlin/mods/eln/sound/IPlayer.kt, /Users/aiw.robson/Documents/Projects/ElectricalAge2/src/main/kotlin/mods/eln/sound/SoundClientEntity.kt, /Users/aiw.robson/Documents/Projects/ElectricalAge2/src/main/kotlin/mods/eln/sound/LoopedSoundManager.kt, /Users/aiw.robson/Documents/Projects/ElectricalAge2/src/main/kotlin/mods/eln/sound/SoundCommand.kt, /Users/aiw.robson/Documents/Projects/ElectricalAge2/src/main/kotlin/mods/eln/sound/SoundTrack.kt, /Users/aiw.robson/Documents/Projects/ElectricalAge2/src/main/kotlin/mods/eln/sound/SoundServer.kt, /Users/aiw.robson/Documents/Projects/ElectricalAge2/src/main/kotlin/mods/eln/sound/SoundClientEventListener.kt, /Users/aiw.robson/Documents/Projects/ElectricalAge2/src/main/kotlin/mods/eln/sound/SoundClient.kt, /Users/aiw.robson/Documents/Projects/ElectricalAge2/src/main/kotlin/mods/eln/client/SoundLoader.kt, /Users/aiw.robson/Documents/Projects/ElectricalAge2/src/main/kotlin/mods/eln/client/UuidManager.kt, /Users/aiw.robson/Documents/Projects/ElectricalAge2/src/main/kotlin/mods/eln/client/ClientKeyHandler.kt, /Users/aiw.robson/Documents/Projects/ElectricalAge2/src/main/kotlin/mods/eln/client/ClientProxy.kt, /Users/aiw.robson/Documents/Projects/ElectricalAge2/src/main/kotlin/mods/eln/client/IUuidEntity.kt, /Users/aiw.robson/Documents/Projects/ElectricalAge2/src/main/kotlin/mods/eln/sixnode/PowerCapacitor.kt, /Users/aiw.robson/Documents/Projects/ElectricalAge2/src/main/kotlin/mods/eln/sixnode/signalinductor/SignalInductorDescriptor.kt, /Users/aiw.robson/Documents/Projects/ElectricalAge2/src/main/kotlin/mods/eln/sixnode/signalinductor/SignalInductorRender.kt, /Users/aiw.robson/Documents/Projects/ElectricalAge2/src/main/kotlin/mods/eln/sixnode/signalinductor/SignalInductorElement.kt, /Users/aiw.robson/Documents/Projects/ElectricalAge2/src/main/kotlin/mods/eln/sixnode/lampsocket/LampSocketElement.kt, /Users/aiw.robson/Documents/Projects/ElectricalAge2/src/main/kotlin/mods/eln/sixnode/lampsocket/LampSocketType.kt, /Users/aiw.robson/Documents/Projects/ElectricalAge2/src/main/kotlin/mods/eln/sixnode/lampsocket/LampSocketRender.kt, /Users/aiw.robson/Documents/Projects/ElectricalAge2/src/main/kotlin/mods/eln/sixnode/lampsocket/LampSocketObjRender.kt, /Users/aiw.robson/Documents/Projects/ElectricalAge2/src/main/kotlin/mods/eln/sixnode/lampsocket/LampSocketGui.kt, /Users/aiw.robson/Documents/Projects/ElectricalAge2/src/main/kotlin/mods/eln/sixnode/lampsocket/LampSocketProcess.kt, /Users/aiw.robson/Documents/Projects/ElectricalAge2/src/main/kotlin/mods/eln/sixnode/lampsocket/LampSocketContainer.kt, /Users/aiw.robson/Documents/Projects/ElectricalAge2/src/main/kotlin/mods/eln/sixnode/lampsocket/LampSocketDescriptor.kt, /Users/aiw.robson/Documents/Projects/ElectricalAge2/src/main/kotlin/mods/eln/sixnode/PowerSinkSix.kt, /Users/aiw.robson/Documents/Projects/ElectricalAge2/src/main/kotlin/mods/eln/sixnode/PowerInductorSix.kt, /Users/aiw.robson/Documents/Projects/ElectricalAge2/src/main/kotlin/mods/eln/sixnode/genericcable/GenericCableDescriptor.kt, /Users/aiw.robson/Documents/Projects/ElectricalAge2/src/main/kotlin/mods/eln/sixnode/ConduitCableDescriptor.kt, /Users/aiw.robson/Documents/Projects/ElectricalAge2/src/main/kotlin/mods/eln/sixnode/ElectricalFuse.kt, /Users/aiw.robson/Documents/Projects/ElectricalAge2/src/main/kotlin/mods/eln/sixnode/ElectricalVuMeter.kt, /Users/aiw.robson/Documents/Projects/ElectricalAge2/src/main/kotlin/mods/eln/sixnode/powersocket/PowerSocketElement.kt, /Users/aiw.robson/Documents/Projects/ElectricalAge2/src/main/kotlin/mods/eln/sixnode/powersocket/PowerSocketGui.kt, /Users/aiw.robson/Documents/Projects/ElectricalAge2/src/main/kotlin/mods/eln/sixnode/powersocket/PowerSocketDescriptor.kt, /Users/aiw.robson/Documents/Projects/ElectricalAge2/src/main/kotlin/mods/eln/sixnode/powersocket/PowerSocketRender.kt, /Users/aiw.robson/Documents/Projects/ElectricalAge2/src/main/kotlin/mods/eln/sixnode/PortableNaN.kt, /Users/aiw.robson/Documents/Projects/ElectricalAge2/src/main/kotlin/mods/eln/sixnode/LogicGate.kt, /Users/aiw.robson/Documents/Projects/ElectricalAge2/src/main/kotlin/mods/eln/sixnode/EmergencyLamp.kt, /Users/aiw.robson/Documents/Projects/ElectricalAge2/src/main/kotlin/mods/eln/sixnode/CurrentSourceSix.kt, /Users/aiw.robson/Documents/Projects/ElectricalAge2/src/main/kotlin/mods/eln/sixnode/diode/DiodeDescriptor.kt, /Users/aiw.robson/Documents/Projects/ElectricalAge2/src/main/kotlin/mods/eln/sixnode/electricalfiredetector/ElectricalFireDetectorGui.kt, /Users/aiw.robson/Documents/Projects/ElectricalAge2/src/main/kotlin/mods/eln/sixnode/electricalfiredetector/ElectricalFireDetectorDescriptor.kt, /Users/aiw.robson/Documents/Projects/ElectricalAge2/src/main/kotlin/mods/eln/sixnode/electricalfiredetector/ElectricalFireDetectorContainer.kt, /Users/aiw.robson/Documents/Projects/ElectricalAge2/src/main/kotlin/mods/eln/sixnode/electricalfiredetector/ElectricalFireDetectorElement.kt, /Users/aiw.robson/Documents/Projects/ElectricalAge2/src/main/kotlin/mods/eln/sixnode/electricalfiredetector/ElectricalFireDetectorSlowProcess.kt, /Users/aiw.robson/Documents/Projects/ElectricalAge2/src/main/kotlin/mods/eln/sixnode/electricalfiredetector/ElectricalFireDetectorRender.kt, /Users/aiw.robson/Documents/Projects/ElectricalAge2/src/main/kotlin/mods/eln/sixnode/PowerSourceSix.kt, /Users/aiw.robson/Documents/Projects/ElectricalAge2/src/main/kotlin/mods/eln/sixnode/resistor/ResistorContainer.kt, /Users/aiw.robson/Documents/Projects/ElectricalAge2/src/main/kotlin/mods/eln/sixnode/Scanner.kt, /Users/aiw.robson/Documents/Projects/ElectricalAge2/src/main/kotlin/mods/eln/sixnode/AnalogChips.kt, /Users/aiw.robson/Documents/Projects/ElectricalAge2/src/main/kotlin/mods/eln/sixnode/currentcable/CurrentCable.kt, /Users/aiw.robson/Documents/Projects/ElectricalAge2/src/main/kotlin/mods/eln/sixnode/modbusrtu/ModbusTcpServer.kt, /Users/aiw.robson/Documents/Projects/ElectricalAge2/src/main/kotlin/mods/eln/sixnode/modbusrtu/IModbusSlave.kt, /Users/aiw.robson/Documents/Projects/ElectricalAge2/src/main/kotlin/mods/eln/sixnode/modbusrtu/IllegalAddressException.kt, /Users/aiw.robson/Documents/Projects/ElectricalAge2/src/main/kotlin/mods/eln/sixnode/electricalcable/ElectricalCableElement.kt, /Users/aiw.robson/Documents/Projects/ElectricalAge2/src/main/kotlin/mods/eln/sixnode/electricalcable/ElectricalCableDescriptor.kt, /Users/aiw.robson/Documents/Projects/ElectricalAge2/src/main/kotlin/mods/eln/sixnode/electricalcable/ElectricalSignalBusCableElement.kt, /Users/aiw.robson/Documents/Projects/ElectricalAge2/src/main/kotlin/mods/eln/sixnode/electricalcable/ElectricalCableRender.kt, /Users/aiw.robson/Documents/Projects/ElectricalAge2/src/main/kotlin/mods/eln/gridnode/GridElement.kt, /Users/aiw.robson/Documents/Projects/ElectricalAge2/src/main/kotlin/mods/eln/gridnode/GridLink.kt, /Users/aiw.robson/Documents/Projects/ElectricalAge2/src/main/kotlin/mods/eln/gridnode/transformer/GridTransformerRender.kt, /Users/aiw.robson/Documents/Projects/ElectricalAge2/src/main/kotlin/mods/eln/gridnode/transformer/GridTransformerElement.kt, /Users/aiw.robson/Documents/Projects/ElectricalAge2/src/main/kotlin/mods/eln/gridnode/transformer/GridTransformerDescriptor.kt, /Users/aiw.robson/Documents/Projects/ElectricalAge2/src/main/kotlin/mods/eln/gridnode/GridDescriptor.kt, /Users/aiw.robson/Documents/Projects/ElectricalAge2/src/main/kotlin/mods/eln/gridnode/GridRender.kt, /Users/aiw.robson/Documents/Projects/ElectricalAge2/src/main/kotlin/mods/eln/gridnode/electricalpole/ElectricalPoleDescriptor.kt, /Users/aiw.robson/Documents/Projects/ElectricalAge2/src/main/kotlin/mods/eln/gridnode/electricalpole/ElectricalPoleElement.kt, /Users/aiw.robson/Documents/Projects/ElectricalAge2/src/main/kotlin/mods/eln/gridnode/electricalpole/ElectricalPoleRender.kt, /Users/aiw.robson/Documents/Projects/ElectricalAge2/src/main/kotlin/mods/eln/gridnode/GridSwitch.kt, /Users/aiw.robson/Documents/Projects/ElectricalAge2/src/main/kotlin/mods/eln/block/ArcClayBlock.kt, /Users/aiw.robson/Documents/Projects/ElectricalAge2/src/main/kotlin/li/cil/oc/api/Network.kt, /Users/aiw.robson/Documents/Projects/ElectricalAge2/src/main/kotlin/li/cil/oc/api/network/Visibility.kt, /Users/aiw.robson/Documents/Projects/ElectricalAge2/src/main/kotlin/li/cil/oc/api/network/Environment.kt, /Users/aiw.robson/Documents/Projects/ElectricalAge2/src/main/kotlin/li/cil/oc/api/network/Connector.kt, /Users/aiw.robson/Documents/Projects/ElectricalAge2/src/main/kotlin/li/cil/oc/api/network/Node.kt, /Users/aiw.robson/Documents/Projects/ElectricalAge2/src/main/kotlin/li/cil/oc/api/network/Message.kt, /Users/aiw.robson/Documents/Projects/ElectricalAge2/src/main/java/mods/eln/sim/process/heater/ElectricalLoadHeatThermalLoad.kt, /Users/aiw.robson/Documents/Projects/ElectricalAge2/src/main/java/mods/eln/sixnode/currentrelay/CurrentRelay.kt
Java source files: /Users/aiw.robson/Documents/Projects/ElectricalAge2/src/main/java/mods/eln/misc/Obj3DFolder.java, /Users/aiw.robson/Documents/Projects/ElectricalAge2/src/main/java/mods/eln/misc/Obj3D.java, /Users/aiw.robson/Documents/Projects/ElectricalAge2/src/main/java/mods/eln/init/Registration.java, /Users/aiw.robson/Documents/Projects/ElectricalAge2/src/main/java/mods/eln/Tags.java, /Users/aiw.robson/Documents/Projects/ElectricalAge2/src/main/java/mods/eln/i18n/SourceCodeParser.java, /Users/aiw.robson/Documents/Projects/ElectricalAge2/src/main/java/mods/eln/i18n/LanguageFileGenerator.java, /Users/aiw.robson/Documents/Projects/ElectricalAge2/src/main/java/mods/eln/i18n/LanguageFileUpdater.java, /Users/aiw.robson/Documents/Projects/ElectricalAge2/src/main/java/mods/eln/i18n/I18N.java, /Users/aiw.robson/Documents/Projects/ElectricalAge2/src/main/java/mods/eln/i18n/TranslationItem.java, /Users/aiw.robson/Documents/Projects/ElectricalAge2/src/main/java/mods/eln/sim/ElectricalConnection.java, /Users/aiw.robson/Documents/Projects/ElectricalAge2/src/main/java/mods/eln/sim/PhysicalConstant.java, /Users/aiw.robson/Documents/Projects/ElectricalAge2/src/main/java/mods/eln/sim/ITimeRemoverObserver.java, /Users/aiw.robson/Documents/Projects/ElectricalAge2/src/main/java/mods/eln/sim/ThermalLoad.java, /Users/aiw.robson/Documents/Projects/ElectricalAge2/src/main/java/mods/eln/sim/nbt/NbtElectricalGateInputOutput.java, /Users/aiw.robson/Documents/Projects/ElectricalAge2/src/main/java/mods/eln/sim/nbt/NbtElectricalLoad.java, /Users/aiw.robson/Documents/Projects/ElectricalAge2/src/main/java/mods/eln/sim/nbt/NbtElectricalGateOutputProcess.java, /Users/aiw.robson/Documents/Projects/ElectricalAge2/src/main/java/mods/eln/sim/nbt/NbtThermalLoad.java, /Users/aiw.robson/Documents/Projects/ElectricalAge2/src/main/java/mods/eln/sim/nbt/NbtResistor.java, /Users/aiw.robson/Documents/Projects/ElectricalAge2/src/main/java/mods/eln/sim/nbt/NbtElectricalGateInput.java, /Users/aiw.robson/Documents/Projects/ElectricalAge2/src/main/java/mods/eln/sim/nbt/NbtFurnaceProcess.java, /Users/aiw.robson/Documents/Projects/ElectricalAge2/src/main/java/mods/eln/sim/nbt/NbtElectricalGateOutput.java, /Users/aiw.robson/Documents/Projects/ElectricalAge2/src/main/java/mods/eln/sim/ThermalResistor.java, /Users/aiw.robson/Documents/Projects/ElectricalAge2/src/main/java/mods/eln/sim/ThermalLoadInitializer.java, /Users/aiw.robson/Documents/Projects/ElectricalAge2/src/main/java/mods/eln/sim/NodeElectricalGateInputHysteresisProcess.java, /Users/aiw.robson/Documents/Projects/ElectricalAge2/src/main/java/mods/eln/sim/ResistorDescriptor.java, /Users/aiw.robson/Documents/Projects/ElectricalAge2/src/main/java/mods/eln/sim/ElectricalLoad.java, /Users/aiw.robson/Documents/Projects/ElectricalAge2/src/main/java/mods/eln/sim/DiodeProcess.java, /Users/aiw.robson/Documents/Projects/ElectricalAge2/src/main/java/mods/eln/sim/ElectricalStackMachineProcess.java, /Users/aiw.robson/Documents/Projects/ElectricalAge2/src/main/java/mods/eln/sim/ThermalLoadInitializerByPowerDrop.java, /Users/aiw.robson/Documents/Projects/ElectricalAge2/src/main/java/mods/eln/sim/RegulatorThermalLoadToElectricalResistor.java, /Users/aiw.robson/Documents/Projects/ElectricalAge2/src/main/java/mods/eln/sim/RegulatorFurnaceProcess.java, /Users/aiw.robson/Documents/Projects/ElectricalAge2/src/main/java/mods/eln/sim/mna/misc/IRootSystemPreStepProcess.java, /Users/aiw.robson/Documents/Projects/ElectricalAge2/src/main/java/mods/eln/sim/mna/misc/MnaConst.java, /Users/aiw.robson/Documents/Projects/ElectricalAge2/src/main/java/mods/eln/sim/mna/misc/ISubSystemProcessI.java, /Users/aiw.robson/Documents/Projects/ElectricalAge2/src/main/java/mods/eln/sim/mna/misc/ISubSystemProcessFlush.java, /Users/aiw.robson/Documents/Projects/ElectricalAge2/src/main/java/mods/eln/sim/mna/misc/IDestructor.java, /Users/aiw.robson/Documents/Projects/ElectricalAge2/src/main/java/mods/eln/sim/mna/component/ResistorSwitch.java, /Users/aiw.robson/Documents/Projects/ElectricalAge2/src/main/java/mods/eln/sim/mna/component/CurrentSource.java, /Users/aiw.robson/Documents/Projects/ElectricalAge2/src/main/java/mods/eln/sim/mna/component/IAbstractor.java, /Users/aiw.robson/Documents/Projects/ElectricalAge2/src/main/java/mods/eln/sim/mna/component/Transformer.java, /Users/aiw.robson/Documents/Projects/ElectricalAge2/src/main/java/mods/eln/sim/mna/component/Delay.java, /Users/aiw.robson/Documents/Projects/ElectricalAge2/src/main/java/mods/eln/sim/mna/component/Inductor.java, /Users/aiw.robson/Documents/Projects/ElectricalAge2/src/main/java/mods/eln/sim/mna/component/InterSystemAbstraction.java, /Users/aiw.robson/Documents/Projects/ElectricalAge2/src/main/java/mods/eln/sim/mna/component/Component.java, /Users/aiw.robson/Documents/Projects/ElectricalAge2/src/main/java/mods/eln/sim/mna/component/Monopole.java, /Users/aiw.robson/Documents/Projects/ElectricalAge2/src/main/java/mods/eln/sim/mna/component/Bipole.java, /Users/aiw.robson/Documents/Projects/ElectricalAge2/src/main/java/mods/eln/sim/mna/component/InterSystem.java, /Users/aiw.robson/Documents/Projects/ElectricalAge2/src/main/java/mods/eln/sim/mna/component/VoltageSource.java, /Users/aiw.robson/Documents/Projects/ElectricalAge2/src/main/java/mods/eln/sim/mna/component/Capacitor.java, /Users/aiw.robson/Documents/Projects/ElectricalAge2/src/main/java/mods/eln/sim/mna/component/PowerSource.java, /Users/aiw.robson/Documents/Projects/ElectricalAge2/src/main/java/mods/eln/sim/mna/component/Resistor.java, /Users/aiw.robson/Documents/Projects/ElectricalAge2/src/main/java/mods/eln/sim/mna/component/Line.java, /Users/aiw.robson/Documents/Projects/ElectricalAge2/src/main/java/mods/eln/sim/mna/state/VoltageState.java, /Users/aiw.robson/Documents/Projects/ElectricalAge2/src/main/java/mods/eln/sim/mna/state/VoltageStateLineReady.java, /Users/aiw.robson/Documents/Projects/ElectricalAge2/src/main/java/mods/eln/sim/mna/state/CurrentState.java, /Users/aiw.robson/Documents/Projects/ElectricalAge2/src/main/java/mods/eln/sim/mna/state/State.java, /Users/aiw.robson/Documents/Projects/ElectricalAge2/src/main/java/mods/eln/sim/mna/SubSystem.java, /Users/aiw.robson/Documents/Projects/ElectricalAge2/src/main/java/mods/eln/sim/mna/RootSystem.java, /Users/aiw.robson/Documents/Projects/ElectricalAge2/src/main/java/mods/eln/sim/mna/process/PowerSourceBipole.java, /Users/aiw.robson/Documents/Projects/ElectricalAge2/src/main/java/mods/eln/sim/mna/process/TransformerInterSystemProcess.java, /Users/aiw.robson/Documents/Projects/ElectricalAge2/src/main/java/mods/eln/sim/RegulatorType.java, /Users/aiw.robson/Documents/Projects/ElectricalAge2/src/main/java/mods/eln/sim/Simulator.java, /Users/aiw.robson/Documents/Projects/ElectricalAge2/src/main/java/mods/eln/sim/SignalRp.java, /Users/aiw.robson/Documents/Projects/ElectricalAge2/src/main/java/mods/eln/sim/FurnaceProcess.java, /Users/aiw.robson/Documents/Projects/ElectricalAge2/src/main/java/mods/eln/sim/ElectricalResistorHeatThermalLoad.java, /Users/aiw.robson/Documents/Projects/ElectricalAge2/src/main/java/mods/eln/sim/ResistorElement.java, /Users/aiw.robson/Documents/Projects/ElectricalAge2/src/main/java/mods/eln/sim/RegulatorProcess.java, /Users/aiw.robson/Documents/Projects/ElectricalAge2/src/main/java/mods/eln/sim/IProcess.java, /Users/aiw.robson/Documents/Projects/ElectricalAge2/src/main/java/mods/eln/sim/ResistorProcess.java, /Users/aiw.robson/Documents/Projects/ElectricalAge2/src/main/java/mods/eln/sim/ThermalConnection.java, /Users/aiw.robson/Documents/Projects/ElectricalAge2/src/main/java/mods/eln/sim/NodeVoltageState.java, /Users/aiw.robson/Documents/Projects/ElectricalAge2/src/main/java/mods/eln/sim/TimeRemover.java, /Users/aiw.robson/Documents/Projects/ElectricalAge2/src/main/java/mods/eln/sim/process/heater/ResistorHeatThermalLoad.java, /Users/aiw.robson/Documents/Projects/ElectricalAge2/src/main/java/mods/eln/sim/process/heater/DiodeHeatThermalLoad.java, /Users/aiw.robson/Documents/Projects/ElectricalAge2/src/main/java/mods/eln/sixnode/electricalsensor/ElectricalSensorElement.java, /Users/aiw.robson/Documents/Projects/ElectricalAge2/src/main/java/mods/eln/sixnode/electricalsensor/ElectricalSensorRender.java, /Users/aiw.robson/Documents/Projects/ElectricalAge2/src/main/java/mods/eln/sixnode/electricalsensor/ElectricalSensorProcess.java, /Users/aiw.robson/Documents/Projects/ElectricalAge2/src/main/java/mods/eln/sixnode/electricalsensor/ElectricalSensorGui.java, /Users/aiw.robson/Documents/Projects/ElectricalAge2/src/main/java/mods/eln/sixnode/electricalsensor/ElectricalSensorDescriptor.java, /Users/aiw.robson/Documents/Projects/ElectricalAge2/src/main/java/mods/eln/sixnode/electricalsensor/ElectricalSensorContainer.java, /Users/aiw.robson/Documents/Projects/ElectricalAge2/src/main/java/mods/eln/sixnode/wirelesssignal/source/WirelessSignalSourceElement.java, /Users/aiw.robson/Documents/Projects/ElectricalAge2/src/main/java/mods/eln/sixnode/wirelesssignal/source/WirelessSignalSourceRender.java, /Users/aiw.robson/Documents/Projects/ElectricalAge2/src/main/java/mods/eln/sixnode/wirelesssignal/source/WirelessSignalSourceDescriptor.java, /Users/aiw.robson/Documents/Projects/ElectricalAge2/src/main/java/mods/eln/sixnode/wirelesssignal/source/WirelessSignalSourceGui.java, /Users/aiw.robson/Documents/Projects/ElectricalAge2/src/main/java/mods/eln/sixnode/wirelesssignal/aggregator/ToogleAggregator.java, /Users/aiw.robson/Documents/Projects/ElectricalAge2/src/main/java/mods/eln/sixnode/wirelesssignal/aggregator/SmallerAggregator.java, /Users/aiw.robson/Documents/Projects/ElectricalAge2/src/main/java/mods/eln/sixnode/wirelesssignal/aggregator/IWirelessSignalAggregator.java, /Users/aiw.robson/Documents/Projects/ElectricalAge2/src/main/java/mods/eln/sixnode/wirelesssignal/aggregator/BiggerAggregator.java, /Users/aiw.robson/Documents/Projects/ElectricalAge2/src/main/java/mods/eln/sixnode/wirelesssignal/tx/WirelessSignalTxDescriptor.java, /Users/aiw.robson/Documents/Projects/ElectricalAge2/src/main/java/mods/eln/sixnode/wirelesssignal/tx/WirelessSignalTxElement.java, /Users/aiw.robson/Documents/Projects/ElectricalAge2/src/main/java/mods/eln/sixnode/wirelesssignal/tx/WirelessSignalTxRender.java, /Users/aiw.robson/Documents/Projects/ElectricalAge2/src/main/java/mods/eln/sixnode/wirelesssignal/tx/WirelessSignalTxGui.java, /Users/aiw.robson/Documents/Projects/ElectricalAge2/src/main/java/mods/eln/sixnode/wirelesssignal/WirelessUtils.java, /Users/aiw.robson/Documents/Projects/ElectricalAge2/src/main/java/mods/eln/sixnode/wirelesssignal/WirelessSignalAnalyserItemDescriptor.java, /Users/aiw.robson/Documents/Projects/ElectricalAge2/src/main/java/mods/eln/sixnode/wirelesssignal/IWirelessSignalSpot.java, /Users/aiw.robson/Documents/Projects/ElectricalAge2/src/main/java/mods/eln/sixnode/wirelesssignal/IWirelessSignalTx.java, /Users/aiw.robson/Documents/Projects/ElectricalAge2/src/main/java/mods/eln/sixnode/wirelesssignal/rx/WirelessSignalRxRender.java, /Users/aiw.robson/Documents/Projects/ElectricalAge2/src/main/java/mods/eln/sixnode/wirelesssignal/rx/WirelessSignalRxElement.java, /Users/aiw.robson/Documents/Projects/ElectricalAge2/src/main/java/mods/eln/sixnode/wirelesssignal/rx/WirelessSignalRxGui.java, /Users/aiw.robson/Documents/Projects/ElectricalAge2/src/main/java/mods/eln/sixnode/wirelesssignal/rx/WirelessSignalRxProcess.java, /Users/aiw.robson/Documents/Projects/ElectricalAge2/src/main/java/mods/eln/sixnode/wirelesssignal/rx/WirelessSignalRxDescriptor.java, /Users/aiw.robson/Documents/Projects/ElectricalAge2/src/main/java/mods/eln/sixnode/wirelesssignal/repeater/WirelessSignalRepeaterElement.java, /Users/aiw.robson/Documents/Projects/ElectricalAge2/src/main/java/mods/eln/sixnode/wirelesssignal/repeater/WirelessSignalRepeaterDescriptor.java, /Users/aiw.robson/Documents/Projects/ElectricalAge2/src/main/java/mods/eln/sixnode/wirelesssignal/repeater/WirelessSignalRepeaterRender.java, /Users/aiw.robson/Documents/Projects/ElectricalAge2/src/main/java/mods/eln/sixnode/wirelesssignal/repeater/WirelessSignalRepeaterProcess.java, /Users/aiw.robson/Documents/Projects/ElectricalAge2/src/main/java/mods/eln/sixnode/electricalbreaker/ElectricalBreakerRender.java, /Users/aiw.robson/Documents/Projects/ElectricalAge2/src/main/java/mods/eln/sixnode/electricalbreaker/ElectricalBreakerElement.java, /Users/aiw.robson/Documents/Projects/ElectricalAge2/src/main/java/mods/eln/sixnode/electricalbreaker/ElectricalBreakerContainer.java, /Users/aiw.robson/Documents/Projects/ElectricalAge2/src/main/java/mods/eln/sixnode/electricalbreaker/ElectricalBreakerDescriptor.java, /Users/aiw.robson/Documents/Projects/ElectricalAge2/src/main/java/mods/eln/sixnode/electricalbreaker/ElectricalBreakerGui.java, /Users/aiw.robson/Documents/Projects/ElectricalAge2/src/main/java/mods/eln/sixnode/electricalbreaker/ElectricalBreakerCutProcess.java, /Users/aiw.robson/Documents/Projects/ElectricalAge2/src/main/java/mods/eln/sixnode/electricalwindsensor/ElectricalWindSensorRender.java, /Users/aiw.robson/Documents/Projects/ElectricalAge2/src/main/java/mods/eln/sixnode/electricalwindsensor/ElectricalWindSensorSlowProcess.java, /Users/aiw.robson/Documents/Projects/ElectricalAge2/src/main/java/mods/eln/sixnode/electricalwindsensor/ElectricalWindSensorDescriptor.java, /Users/aiw.robson/Documents/Projects/ElectricalAge2/src/main/java/mods/eln/sixnode/electricalwindsensor/ElectricalWindSensorElement.java, /Users/aiw.robson/Documents/Projects/ElectricalAge2/src/main/java/mods/eln/sixnode/electricalswitch/ElectricalSwitchDescriptor.java, /Users/aiw.robson/Documents/Projects/ElectricalAge2/src/main/java/mods/eln/sixnode/electricalswitch/ElectricalSwitchRender.java, /Users/aiw.robson/Documents/Projects/ElectricalAge2/src/main/java/mods/eln/sixnode/electricalswitch/ElectricalSwitchElement.java, /Users/aiw.robson/Documents/Projects/ElectricalAge2/src/main/java/mods/eln/sixnode/thermalsensor/ThermalSensorGui.java, /Users/aiw.robson/Documents/Projects/ElectricalAge2/src/main/java/mods/eln/sixnode/thermalsensor/ThermalSensorProcess.java, /Users/aiw.robson/Documents/Projects/ElectricalAge2/src/main/java/mods/eln/sixnode/thermalsensor/ThermalSensorDescriptor.java, /Users/aiw.robson/Documents/Projects/ElectricalAge2/src/main/java/mods/eln/sixnode/thermalsensor/ThermalSensorRender.java, /Users/aiw.robson/Documents/Projects/ElectricalAge2/src/main/java/mods/eln/sixnode/thermalsensor/ThermalSensorContainer.java, /Users/aiw.robson/Documents/Projects/ElectricalAge2/src/main/java/mods/eln/sixnode/thermalsensor/ThermalSensorElement.java, /Users/aiw.robson/Documents/Projects/ElectricalAge2/src/main/java/mods/eln/sixnode/lampsupply/LampSupplyGui.java, /Users/aiw.robson/Documents/Projects/ElectricalAge2/src/main/java/mods/eln/sixnode/lampsupply/LampSupplyRender.java, /Users/aiw.robson/Documents/Projects/ElectricalAge2/src/main/java/mods/eln/sixnode/lampsupply/LampSupplyContainer.java, /Users/aiw.robson/Documents/Projects/ElectricalAge2/src/main/java/mods/eln/sixnode/lampsupply/LampSupplyElement.java, /Users/aiw.robson/Documents/Projects/ElectricalAge2/src/main/java/mods/eln/sixnode/lampsupply/LampSupplyDescriptor.java, /Users/aiw.robson/Documents/Projects/ElectricalAge2/src/main/java/mods/eln/sixnode/electricalentitysensor/ElectricalEntitySensorElement.java, /Users/aiw.robson/Documents/Projects/ElectricalAge2/src/main/java/mods/eln/sixnode/electricalentitysensor/ElectricalEntitySensorContainer.java, /Users/aiw.robson/Documents/Projects/ElectricalAge2/src/main/java/mods/eln/sixnode/electricalentitysensor/ElectricalEntitySensorDescriptor.java, /Users/aiw.robson/Documents/Projects/ElectricalAge2/src/main/java/mods/eln/sixnode/electricalentitysensor/ElectricalEntitySensorSlowProcess.java, /Users/aiw.robson/Documents/Projects/ElectricalAge2/src/main/java/mods/eln/sixnode/electricalentitysensor/ElectricalEntitySensorRender.java, /Users/aiw.robson/Documents/Projects/ElectricalAge2/src/main/java/mods/eln/sixnode/electricalentitysensor/ElectricalEntitySensorGui.java, /Users/aiw.robson/Documents/Projects/ElectricalAge2/src/main/java/mods/eln/sixnode/lampsocket/LampSocketStandardObjRender.java, /Users/aiw.robson/Documents/Projects/ElectricalAge2/src/main/java/mods/eln/sixnode/lampsocket/LampSocketSuspendedObjRender.java, /Users/aiw.robson/Documents/Projects/ElectricalAge2/src/main/java/mods/eln/sixnode/electricalgatesource/ElectricalGateSourceGui.java, /Users/aiw.robson/Documents/Projects/ElectricalAge2/src/main/java/mods/eln/sixnode/electricalgatesource/ElectricalGateSourceDescriptor.java, /Users/aiw.robson/Documents/Projects/ElectricalAge2/src/main/java/mods/eln/sixnode/electricalgatesource/ElectricalGateSourceRenderObj.java, /Users/aiw.robson/Documents/Projects/ElectricalAge2/src/main/java/mods/eln/sixnode/electricalgatesource/ElectricalGateSourceElement.java, /Users/aiw.robson/Documents/Projects/ElectricalAge2/src/main/java/mods/eln/sixnode/electricalgatesource/ElectricalGateSourceRender.java, /Users/aiw.robson/Documents/Projects/ElectricalAge2/src/main/java/mods/eln/sixnode/electricaltimeout/ElectricalTimeoutElement.java, /Users/aiw.robson/Documents/Projects/ElectricalAge2/src/main/java/mods/eln/sixnode/electricaltimeout/ElectricalTimeoutProcess.java, /Users/aiw.robson/Documents/Projects/ElectricalAge2/src/main/java/mods/eln/sixnode/electricaltimeout/ElectricalTimeoutGui.java, /Users/aiw.robson/Documents/Projects/ElectricalAge2/src/main/java/mods/eln/sixnode/electricaltimeout/ElectricalTimeoutRender.java, /Users/aiw.robson/Documents/Projects/ElectricalAge2/src/main/java/mods/eln/sixnode/electricaltimeout/ElectricalTimeoutDescriptor.java, /Users/aiw.robson/Documents/Projects/ElectricalAge2/src/main/java/mods/eln/sixnode/TreeResinCollector/TreeResinCollectorTileEntity.java, /Users/aiw.robson/Documents/Projects/ElectricalAge2/src/main/java/mods/eln/sixnode/TreeResinCollector/TreeResinCollectorRender.java, /Users/aiw.robson/Documents/Projects/ElectricalAge2/src/main/java/mods/eln/sixnode/TreeResinCollector/TreeResinCollectorElement.java, /Users/aiw.robson/Documents/Projects/ElectricalAge2/src/main/java/mods/eln/sixnode/TreeResinCollector/TreeResinCollectorDescriptor.java, /Users/aiw.robson/Documents/Projects/ElectricalAge2/src/main/java/mods/eln/sixnode/TreeResinCollector/TreeResinCollectorBlock.java, /Users/aiw.robson/Documents/Projects/ElectricalAge2/src/main/java/mods/eln/sixnode/electricallightsensor/ElectricalLightSensorSlowProcess.java, /Users/aiw.robson/Documents/Projects/ElectricalAge2/src/main/java/mods/eln/sixnode/electricallightsensor/ElectricalLightSensorElement.java, /Users/aiw.robson/Documents/Projects/ElectricalAge2/src/main/java/mods/eln/sixnode/electricallightsensor/ElectricalLightSensorDescriptor.java, /Users/aiw.robson/Documents/Projects/ElectricalAge2/src/main/java/mods/eln/sixnode/electricallightsensor/ElectricalLightSensorRender.java, /Users/aiw.robson/Documents/Projects/ElectricalAge2/src/main/java/mods/eln/sixnode/groundcable/GroundCableGui.java, /Users/aiw.robson/Documents/Projects/ElectricalAge2/src/main/java/mods/eln/sixnode/groundcable/GroundCableDescriptor.java, /Users/aiw.robson/Documents/Projects/ElectricalAge2/src/main/java/mods/eln/sixnode/groundcable/GroundCableContainer.java, /Users/aiw.robson/Documents/Projects/ElectricalAge2/src/main/java/mods/eln/sixnode/groundcable/GroundCableElement.java, /Users/aiw.robson/Documents/Projects/ElectricalAge2/src/main/java/mods/eln/sixnode/groundcable/GroundCableRender.java, /Users/aiw.robson/Documents/Projects/ElectricalAge2/src/main/java/mods/eln/sixnode/electricalmath/ElectricalMathContainer.java, /Users/aiw.robson/Documents/Projects/ElectricalAge2/src/main/java/mods/eln/sixnode/electricalmath/ElectricalMathGui.java, /Users/aiw.robson/Documents/Projects/ElectricalAge2/src/main/java/mods/eln/sixnode/electricalmath/ElectricalMathRender.java, /Users/aiw.robson/Documents/Projects/ElectricalAge2/src/main/java/mods/eln/sixnode/electricalmath/ElectricalMathDescriptor.java, /Users/aiw.robson/Documents/Projects/ElectricalAge2/src/main/java/mods/eln/sixnode/electricalmath/ElectricalMathElement.java, /Users/aiw.robson/Documents/Projects/ElectricalAge2/src/main/java/mods/eln/sixnode/diode/DiodeElement.java, /Users/aiw.robson/Documents/Projects/ElectricalAge2/src/main/java/mods/eln/sixnode/diode/DiodeFastProcess.java, /Users/aiw.robson/Documents/Projects/ElectricalAge2/src/main/java/mods/eln/sixnode/diode/DiodeRender.java, /Users/aiw.robson/Documents/Projects/ElectricalAge2/src/main/java/mods/eln/sixnode/energymeter/EnergyMeterDescriptor.java, /Users/aiw.robson/Documents/Projects/ElectricalAge2/src/main/java/mods/eln/sixnode/energymeter/EnergyMeterRender.java, /Users/aiw.robson/Documents/Projects/ElectricalAge2/src/main/java/mods/eln/sixnode/energymeter/EnergyMeterGui.java, /Users/aiw.robson/Documents/Projects/ElectricalAge2/src/main/java/mods/eln/sixnode/energymeter/EnergyMeterElement.java, /Users/aiw.robson/Documents/Projects/ElectricalAge2/src/main/java/mods/eln/sixnode/energymeter/EnergyMeterContainer.java, /Users/aiw.robson/Documents/Projects/ElectricalAge2/src/main/java/mods/eln/sixnode/electricaldatalogger/ElectricalDataLoggerElement.java, /Users/aiw.robson/Documents/Projects/ElectricalAge2/src/main/java/mods/eln/sixnode/electricaldatalogger/ElectricalDataLoggerGui.java, /Users/aiw.robson/Documents/Projects/ElectricalAge2/src/main/java/mods/eln/sixnode/electricaldatalogger/ElectricalDataLoggerProcess.java, /Users/aiw.robson/Documents/Projects/ElectricalAge2/src/main/java/mods/eln/sixnode/electricaldatalogger/DataLogsPrintDescriptor.java, /Users/aiw.robson/Documents/Projects/ElectricalAge2/src/main/java/mods/eln/sixnode/electricaldatalogger/ElectricalDataLoggerDescriptor.java, /Users/aiw.robson/Documents/Projects/ElectricalAge2/src/main/java/mods/eln/sixnode/electricaldatalogger/DataLogs.java, /Users/aiw.robson/Documents/Projects/ElectricalAge2/src/main/java/mods/eln/sixnode/electricaldatalogger/ElectricalDataLoggerRender.java, /Users/aiw.robson/Documents/Projects/ElectricalAge2/src/main/java/mods/eln/sixnode/electricaldatalogger/ElectricalDataLoggerContainer.java, /Users/aiw.robson/Documents/Projects/ElectricalAge2/src/main/java/mods/eln/sixnode/resistor/ResistorRender.java, /Users/aiw.robson/Documents/Projects/ElectricalAge2/src/main/java/mods/eln/sixnode/resistor/ResistorGui.java, /Users/aiw.robson/Documents/Projects/ElectricalAge2/src/main/java/mods/eln/sixnode/resistor/ResistorDescriptor.java, /Users/aiw.robson/Documents/Projects/ElectricalAge2/src/main/java/mods/eln/sixnode/resistor/ResistorElement.java, /Users/aiw.robson/Documents/Projects/ElectricalAge2/src/main/java/mods/eln/sixnode/resistor/ResistorContainer.java, /Users/aiw.robson/Documents/Projects/ElectricalAge2/src/main/java/mods/eln/sixnode/electricalalarm/ElectricalAlarmSlowProcess.java, /Users/aiw.robson/Documents/Projects/ElectricalAge2/src/main/java/mods/eln/sixnode/electricalalarm/ElectricalAlarmGui.java, /Users/aiw.robson/Documents/Projects/ElectricalAge2/src/main/java/mods/eln/sixnode/electricalalarm/ElectricalAlarmRender.java, /Users/aiw.robson/Documents/Projects/ElectricalAge2/src/main/java/mods/eln/sixnode/electricalalarm/ElectricalAlarmDescriptor.java, /Users/aiw.robson/Documents/Projects/ElectricalAge2/src/main/java/mods/eln/sixnode/electricalalarm/ElectricalAlarmElement.java, /Users/aiw.robson/Documents/Projects/ElectricalAge2/src/main/java/mods/eln/sixnode/electricalrelay/ElectricalRelayRender.java, /Users/aiw.robson/Documents/Projects/ElectricalAge2/src/main/java/mods/eln/sixnode/electricalrelay/ElectricalRelayGateProcess.java, /Users/aiw.robson/Documents/Projects/ElectricalAge2/src/main/java/mods/eln/sixnode/electricalrelay/ElectricalRelayElement.java, /Users/aiw.robson/Documents/Projects/ElectricalAge2/src/main/java/mods/eln/sixnode/electricalrelay/ElectricalRelayGui.java, /Users/aiw.robson/Documents/Projects/ElectricalAge2/src/main/java/mods/eln/sixnode/electricalrelay/ElectricalRelayDescriptor.java, /Users/aiw.robson/Documents/Projects/ElectricalAge2/src/main/java/mods/eln/sixnode/batterycharger/BatteryChargerElement.java, /Users/aiw.robson/Documents/Projects/ElectricalAge2/src/main/java/mods/eln/sixnode/batterycharger/BatteryChargerGui.java, /Users/aiw.robson/Documents/Projects/ElectricalAge2/src/main/java/mods/eln/sixnode/batterycharger/BatteryChargerContainer.java, /Users/aiw.robson/Documents/Projects/ElectricalAge2/src/main/java/mods/eln/sixnode/batterycharger/BatteryChargerRender.java, /Users/aiw.robson/Documents/Projects/ElectricalAge2/src/main/java/mods/eln/sixnode/batterycharger/BatteryChargerDescriptor.java, /Users/aiw.robson/Documents/Projects/ElectricalAge2/src/main/java/mods/eln/sixnode/electricaldigitaldisplay/ElectricalDigitalDisplayProcess.java, /Users/aiw.robson/Documents/Projects/ElectricalAge2/src/main/java/mods/eln/sixnode/electricaldigitaldisplay/ElectricalDigitalDisplayElement.java, /Users/aiw.robson/Documents/Projects/ElectricalAge2/src/main/java/mods/eln/sixnode/electricaldigitaldisplay/ElectricalDigitalDisplayGui.java, /Users/aiw.robson/Documents/Projects/ElectricalAge2/src/main/java/mods/eln/sixnode/electricaldigitaldisplay/ElectricalDigitalDisplayDescriptor.java, /Users/aiw.robson/Documents/Projects/ElectricalAge2/src/main/java/mods/eln/sixnode/electricaldigitaldisplay/ElectricalDigitalDisplayRender.java, /Users/aiw.robson/Documents/Projects/ElectricalAge2/src/main/java/mods/eln/sixnode/tutorialsign/TutorialSignOverlay.java, /Users/aiw.robson/Documents/Projects/ElectricalAge2/src/main/java/mods/eln/sixnode/tutorialsign/TutorialSignDescriptor.java, /Users/aiw.robson/Documents/Projects/ElectricalAge2/src/main/java/mods/eln/sixnode/tutorialsign/TutorialSignRender.java, /Users/aiw.robson/Documents/Projects/ElectricalAge2/src/main/java/mods/eln/sixnode/tutorialsign/TutorialSignGui.java, /Users/aiw.robson/Documents/Projects/ElectricalAge2/src/main/java/mods/eln/sixnode/tutorialsign/TutorialSignElement.java, /Users/aiw.robson/Documents/Projects/ElectricalAge2/src/main/java/mods/eln/sixnode/electricalweathersensor/ElectricalWeatherSensorElement.java, /Users/aiw.robson/Documents/Projects/ElectricalAge2/src/main/java/mods/eln/sixnode/electricalweathersensor/ElectricalWeatherSensorDescriptor.java, /Users/aiw.robson/Documents/Projects/ElectricalAge2/src/main/java/mods/eln/sixnode/electricalweathersensor/ElectricalWeatherSensorSlowProcess.java, /Users/aiw.robson/Documents/Projects/ElectricalAge2/src/main/java/mods/eln/sixnode/electricalweathersensor/ElectricalWeatherSensorRender.java, /Users/aiw.robson/Documents/Projects/ElectricalAge2/src/main/java/mods/eln/sixnode/thermalcable/ThermalCableElement.java, /Users/aiw.robson/Documents/Projects/ElectricalAge2/src/main/java/mods/eln/sixnode/thermalcable/ThermalCableRender.java, /Users/aiw.robson/Documents/Projects/ElectricalAge2/src/main/java/mods/eln/sixnode/thermalcable/ThermalCableDescriptor.java, /Users/aiw.robson/Documents/Projects/ElectricalAge2/src/main/java/mods/eln/sixnode/electricalredstoneinput/ElectricalRedstoneInputRender.java, /Users/aiw.robson/Documents/Projects/ElectricalAge2/src/main/java/mods/eln/sixnode/electricalredstoneinput/ElectricalRedstoneInputElement.java, /Users/aiw.robson/Documents/Projects/ElectricalAge2/src/main/java/mods/eln/sixnode/electricalredstoneinput/ElectricalRedstoneInputDescriptor.java, /Users/aiw.robson/Documents/Projects/ElectricalAge2/src/main/java/mods/eln/sixnode/electricalredstoneinput/ElectricalRedstoneInputSlowProcess.java, /Users/aiw.robson/Documents/Projects/ElectricalAge2/src/main/java/mods/eln/sixnode/electricalredstoneoutput/ElectricalRedstoneOutputSlowProcess.java, /Users/aiw.robson/Documents/Projects/ElectricalAge2/src/main/java/mods/eln/sixnode/electricalredstoneoutput/ElectricalRedstoneOutputDescriptor.java, /Users/aiw.robson/Documents/Projects/ElectricalAge2/src/main/java/mods/eln/sixnode/electricalredstoneoutput/ElectricalRedstoneOutputRender.java, /Users/aiw.robson/Documents/Projects/ElectricalAge2/src/main/java/mods/eln/sixnode/electricalredstoneoutput/ElectricalRedstoneOutputElement.java, /Users/aiw.robson/Documents/Projects/ElectricalAge2/src/main/java/mods/eln/sixnode/electricalwatch/ElectricalWatchSlowProcess.java, /Users/aiw.robson/Documents/Projects/ElectricalAge2/src/main/java/mods/eln/sixnode/electricalwatch/ElectricalWatchDescriptor.java, /Users/aiw.robson/Documents/Projects/ElectricalAge2/src/main/java/mods/eln/sixnode/electricalwatch/ElectricalWatchGui.java, /Users/aiw.robson/Documents/Projects/ElectricalAge2/src/main/java/mods/eln/sixnode/electricalwatch/ElectricalWatchElement.java, /Users/aiw.robson/Documents/Projects/ElectricalAge2/src/main/java/mods/eln/sixnode/electricalwatch/ElectricalWatchContainer.java, /Users/aiw.robson/Documents/Projects/ElectricalAge2/src/main/java/mods/eln/sixnode/electricalwatch/ElectricalWatchRender.java, /Users/aiw.robson/Documents/Projects/ElectricalAge2/src/main/java/mods/eln/sixnode/hub/HubDescriptor.java, /Users/aiw.robson/Documents/Projects/ElectricalAge2/src/main/java/mods/eln/sixnode/hub/HubRender.java, /Users/aiw.robson/Documents/Projects/ElectricalAge2/src/main/java/mods/eln/sixnode/hub/HubElement.java, /Users/aiw.robson/Documents/Projects/ElectricalAge2/src/main/java/mods/eln/sixnode/hub/HubGui.java, /Users/aiw.robson/Documents/Projects/ElectricalAge2/src/main/java/mods/eln/sixnode/hub/HubContainer.java, /Users/aiw.robson/Documents/Projects/ElectricalAge2/src/main/java/mods/eln/sixnode/modbusrtu/WirelessRxStatus.java, /Users/aiw.robson/Documents/Projects/ElectricalAge2/src/main/java/mods/eln/sixnode/modbusrtu/ModbusRtuRender.java, /Users/aiw.robson/Documents/Projects/ElectricalAge2/src/main/java/mods/eln/sixnode/modbusrtu/ModbusRtuElement.java, /Users/aiw.robson/Documents/Projects/ElectricalAge2/src/main/java/mods/eln/sixnode/modbusrtu/ModbusRtuGui.java, /Users/aiw.robson/Documents/Projects/ElectricalAge2/src/main/java/mods/eln/sixnode/modbusrtu/modbusAnalogIoSlot.java, /Users/aiw.robson/Documents/Projects/ElectricalAge2/src/main/java/mods/eln/sixnode/modbusrtu/ModbusRtuDescriptor.java, /Users/aiw.robson/Documents/Projects/ElectricalAge2/src/main/java/mods/eln/sixnode/modbusrtu/WirelessTxStatus.java, /Users/aiw.robson/Documents/Projects/ElectricalAge2/src/main/java/mods/eln/sixnode/modbusrtu/NameId.java, /Users/aiw.robson/Documents/Projects/ElectricalAge2/src/main/java/mods/eln/sixnode/modbusrtu/ModbusSlot.java, /Users/aiw.robson/Documents/Projects/ElectricalAge2/src/main/java/mods/eln/sixnode/modbusrtu/ModbusNullSlot.java, /Users/aiw.robson/Documents/Projects/ElectricalAge2/src/main/java/mods/eln/sixnode/modbusrtu/ServerWirelessRxStatus.java, /Users/aiw.robson/Documents/Projects/ElectricalAge2/src/main/java/mods/eln/sixnode/modbusrtu/IModbusSlot.java, /Users/aiw.robson/Documents/Projects/ElectricalAge2/src/main/java/mods/eln/sixnode/modbusrtu/ServerWirelessTxStatus.java, /Users/aiw.robson/Documents/Projects/ElectricalAge2/src/main/java/mods/eln/sixnode/electricalsource/ElectricalSourceElement.java, /Users/aiw.robson/Documents/Projects/ElectricalAge2/src/main/java/mods/eln/sixnode/electricalsource/ElectricalSourceGui.java, /Users/aiw.robson/Documents/Projects/ElectricalAge2/src/main/java/mods/eln/sixnode/electricalsource/ElectricalSourceDescriptor.java, /Users/aiw.robson/Documents/Projects/ElectricalAge2/src/main/java/mods/eln/sixnode/electricalsource/ElectricalSourceRender.java
Script source files: 
Script file extensions: 
Using Kotlin/JVM incremental compilation
[KOTLIN] Kotlin compilation 'jdkHome' argument: /Users/aiw.robson/.gradle/jdks/eclipse_adoptium-17-aarch64-os_x/jdk-17.0.17+10/Contents/Home
i: found daemon on port 17435 (1792663 ms old), trying to connect
i: connected to the daemon
Options for KOTLIN DAEMON: IncrementalCompilationOptions(super=CompilationOptions(compilerMode=INCREMENTAL_COMPILER, targetPlatform=JVM, reportCategories=[0, 3], reportSeverity=2, requestedCompilationResults=[0], kotlinScriptExtensions=[]), areFileChangesKnown=false, modifiedFiles=null, deletedFiles=null, classpathChanges=NotAvailableForNonIncrementalRun, workingDir=/Users/aiw.robson/Documents/Projects/ElectricalAge2/build/kotlin/compileKotlin/cacheable, multiModuleICSettings=MultiModuleICSettings(buildHistoryFile=/Users/aiw.robson/Documents/Projects/ElectricalAge2/build/kotlin/compileKotlin/local-state/build-history.bin, useModuleDetection=false), usePreciseJavaTracking=true, outputFiles=[/Users/aiw.robson/Documents/Projects/ElectricalAge2/build/classes/kotlin/main, /Users/aiw.robson/Documents/Projects/ElectricalAge2/build/kotlin/compileKotlin/cacheable, /Users/aiw.robson/Documents/Projects/ElectricalAge2/build/kotlin/compileKotlin/local-state])
e: file:///Users/aiw.robson/Documents/Projects/ElectricalAge2/src/main/java/mods/eln/sim/process/heater/ElectricalLoadHeatThermalLoad.kt:8:7 Redeclaration: ElectricalLoadHeatThermalLoad
e: file:///Users/aiw.robson/Documents/Projects/ElectricalAge2/src/main/java/mods/eln/sixnode/currentrelay/CurrentRelay.kt:6:21 Unresolved reference: GuiScreenEln
e: file:///Users/aiw.robson/Documents/Projects/ElectricalAge2/src/main/java/mods/eln/sixnode/currentrelay/CurrentRelay.kt:34:33 Unresolved reference: GuiButton
e: file:///Users/aiw.robson/Documents/Projects/ElectricalAge2/src/main/java/mods/eln/sixnode/currentrelay/CurrentRelay.kt:35:33 Unresolved reference: GuiScreen
e: file:///Users/aiw.robson/Documents/Projects/ElectricalAge2/src/main/java/mods/eln/sixnode/currentrelay/CurrentRelay.kt:36:22 Unresolved reference: entity
e: file:///Users/aiw.robson/Documents/Projects/ElectricalAge2/src/main/java/mods/eln/sixnode/currentrelay/CurrentRelay.kt:37:22 Unresolved reference: item
e: file:///Users/aiw.robson/Documents/Projects/ElectricalAge2/src/main/java/mods/eln/sixnode/currentrelay/CurrentRelay.kt:38:26 Unresolved reference: NBTTagCompound
e: file:///Users/aiw.robson/Documents/Projects/ElectricalAge2/src/main/java/mods/eln/sixnode/currentrelay/CurrentRelay.kt:39:34 Unresolved reference: IItemRenderer
e: file:///Users/aiw.robson/Documents/Projects/ElectricalAge2/src/main/java/mods/eln/sixnode/currentrelay/CurrentRelay.kt:40:34 Unresolved reference: IItemRenderer
e: file:///Users/aiw.robson/Documents/Projects/ElectricalAge2/src/main/java/mods/eln/sixnode/currentrelay/CurrentRelay.kt:95:5 'addInformation' overrides nothing
e: file:///Users/aiw.robson/Documents/Projects/ElectricalAge2/src/main/java/mods/eln/sixnode/currentrelay/CurrentRelay.kt:95:44 Unresolved reference: ItemStack
e: file:///Users/aiw.robson/Documents/Projects/ElectricalAge2/src/main/java/mods/eln/sixnode/currentrelay/CurrentRelay.kt:95:70 Unresolved reference: EntityPlayer
e: file:///Users/aiw.robson/Documents/Projects/ElectricalAge2/src/main/java/mods/eln/sixnode/currentrelay/CurrentRelay.kt:96:15 Unresolved reference: addInformation
e: file:///Users/aiw.robson/Documents/Projects/ElectricalAge2/src/main/java/mods/eln/sixnode/currentrelay/CurrentRelay.kt:107:5 'shouldUseRenderHelper' overrides nothing
e: file:///Users/aiw.robson/Documents/Projects/ElectricalAge2/src/main/java/mods/eln/sixnode/currentrelay/CurrentRelay.kt:107:46 Unresolved reference: ItemRenderType
e: file:///Users/aiw.robson/Documents/Projects/ElectricalAge2/src/main/java/mods/eln/sixnode/currentrelay/CurrentRelay.kt:107:68 Unresolved reference: ItemStack
e: file:///Users/aiw.robson/Documents/Projects/ElectricalAge2/src/main/java/mods/eln/sixnode/currentrelay/CurrentRelay.kt:107:87 Unresolved reference: ItemRendererHelper
e: file:///Users/aiw.robson/Documents/Projects/ElectricalAge2/src/main/java/mods/eln/sixnode/currentrelay/CurrentRelay.kt:108:24 Unresolved reference: ItemRenderType
e: file:///Users/aiw.robson/Documents/Projects/ElectricalAge2/src/main/java/mods/eln/sixnode/currentrelay/CurrentRelay.kt:111:5 'handleRenderType' overrides nothing
e: file:///Users/aiw.robson/Documents/Projects/ElectricalAge2/src/main/java/mods/eln/sixnode/currentrelay/CurrentRelay.kt:111:41 Unresolved reference: ItemStack
e: file:///Users/aiw.robson/Documents/Projects/ElectricalAge2/src/main/java/mods/eln/sixnode/currentrelay/CurrentRelay.kt:111:58 Unresolved reference: ItemRenderType
e: file:///Users/aiw.robson/Documents/Projects/ElectricalAge2/src/main/java/mods/eln/sixnode/currentrelay/CurrentRelay.kt:115:5 'shouldUseRenderHelperEln' overrides nothing
e: file:///Users/aiw.robson/Documents/Projects/ElectricalAge2/src/main/java/mods/eln/sixnode/currentrelay/CurrentRelay.kt:115:49 Unresolved reference: ItemRenderType
e: file:///Users/aiw.robson/Documents/Projects/ElectricalAge2/src/main/java/mods/eln/sixnode/currentrelay/CurrentRelay.kt:115:72 Unresolved reference: ItemStack
e: file:///Users/aiw.robson/Documents/Projects/ElectricalAge2/src/main/java/mods/eln/sixnode/currentrelay/CurrentRelay.kt:115:92 Unresolved reference: ItemRendererHelper
e: file:///Users/aiw.robson/Documents/Projects/ElectricalAge2/src/main/java/mods/eln/sixnode/currentrelay/CurrentRelay.kt:116:24 Unresolved reference: ItemRenderType
e: file:///Users/aiw.robson/Documents/Projects/ElectricalAge2/src/main/java/mods/eln/sixnode/currentrelay/CurrentRelay.kt:119:5 'renderItem' overrides nothing
e: file:///Users/aiw.robson/Documents/Projects/ElectricalAge2/src/main/java/mods/eln/sixnode/currentrelay/CurrentRelay.kt:119:35 Unresolved reference: ItemRenderType
e: file:///Users/aiw.robson/Documents/Projects/ElectricalAge2/src/main/java/mods/eln/sixnode/currentrelay/CurrentRelay.kt:119:57 Unresolved reference: ItemStack
e: file:///Users/aiw.robson/Documents/Projects/ElectricalAge2/src/main/java/mods/eln/sixnode/currentrelay/CurrentRelay.kt:120:21 Unresolved reference: ItemRenderType
e: file:///Users/aiw.robson/Documents/Projects/ElectricalAge2/src/main/java/mods/eln/sixnode/currentrelay/CurrentRelay.kt:121:19 Unresolved reference: renderItem
e: file:///Users/aiw.robson/Documents/Projects/ElectricalAge2/src/main/java/mods/eln/sixnode/currentrelay/CurrentRelay.kt:140:61 Unresolved reference: EntityPlayer
e: file:///Users/aiw.robson/Documents/Projects/ElectricalAge2/src/main/java/mods/eln/sixnode/currentrelay/CurrentRelay.kt:208:35 Unresolved reference: NBTTagCompound
e: file:///Users/aiw.robson/Documents/Projects/ElectricalAge2/src/main/java/mods/eln/sixnode/currentrelay/CurrentRelay.kt:216:34 Unresolved reference: NBTTagCompound
e: file:///Users/aiw.robson/Documents/Projects/ElectricalAge2/src/main/java/mods/eln/sixnode/currentrelay/CurrentRelay.kt:236:59 Unresolved reference: nodeMask
e: file:///Users/aiw.robson/Documents/Projects/ElectricalAge2/src/main/java/mods/eln/sixnode/currentrelay/CurrentRelay.kt:237:60 Unresolved reference: nodeMask
e: file:///Users/aiw.robson/Documents/Projects/ElectricalAge2/src/main/java/mods/eln/sixnode/currentrelay/CurrentRelay.kt:320:43 Unresolved reference: NBTTagCompound
e: file:///Users/aiw.robson/Documents/Projects/ElectricalAge2/src/main/java/mods/eln/sixnode/currentrelay/CurrentRelay.kt:320:68 Unresolved reference: EntityPlayer
e: file:///Users/aiw.robson/Documents/Projects/ElectricalAge2/src/main/java/mods/eln/sixnode/currentrelay/CurrentRelay.kt:326:44 Unresolved reference: NBTTagCompound
e: file:///Users/aiw.robson/Documents/Projects/ElectricalAge2/src/main/java/mods/eln/sixnode/currentrelay/CurrentRelay.kt:326:69 Unresolved reference: EntityPlayer
e: file:///Users/aiw.robson/Documents/Projects/ElectricalAge2/src/main/java/mods/eln/sixnode/currentrelay/CurrentRelay.kt:338:56 Unresolved reference: GuiScreenEln
e: file:///Users/aiw.robson/Documents/Projects/ElectricalAge2/src/main/java/mods/eln/sixnode/currentrelay/CurrentRelay.kt:339:47 Unresolved reference: GuiButton
e: file:///Users/aiw.robson/Documents/Projects/ElectricalAge2/src/main/java/mods/eln/sixnode/currentrelay/CurrentRelay.kt:341:5 'initGui' overrides nothing
e: file:///Users/aiw.robson/Documents/Projects/ElectricalAge2/src/main/java/mods/eln/sixnode/currentrelay/CurrentRelay.kt:342:15 Unresolved reference: initGui
e: file:///Users/aiw.robson/Documents/Projects/ElectricalAge2/src/main/java/mods/eln/sixnode/currentrelay/CurrentRelay.kt:343:31 Unresolved reference: newGuiButton
e: file:///Users/aiw.robson/Documents/Projects/ElectricalAge2/src/main/java/mods/eln/sixnode/currentrelay/CurrentRelay.kt:346:5 'guiObjectEvent' overrides nothing
e: file:///Users/aiw.robson/Documents/Projects/ElectricalAge2/src/main/java/mods/eln/sixnode/currentrelay/CurrentRelay.kt:347:15 Unresolved reference: guiObjectEvent
e: file:///Users/aiw.robson/Documents/Projects/ElectricalAge2/src/main/java/mods/eln/sixnode/currentrelay/CurrentRelay.kt:353:5 'preDraw' overrides nothing
e: file:///Users/aiw.robson/Documents/Projects/ElectricalAge2/src/main/java/mods/eln/sixnode/currentrelay/CurrentRelay.kt:354:15 Unresolved reference: preDraw
e: file:///Users/aiw.robson/Documents/Projects/ElectricalAge2/src/main/java/mods/eln/sixnode/currentrelay/CurrentRelay.kt:355:55 Variable expected
e: file:///Users/aiw.robson/Documents/Projects/ElectricalAge2/src/main/java/mods/eln/sixnode/currentrelay/CurrentRelay.kt:356:60 Variable expected
e: file:///Users/aiw.robson/Documents/Projects/ElectricalAge2/src/main/java/mods/eln/sixnode/currentrelay/CurrentRelay.kt:359:5 'newHelper' overrides nothing
e: file:///Users/aiw.robson/Documents/Projects/ElectricalAge2/src/main/java/mods/eln/sixnode/currentrelay/CurrentRelay.kt:360:26 Type mismatch: inferred type is CurrentRelayGui but Screen? was expected
e: file:///Users/aiw.robson/Documents/Projects/ElectricalAge2/src/main/java/mods/eln/sixnode/currentrelay/CurrentRelay.kt:404:54 Unresolved reference: EntityPlayer
e: file:///Users/aiw.robson/Documents/Projects/ElectricalAge2/src/main/java/mods/eln/sixnode/currentrelay/CurrentRelay.kt:404:69 Unresolved reference: GuiScreen
e: file:///Users/aiw.robson/Documents/Projects/ElectricalAge2/src/main/java/mods/eln/sixnode/currentrelay/CurrentRelay.kt:409:70 Only safe (?.) or non-null asserted (!!.) calls are allowed on a nullable receiver of type ElectricalCableDescriptor?
e: file:///Users/aiw.robson/Documents/Projects/ElectricalAge2/src/main/kotlin/cpw/mods/fml/common/FMLCommonHandler.kt:7:24 Unresolved reference: Side
e: file:///Users/aiw.robson/Documents/Projects/ElectricalAge2/src/main/kotlin/cpw/mods/fml/common/FMLCommonHandler.kt:8:57 Unresolved reference: Side
e: file:///Users/aiw.robson/Documents/Projects/ElectricalAge2/src/main/kotlin/cpw/mods/fml/common/FMLCommonHandler.kt:8:74 Unresolved reference: Side
e: file:///Users/aiw.robson/Documents/Projects/ElectricalAge2/src/main/kotlin/mods/eln/Achievements.kt:5:22 Unresolved reference: init
e: file:///Users/aiw.robson/Documents/Projects/ElectricalAge2/src/main/kotlin/mods/eln/Achievements.kt:6:28 Unresolved reference: Achievement
e: file:///Users/aiw.robson/Documents/Projects/ElectricalAge2/src/main/kotlin/mods/eln/Achievements.kt:7:34 Unresolved reference: AchievementPage
e: file:///Users/aiw.robson/Documents/Projects/ElectricalAge2/src/main/kotlin/mods/eln/Achievements.kt:11:20 Unresolved reference: Achievement
e: file:///Users/aiw.robson/Documents/Projects/ElectricalAge2/src/main/kotlin/mods/eln/Achievements.kt:13:28 Unresolved reference: Achievement
e: file:///Users/aiw.robson/Documents/Projects/ElectricalAge2/src/main/kotlin/mods/eln/Achievements.kt:14:29 Unresolved reference: AchievementPage
e: file:///Users/aiw.robson/Documents/Projects/ElectricalAge2/src/main/kotlin/mods/eln/Achievements.kt:18:21 Unresolved reference: Achievement
e: file:///Users/aiw.robson/Documents/Projects/ElectricalAge2/src/main/kotlin/mods/eln/Achievements.kt:20:33 Unresolved reference: Items
e: file:///Users/aiw.robson/Documents/Projects/ElectricalAge2/src/main/kotlin/mods/eln/Achievements.kt:23:14 Unresolved reference: TR_DESC
e: file:///Users/aiw.robson/Documents/Projects/ElectricalAge2/src/main/kotlin/mods/eln/Achievements.kt:25:29 Unresolved reference: Achievement
e: file:///Users/aiw.robson/Documents/Projects/ElectricalAge2/src/main/kotlin/mods/eln/Achievements.kt:30:14 Unresolved reference: TR_DESC
e: file:///Users/aiw.robson/Documents/Projects/ElectricalAge2/src/main/kotlin/mods/eln/Achievements.kt:32:30 Unresolved reference: AchievementPage
e: file:///Users/aiw.robson/Documents/Projects/ElectricalAge2/src/main/kotlin/mods/eln/Achievements.kt:37:9 Unresolved reference: AchievementPage
e: file:///Users/aiw.robson/Documents/Projects/ElectricalAge2/src/main/kotlin/mods/eln/Eln.kt:21:25 Unresolved reference: SixNodeItem
e: file:///Users/aiw.robson/Documents/Projects/ElectricalAge2/src/main/kotlin/mods/eln/Eln.kt:22:25 Unresolved reference: SixNodeDescriptor
e: file:///Users/aiw.robson/Documents/Projects/ElectricalAge2/src/main/kotlin/mods/eln/Eln.kt:35:18 Not enough information to infer type variable T
e: file:///Users/aiw.robson/Documents/Projects/ElectricalAge2/src/main/kotlin/mods/eln/Eln.kt:35:36 Callable reference resolution ambiguity: 
private final fun commonSetup(event: FMLCommonSetupEvent): Unit defined in mods.eln.Eln
private final fun commonSetup(event: FMLCommonSetupEvent): Unit defined in mods.eln.Eln
e: file:///Users/aiw.robson/Documents/Projects/ElectricalAge2/src/main/kotlin/mods/eln/Eln.kt:38:5 Conflicting overloads: private final fun commonSetup(event: FMLCommonSetupEvent): Unit defined in mods.eln.Eln, private final fun commonSetup(event: FMLCommonSetupEvent): Unit defined in mods.eln.Eln
e: file:///Users/aiw.robson/Documents/Projects/ElectricalAge2/src/main/kotlin/mods/eln/Eln.kt:39:9 Unresolved reference: transparentNodeBlock
e: file:///Users/aiw.robson/Documents/Projects/ElectricalAge2/src/main/kotlin/mods/eln/Eln.kt:40:9 Unresolved reference: transparentNodeBlockEntity
e: file:///Users/aiw.robson/Documents/Projects/ElectricalAge2/src/main/kotlin/mods/eln/Eln.kt:73:63 No value passed for parameter 'maximumTemperature'
e: file:///Users/aiw.robson/Documents/Projects/ElectricalAge2/src/main/kotlin/mods/eln/Eln.kt:73:63 No value passed for parameter 'minimumTemperature'
e: file:///Users/aiw.robson/Documents/Projects/ElectricalAge2/src/main/kotlin/mods/eln/Eln.kt:73:63 No value passed for parameter 'heatingTao'
e: file:///Users/aiw.robson/Documents/Projects/ElectricalAge2/src/main/kotlin/mods/eln/Eln.kt:73:63 No value passed for parameter 'conductionTao'
e: file:///Users/aiw.robson/Documents/Projects/ElectricalAge2/src/main/kotlin/mods/eln/Eln.kt:74:33 Unresolved reference: ItemStack
e: file:///Users/aiw.robson/Documents/Projects/ElectricalAge2/src/main/kotlin/mods/eln/Eln.kt:115:70 Overload resolution ambiguity: 
private final fun commonSetup(event: FMLCommonSetupEvent): Unit defined in mods.eln.Eln
private final fun commonSetup(event: FMLCommonSetupEvent): Unit defined in mods.eln.Eln
e: file:///Users/aiw.robson/Documents/Projects/ElectricalAge2/src/main/kotlin/mods/eln/Eln.kt:123:5 Conflicting overloads: private final fun commonSetup(event: FMLCommonSetupEvent): Unit defined in mods.eln.Eln, private final fun commonSetup(event: FMLCommonSetupEvent): Unit defined in mods.eln.Eln
e: file:///Users/aiw.robson/Documents/Projects/ElectricalAge2/src/main/kotlin/mods/eln/Eln.kt:124:9 Unresolved reference: LOGGER
e: file:///Users/aiw.robson/Documents/Projects/ElectricalAge2/src/main/kotlin/mods/eln/Eln.kt:128:9 Unresolved reference: LOGGER
e: file:///Users/aiw.robson/Documents/Projects/ElectricalAge2/src/main/kotlin/mods/eln/Eln.kt:153:35 Unresolved reference: SixNodeItem
e: file:///Users/aiw.robson/Documents/Projects/ElectricalAge2/src/main/kotlin/mods/eln/Eln.kt:155:65 No value passed for parameter 'maximumTemperature'
e: file:///Users/aiw.robson/Documents/Projects/ElectricalAge2/src/main/kotlin/mods/eln/Eln.kt:155:65 No value passed for parameter 'minimumTemperature'
e: file:///Users/aiw.robson/Documents/Projects/ElectricalAge2/src/main/kotlin/mods/eln/Eln.kt:155:65 No value passed for parameter 'heatingTao'
e: file:///Users/aiw.robson/Documents/Projects/ElectricalAge2/src/main/kotlin/mods/eln/Eln.kt:155:65 No value passed for parameter 'conductionTao'
e: file:///Users/aiw.robson/Documents/Projects/ElectricalAge2/src/main/kotlin/mods/eln/Eln.kt:173:71 No value passed for parameter 'callPeriod'
e: file:///Users/aiw.robson/Documents/Projects/ElectricalAge2/src/main/kotlin/mods/eln/Eln.kt:173:71 No value passed for parameter 'electricalPeriod'
e: file:///Users/aiw.robson/Documents/Projects/ElectricalAge2/src/main/kotlin/mods/eln/Eln.kt:173:71 No value passed for parameter 'electricalInterSystemOverSampling'
e: file:///Users/aiw.robson/Documents/Projects/ElectricalAge2/src/main/kotlin/mods/eln/Eln.kt:173:71 No value passed for parameter 'thermalPeriod'
e: file:///Users/aiw.robson/Documents/Projects/ElectricalAge2/src/main/kotlin/mods/eln/Eln.kt:180:55 Unresolved reference: ItemStack
e: file:///Users/aiw.robson/Documents/Projects/ElectricalAge2/src/main/kotlin/mods/eln/Eln.kt:181:20 Unresolved reference: ItemStack
e: file:///Users/aiw.robson/Documents/Projects/ElectricalAge2/src/main/kotlin/mods/eln/Eln.kt:191:18 Unresolved reference: setRs
e: file:///Users/aiw.robson/Documents/Projects/ElectricalAge2/src/main/kotlin/mods/eln/Eln.kt:224:94 Unresolved reference: OreScannerConfigElement
e: file:///Users/aiw.robson/Documents/Projects/ElectricalAge2/src/main/kotlin/mods/eln/PacketHandler.kt:14:42 Unresolved reference: ServerPlayer
e: file:///Users/aiw.robson/Documents/Projects/ElectricalAge2/src/main/kotlin/mods/eln/PacketHandler.kt:15:30 Unresolved reference: NetHandlerPlayServer
e: file:///Users/aiw.robson/Documents/Projects/ElectricalAge2/src/main/kotlin/mods/eln/PacketHandler.kt:16:30 Unresolved reference: NetworkManager
e: file:///Users/aiw.robson/Documents/Projects/ElectricalAge2/src/main/kotlin/mods/eln/PacketHandler.kt:25:6 Unresolved reference: SubscribeEvent
e: file:///Users/aiw.robson/Documents/Projects/ElectricalAge2/src/main/kotlin/mods/eln/PacketHandler.kt:26:31 Unresolved reference: ServerCustomPacketEvent
e: file:///Users/aiw.robson/Documents/Projects/ElectricalAge2/src/main/kotlin/mods/eln/PacketHandler.kt:30:48 Unresolved reference: NetHandlerPlayServer
e: file:///Users/aiw.robson/Documents/Projects/ElectricalAge2/src/main/kotlin/mods/eln/PacketHandler.kt:34:52 Unresolved reference: NetworkManager
e: file:///Users/aiw.robson/Documents/Projects/ElectricalAge2/src/main/kotlin/mods/eln/PacketHandler.kt:37:21 Unresolved reference: packetPlayerKey
e: file:///Users/aiw.robson/Documents/Projects/ElectricalAge2/src/main/kotlin/mods/eln/PacketHandler.kt:38:21 Unresolved reference: packetNodeSingleSerialized
e: file:///Users/aiw.robson/Documents/Projects/ElectricalAge2/src/main/kotlin/mods/eln/PacketHandler.kt:39:21 Unresolved reference: packetPublishForNode
e: file:///Users/aiw.robson/Documents/Projects/ElectricalAge2/src/main/kotlin/mods/eln/PacketHandler.kt:40:21 Unresolved reference: packetForClientNode
e: file:///Users/aiw.robson/Documents/Projects/ElectricalAge2/src/main/kotlin/mods/eln/PacketHandler.kt:41:21 Unresolved reference: packetOpenLocalGui
e: file:///Users/aiw.robson/Documents/Projects/ElectricalAge2/src/main/kotlin/mods/eln/PacketHandler.kt:42:17 Incompatible types: Int and Byte
e: file:///Users/aiw.robson/Documents/Projects/ElectricalAge2/src/main/kotlin/mods/eln/PacketHandler.kt:44:21 Unresolved reference: packetClientToServerConnection
e: file:///Users/aiw.robson/Documents/Projects/ElectricalAge2/src/main/kotlin/mods/eln/PacketHandler.kt:45:21 Unresolved reference: packetServerToClientInfo
e: file:///Users/aiw.robson/Documents/Projects/ElectricalAge2/src/main/kotlin/mods/eln/PacketHandler.kt:52:72 Unresolved reference: NetworkManager
e: file:///Users/aiw.robson/Documents/Projects/ElectricalAge2/src/main/kotlin/mods/eln/PacketHandler.kt:56:34 Unresolved reference: packetServerToClientInfo
e: file:///Users/aiw.robson/Documents/Projects/ElectricalAge2/src/main/kotlin/mods/eln/PacketHandler.kt:57:36 Unresolved reference: configShared
e: file:///Users/aiw.robson/Documents/Projects/ElectricalAge2/src/main/kotlin/mods/eln/PacketHandler.kt:63:44 Unresolved reference: ServerPlayer
e: file:///Users/aiw.robson/Documents/Projects/ElectricalAge2/src/main/kotlin/mods/eln/PacketHandler.kt:66:98 Unresolved reference: NetworkManager
e: file:///Users/aiw.robson/Documents/Projects/ElectricalAge2/src/main/kotlin/mods/eln/PacketHandler.kt:67:32 Unresolved reference: configShared
e: file:///Users/aiw.robson/Documents/Projects/ElectricalAge2/src/main/kotlin/mods/eln/PacketHandler.kt:76:99 Unresolved reference: NetworkManager
e: file:///Users/aiw.robson/Documents/Projects/ElectricalAge2/src/main/kotlin/mods/eln/PacketHandler.kt:84:97 Unresolved reference: NetworkManager
e: file:///Users/aiw.robson/Documents/Projects/ElectricalAge2/src/main/kotlin/mods/eln/PacketHandler.kt:94:100 Unresolved reference: NetworkManager
e: file:///Users/aiw.robson/Documents/Projects/ElectricalAge2/src/main/kotlin/mods/eln/PacketHandler.kt:96:20 Unresolved reference: openGui
e: file:///Users/aiw.robson/Documents/Projects/ElectricalAge2/src/main/kotlin/mods/eln/PacketHandler.kt:97:24 Cannot access 'level': it is invisible (private in a supertype) in 'Player'
e: file:///Users/aiw.robson/Documents/Projects/ElectricalAge2/src/main/kotlin/mods/eln/PacketHandler.kt:104:95 Unresolved reference: NetworkManager
e: file:///Users/aiw.robson/Documents/Projects/ElectricalAge2/src/main/kotlin/mods/eln/PacketHandler.kt:109:59 Unresolved reference: ServerPlayer
e: file:///Users/aiw.robson/Documents/Projects/ElectricalAge2/src/main/kotlin/mods/eln/PacketHandler.kt:118:101 Unresolved reference: NetworkManager
e: file:///Users/aiw.robson/Documents/Projects/ElectricalAge2/src/main/kotlin/mods/eln/PacketHandler.kt:124:24 Unresolved reference: dimension
e: file:///Users/aiw.robson/Documents/Projects/ElectricalAge2/src/main/kotlin/mods/eln/PacketHandler.kt:125:37 Cannot access 'level': it is invisible (private in a supertype) in 'Player'
e: file:///Users/aiw.robson/Documents/Projects/ElectricalAge2/src/main/kotlin/mods/eln/PacketHandler.kt:125:43 Unresolved reference: getTileEntity
e: file:///Users/aiw.robson/Documents/Projects/ElectricalAge2/src/main/kotlin/mods/eln/PacketHandler.kt:147:108 Unresolved reference: NetworkManager
e: file:///Users/aiw.robson/Documents/Projects/ElectricalAge2/src/main/kotlin/mods/eln/PacketHandler.kt:153:24 Unresolved reference: dimension
e: file:///Users/aiw.robson/Documents/Projects/ElectricalAge2/src/main/kotlin/mods/eln/PacketHandler.kt:154:37 Cannot access 'level': it is invisible (private in a supertype) in 'Player'
e: file:///Users/aiw.robson/Documents/Projects/ElectricalAge2/src/main/kotlin/mods/eln/PacketHandler.kt:154:43 Unresolved reference: getTileEntity
e: file:///Users/aiw.robson/Documents/Projects/ElectricalAge2/src/main/kotlin/mods/eln/PacketHandler.kt:176:97 Unresolved reference: NetworkManager
e: file:///Users/aiw.robson/Documents/Projects/ElectricalAge2/src/main/kotlin/mods/eln/PacketHandler.kt:187:13 Unresolved reference: eventChannel
e: file:///Users/aiw.robson/Documents/Projects/ElectricalAge2/src/main/kotlin/mods/eln/block/ArcClayBlock.kt:5:22 Unresolved reference: block
e: file:///Users/aiw.robson/Documents/Projects/ElectricalAge2/src/main/kotlin/mods/eln/block/ArcClayBlock.kt:6:46 Unresolved reference: IIconRegister
e: file:///Users/aiw.robson/Documents/Projects/ElectricalAge2/src/main/kotlin/mods/eln/block/ArcClayBlock.kt:7:27 Unresolved reference: IIcon
e: file:///Users/aiw.robson/Documents/Projects/ElectricalAge2/src/main/kotlin/mods/eln/block/ArcClayBlock.kt:8:22 Unresolved reference: item
e: file:///Users/aiw.robson/Documents/Projects/ElectricalAge2/src/main/kotlin/mods/eln/block/ArcClayBlock.kt:10:28 Unresolved reference: Material
e: file:///Users/aiw.robson/Documents/Projects/ElectricalAge2/src/main/kotlin/mods/eln/block/ArcClayBlock.kt:11:23 Unresolved reference: IIcon
e: file:///Users/aiw.robson/Documents/Projects/ElectricalAge2/src/main/kotlin/mods/eln/block/ArcClayBlock.kt:14:9 Unresolved reference: setBlockName
e: file:///Users/aiw.robson/Documents/Projects/ElectricalAge2/src/main/kotlin/mods/eln/block/ArcClayBlock.kt:15:9 Unresolved reference: setBlockTextureName
e: file:///Users/aiw.robson/Documents/Projects/ElectricalAge2/src/main/kotlin/mods/eln/block/ArcClayBlock.kt:16:9 Unresolved reference: setCreativeTab
e: file:///Users/aiw.robson/Documents/Projects/ElectricalAge2/src/main/kotlin/mods/eln/block/ArcClayBlock.kt:19:6 Unresolved reference: SideOnly
e: file:///Users/aiw.robson/Documents/Projects/ElectricalAge2/src/main/kotlin/mods/eln/block/ArcClayBlock.kt:19:15 Unresolved reference: Side
e: file:///Users/aiw.robson/Documents/Projects/ElectricalAge2/src/main/kotlin/mods/eln/block/ArcClayBlock.kt:20:5 'registerBlockIcons' overrides nothing
e: file:///Users/aiw.robson/Documents/Projects/ElectricalAge2/src/main/kotlin/mods/eln/block/ArcClayBlock.kt:20:51 Unresolved reference: IIconRegister
e: file:///Users/aiw.robson/Documents/Projects/ElectricalAge2/src/main/kotlin/mods/eln/block/ArcClayBlock.kt:24:6 Unresolved reference: SideOnly
e: file:///Users/aiw.robson/Documents/Projects/ElectricalAge2/src/main/kotlin/mods/eln/block/ArcClayBlock.kt:24:15 Unresolved reference: Side
e: file:///Users/aiw.robson/Documents/Projects/ElectricalAge2/src/main/kotlin/mods/eln/block/ArcClayBlock.kt:25:5 'getIcon' overrides nothing
e: file:///Users/aiw.robson/Documents/Projects/ElectricalAge2/src/main/kotlin/mods/eln/block/ArcClayBlock.kt:25:51 Unresolved reference: IIcon
e: file:///Users/aiw.robson/Documents/Projects/ElectricalAge2/src/main/kotlin/mods/eln/block/ArcClayBlock.kt:34:29 Unresolved reference: Material
e: file:///Users/aiw.robson/Documents/Projects/ElectricalAge2/src/main/kotlin/mods/eln/block/ArcClayBlock.kt:35:23 Unresolved reference: IIcon
e: file:///Users/aiw.robson/Documents/Projects/ElectricalAge2/src/main/kotlin/mods/eln/block/ArcClayBlock.kt:38:9 Unresolved reference: setBlockName
e: file:///Users/aiw.robson/Documents/Projects/ElectricalAge2/src/main/kotlin/mods/eln/block/ArcClayBlock.kt:39:9 Unresolved reference: setBlockTextureName
e: file:///Users/aiw.robson/Documents/Projects/ElectricalAge2/src/main/kotlin/mods/eln/block/ArcClayBlock.kt:40:9 Unresolved reference: setCreativeTab
e: file:///Users/aiw.robson/Documents/Projects/ElectricalAge2/src/main/kotlin/mods/eln/block/ArcClayBlock.kt:43:6 Unresolved reference: SideOnly
e: file:///Users/aiw.robson/Documents/Projects/ElectricalAge2/src/main/kotlin/mods/eln/block/ArcClayBlock.kt:43:15 Unresolved reference: Side
e: file:///Users/aiw.robson/Documents/Projects/ElectricalAge2/src/main/kotlin/mods/eln/block/ArcClayBlock.kt:44:5 'registerBlockIcons' overrides nothing
e: file:///Users/aiw.robson/Documents/Projects/ElectricalAge2/src/main/kotlin/mods/eln/block/ArcClayBlock.kt:44:51 Unresolved reference: IIconRegister
e: file:///Users/aiw.robson/Documents/Projects/ElectricalAge2/src/main/kotlin/mods/eln/block/ArcClayBlock.kt:48:6 Unresolved reference: SideOnly
e: file:///Users/aiw.robson/Documents/Projects/ElectricalAge2/src/main/kotlin/mods/eln/block/ArcClayBlock.kt:48:15 Unresolved reference: Side
e: file:///Users/aiw.robson/Documents/Projects/ElectricalAge2/src/main/kotlin/mods/eln/block/ArcClayBlock.kt:49:5 'getIcon' overrides nothing
e: file:///Users/aiw.robson/Documents/Projects/ElectricalAge2/src/main/kotlin/mods/eln/block/ArcClayBlock.kt:49:51 Unresolved reference: IIcon
e: file:///Users/aiw.robson/Documents/Projects/ElectricalAge2/src/main/kotlin/mods/eln/block/ArcClayBlock.kt:58:42 Unresolved reference: ItemBlock
e: file:///Users/aiw.robson/Documents/Projects/ElectricalAge2/src/main/kotlin/mods/eln/block/ArcClayBlock.kt:60:41 Unresolved reference: ItemBlock
e: file:///Users/aiw.robson/Documents/Projects/ElectricalAge2/src/main/kotlin/mods/eln/cable/CableRender.kt:10:22 Unresolved reference: tileentity
e: file:///Users/aiw.robson/Documents/Projects/ElectricalAge2/src/main/kotlin/mods/eln/cable/CableRender.kt:20:30 Unresolved reference: TileEntity
e: file:///Users/aiw.robson/Documents/Projects/ElectricalAge2/src/main/kotlin/mods/eln/cable/CableRender.kt:25:25 Unresolved reference: xCoord
e: file:///Users/aiw.robson/Documents/Projects/ElectricalAge2/src/main/kotlin/mods/eln/cable/CableRender.kt:26:25 Unresolved reference: yCoord
e: file:///Users/aiw.robson/Documents/Projects/ElectricalAge2/src/main/kotlin/mods/eln/cable/CableRender.kt:27:25 Unresolved reference: zCoord
e: file:///Users/aiw.robson/Documents/Projects/ElectricalAge2/src/main/kotlin/mods/eln/cable/CableRender.kt:38:44 Unresolved reference: getTileEntity
e: file:///Users/aiw.robson/Documents/Projects/ElectricalAge2/src/main/kotlin/mods/eln/cable/CableRender.kt:44:72 Unresolved reference: getLRDUGoingTo
e: file:///Users/aiw.robson/Documents/Projects/ElectricalAge2/src/main/kotlin/mods/eln/cable/CableRender.kt:46:75 Unresolved reference: getLRDUGoingTo
e: file:///Users/aiw.robson/Documents/Projects/ElectricalAge2/src/main/kotlin/mods/eln/cable/CableRender.kt:52:48 Unresolved reference: getBlock
e: file:///Users/aiw.robson/Documents/Projects/ElectricalAge2/src/main/kotlin/mods/eln/cable/CableRender.kt:63:48 Unresolved reference: getTileEntity
e: file:///Users/aiw.robson/Documents/Projects/ElectricalAge2/src/main/kotlin/mods/eln/cable/CableRender.kt:65:47 Function invocation 'inverse()' expected
e: file:///Users/aiw.robson/Documents/Projects/ElectricalAge2/src/main/kotlin/mods/eln/cable/CableRender.kt:66:52 Unresolved reference: getLRDUGoingTo
e: file:///Users/aiw.robson/Documents/Projects/ElectricalAge2/src/main/kotlin/mods/eln/cable/CableRender.kt:67:75 Unresolved reference: getLRDUGoingTo
e: file:///Users/aiw.robson/Documents/Projects/ElectricalAge2/src/main/kotlin/mods/eln/cable/CableRender.kt:109:30 Unresolved reference: TileEntity
e: file:///Users/aiw.robson/Documents/Projects/ElectricalAge2/src/main/kotlin/mods/eln/cable/CableRender.kt:117:42 Unresolved reference: getLRDUGoingTo
e: file:///Users/aiw.robson/Documents/Projects/ElectricalAge2/src/main/kotlin/mods/eln/cable/CableRender.kt:144:37 Unresolved reference: xCoord
e: file:///Users/aiw.robson/Documents/Projects/ElectricalAge2/src/main/kotlin/mods/eln/cable/CableRender.kt:145:37 Unresolved reference: yCoord
e: file:///Users/aiw.robson/Documents/Projects/ElectricalAge2/src/main/kotlin/mods/eln/cable/CableRender.kt:146:37 Unresolved reference: zCoord
e: file:///Users/aiw.robson/Documents/Projects/ElectricalAge2/src/main/kotlin/mods/eln/cable/CableRender.kt:157:56 Unresolved reference: getTileEntity
e: file:///Users/aiw.robson/Documents/Projects/ElectricalAge2/src/main/kotlin/mods/eln/cable/CableRender.kt:171:46 Unresolved reference: getBlock
e: file:///Users/aiw.robson/Documents/Projects/ElectricalAge2/src/main/kotlin/mods/eln/cable/CableRender.kt:188:60 Unresolved reference: getTileEntity
e: file:///Users/aiw.robson/Documents/Projects/ElectricalAge2/src/main/kotlin/mods/eln/cable/CableRender.kt:190:47 Function invocation 'inverse()' expected
e: file:///Users/aiw.robson/Documents/Projects/ElectricalAge2/src/main/kotlin/mods/eln/cable/CableRender.kt:191:52 Unresolved reference: getLRDUGoingTo
e: file:///Users/aiw.robson/Documents/Projects/ElectricalAge2/src/main/kotlin/mods/eln/cable/CableRenderDescriptor.kt:4:27 Unresolved reference: ResourceLocation
e: file:///Users/aiw.robson/Documents/Projects/ElectricalAge2/src/main/kotlin/mods/eln/cable/CableRenderDescriptor.kt:11:24 Unresolved reference: ResourceLocation
e: file:///Users/aiw.robson/Documents/Projects/ElectricalAge2/src/main/kotlin/mods/eln/cable/CopperCableDescriptor.kt:7:45 This type is final, so it cannot be inherited from
e: file:///Users/aiw.robson/Documents/Projects/ElectricalAge2/src/main/kotlin/mods/eln/cable/CopperCableDescriptor.kt:14:9 Unresolved reference. None of the following candidates is applicable because of receiver type mismatch: 
public final var electricalRp: Double defined in mods.eln.cable.CopperCableDescriptor
e: file:///Users/aiw.robson/Documents/Projects/ElectricalAge2/src/main/kotlin/mods/eln/cable/CopperCableDescriptor.kt:15:9 Unresolved reference. None of the following candidates is applicable because of receiver type mismatch: 
public final var electricalMaximalPower: Double defined in mods.eln.cable.CopperCableDescriptor
e: file:///Users/aiw.robson/Documents/Projects/ElectricalAge2/src/main/kotlin/mods/eln/cable/ElectricalCableDescriptor.kt:82:51 None of the following functions can be called with the arguments supplied: 
public final fun fromCable(descriptor: CurrentCableDescriptor?): VoltageLevelColor defined in mods.eln.misc.VoltageLevelColor.Companion
public final fun fromCable(descriptor: ElectricalCableDescriptor?): VoltageLevelColor defined in mods.eln.misc.VoltageLevelColor.Companion
e: file:///Users/aiw.robson/Documents/Projects/ElectricalAge2/src/main/kotlin/mods/eln/cable/ElectricalCableDescriptor.kt:108:5 'addRealismContext' overrides nothing
e: file:///Users/aiw.robson/Documents/Projects/ElectricalAge2/src/main/kotlin/mods/eln/cable/ElectricalCableDescriptor.kt:117:5 'addInformation' overrides nothing
e: file:///Users/aiw.robson/Documents/Projects/ElectricalAge2/src/main/kotlin/mods/eln/cable/ElectricalCableDescriptor.kt:118:15 Unresolved reference: addInformation
e: file:///Users/aiw.robson/Documents/Projects/ElectricalAge2/src/main/kotlin/mods/eln/client/ClientKeyHandler.kt:9:22 Unresolved reference: Root
e: file:///Users/aiw.robson/Documents/Projects/ElectricalAge2/src/main/kotlin/mods/eln/client/ClientKeyHandler.kt:10:29 Unresolved reference: settings
e: file:///Users/aiw.robson/Documents/Projects/ElectricalAge2/src/main/kotlin/mods/eln/client/ClientKeyHandler.kt:11:27 Unresolved reference: StatCollector
e: file:///Users/aiw.robson/Documents/Projects/ElectricalAge2/src/main/kotlin/mods/eln/client/ClientKeyHandler.kt:12:18 Unresolved reference: input
e: file:///Users/aiw.robson/Documents/Projects/ElectricalAge2/src/main/kotlin/mods/eln/client/ClientKeyHandler.kt:17:117 Unresolved reference: KeyBinding
e: file:///Users/aiw.robson/Documents/Projects/ElectricalAge2/src/main/kotlin/mods/eln/client/ClientKeyHandler.kt:22:26 Unresolved reference: Keyboard
e: file:///Users/aiw.robson/Documents/Projects/ElectricalAge2/src/main/kotlin/mods/eln/client/ClientKeyHandler.kt:23:26 Unresolved reference: Keyboard
e: file:///Users/aiw.robson/Documents/Projects/ElectricalAge2/src/main/kotlin/mods/eln/client/ClientKeyHandler.kt:28:26 Unresolved reference: KeyBinding
e: file:///Users/aiw.robson/Documents/Projects/ElectricalAge2/src/main/kotlin/mods/eln/client/ClientKeyHandler.kt:28:65 Unresolved reference: StatCollector
e: file:///Users/aiw.robson/Documents/Projects/ElectricalAge2/src/main/kotlin/mods/eln/client/ClientKeyHandler.kt:29:13 Unresolved reference: ClientRegistry
e: file:///Users/aiw.robson/Documents/Projects/ElectricalAge2/src/main/kotlin/mods/eln/client/ClientKeyHandler.kt:33:6 Unresolved reference: SubscribeEvent
e: file:///Users/aiw.robson/Documents/Projects/ElectricalAge2/src/main/kotlin/mods/eln/client/ClientKeyHandler.kt:34:27 Unresolved reference: KeyInputEvent
e: file:///Users/aiw.robson/Documents/Projects/ElectricalAge2/src/main/kotlin/mods/eln/client/ClientKeyHandler.kt:48:31 Unresolved reference: Root
e: file:///Users/aiw.robson/Documents/Projects/ElectricalAge2/src/main/kotlin/mods/eln/client/ClientKeyHandler.kt:55:38 Unresolved reference: packetPlayerKey
e: file:///Users/aiw.robson/Documents/Projects/ElectricalAge2/src/main/kotlin/mods/eln/client/UuidManager.kt:10:9 Unresolved reference: FMLCommonHandler
e: file:///Users/aiw.robson/Documents/Projects/ElectricalAge2/src/main/kotlin/mods/eln/client/UuidManager.kt:20:6 Unresolved reference: SubscribeEvent
e: file:///Users/aiw.robson/Documents/Projects/ElectricalAge2/src/main/kotlin/mods/eln/client/UuidManager.kt:21:21 Unresolved reference: TickEvent
e: file:///Users/aiw.robson/Documents/Projects/ElectricalAge2/src/main/kotlin/mods/eln/client/UuidManager.kt:22:28 Unresolved reference: Phase
e: file:///Users/aiw.robson/Documents/Projects/ElectricalAge2/src/main/kotlin/mods/eln/client/UuidManager.kt:28:26 Function invocation 'isAlive()' expected
e: file:///Users/aiw.robson/Documents/Projects/ElectricalAge2/src/main/kotlin/mods/eln/config/ConfigHandler.kt:5:17 Unresolved reference: entity
e: file:///Users/aiw.robson/Documents/Projects/ElectricalAge2/src/main/kotlin/mods/eln/config/ConfigHandler.kt:13:20 Unresolved reference: load
e: file:///Users/aiw.robson/Documents/Projects/ElectricalAge2/src/main/kotlin/mods/eln/config/ConfigHandler.kt:18:24 Unresolved reference: hasKey
e: file:///Users/aiw.robson/Documents/Projects/ElectricalAge2/src/main/kotlin/mods/eln/config/ConfigHandler.kt:18:78 Unresolved reference: renameProperty
e: file:///Users/aiw.robson/Documents/Projects/ElectricalAge2/src/main/kotlin/mods/eln/config/ConfigHandler.kt:23:24 Unresolved reference: hasKey
e: file:///Users/aiw.robson/Documents/Projects/ElectricalAge2/src/main/kotlin/mods/eln/config/ConfigHandler.kt:23:67 Unresolved reference: renameProperty
e: file:///Users/aiw.robson/Documents/Projects/ElectricalAge2/src/main/kotlin/mods/eln/config/ConfigHandler.kt:24:24 Unresolved reference: hasKey
e: file:///Users/aiw.robson/Documents/Projects/ElectricalAge2/src/main/kotlin/mods/eln/config/ConfigHandler.kt:24:68 Unresolved reference: renameProperty
e: file:///Users/aiw.robson/Documents/Projects/ElectricalAge2/src/main/kotlin/mods/eln/config/ConfigHandler.kt:25:24 Unresolved reference: hasKey
e: file:///Users/aiw.robson/Documents/Projects/ElectricalAge2/src/main/kotlin/mods/eln/config/ConfigHandler.kt:25:80 Unresolved reference: renameProperty
e: file:///Users/aiw.robson/Documents/Projects/ElectricalAge2/src/main/kotlin/mods/eln/config/ConfigHandler.kt:30:24 Unresolved reference: hasKey
e: file:///Users/aiw.robson/Documents/Projects/ElectricalAge2/src/main/kotlin/mods/eln/config/ConfigHandler.kt:30:77 Unresolved reference: renameProperty
e: file:///Users/aiw.robson/Documents/Projects/ElectricalAge2/src/main/kotlin/mods/eln/config/ConfigHandler.kt:36:28 Unresolved reference. None of the following candidates is applicable because of receiver type mismatch: 
public operator fun MatchGroupCollection.get(name: String): MatchGroup? defined in kotlin.text
e: file:///Users/aiw.robson/Documents/Projects/ElectricalAge2/src/main/kotlin/mods/eln/config/ConfigHandler.kt:36:38 No get method providing array access
e: file:///Users/aiw.robson/Documents/Projects/ElectricalAge2/src/main/kotlin/mods/eln/config/ConfigHandler.kt:37:13 Unresolved reference: modbusPort
e: file:///Users/aiw.robson/Documents/Projects/ElectricalAge2/src/main/kotlin/mods/eln/config/ConfigHandler.kt:37:26 Unresolved reference. None of the following candidates is applicable because of receiver type mismatch: 
public operator fun MatchGroupCollection.get(name: String): MatchGroup? defined in kotlin.text
e: file:///Users/aiw.robson/Documents/Projects/ElectricalAge2/src/main/kotlin/mods/eln/config/ConfigHandler.kt:37:36 No get method providing array access
e: file:///Users/aiw.robson/Documents/Projects/ElectricalAge2/src/main/kotlin/mods/eln/config/ConfigHandler.kt:38:28 Unresolved reference. None of the following candidates is applicable because of receiver type mismatch: 
public operator fun MatchGroupCollection.get(name: String): MatchGroup? defined in kotlin.text
e: file:///Users/aiw.robson/Documents/Projects/ElectricalAge2/src/main/kotlin/mods/eln/config/ConfigHandler.kt:38:38 No get method providing array access
e: file:///Users/aiw.robson/Documents/Projects/ElectricalAge2/src/main/kotlin/mods/eln/config/ConfigHandler.kt:39:31 Unresolved reference. None of the following candidates is applicable because of receiver type mismatch: 
public operator fun MatchGroupCollection.get(name: String): MatchGroup? defined in kotlin.text
e: file:///Users/aiw.robson/Documents/Projects/ElectricalAge2/src/main/kotlin/mods/eln/config/ConfigHandler.kt:39:41 No get method providing array access
e: file:///Users/aiw.robson/Documents/Projects/ElectricalAge2/src/main/kotlin/mods/eln/config/ConfigHandler.kt:41:13 Unresolved reference. None of the following candidates is applicable because of receiver type mismatch: 
public operator fun MatchGroupCollection.get(name: String): MatchGroup? defined in kotlin.text
e: file:///Users/aiw.robson/Documents/Projects/ElectricalAge2/src/main/kotlin/mods/eln/config/ConfigHandler.kt:41:23 No get method providing array access
e: file:///Users/aiw.robson/Documents/Projects/ElectricalAge2/src/main/kotlin/mods/eln/config/ConfigHandler.kt:43:13 Unresolved reference: versionCheckEnabled
e: file:///Users/aiw.robson/Documents/Projects/ElectricalAge2/src/main/kotlin/mods/eln/config/ConfigHandler.kt:44:13 Unresolved reference. None of the following candidates is applicable because of receiver type mismatch: 
public operator fun MatchGroupCollection.get(name: String): MatchGroup? defined in kotlin.text
e: file:///Users/aiw.robson/Documents/Projects/ElectricalAge2/src/main/kotlin/mods/eln/config/ConfigHandler.kt:44:23 No get method providing array access
e: file:///Users/aiw.robson/Documents/Projects/ElectricalAge2/src/main/kotlin/mods/eln/config/ConfigHandler.kt:45:13 Unresolved reference: analyticsEnabled
e: file:///Users/aiw.robson/Documents/Projects/ElectricalAge2/src/main/kotlin/mods/eln/config/ConfigHandler.kt:46:13 Unresolved reference. None of the following candidates is applicable because of receiver type mismatch: 
public operator fun MatchGroupCollection.get(name: String): MatchGroup? defined in kotlin.text
e: file:///Users/aiw.robson/Documents/Projects/ElectricalAge2/src/main/kotlin/mods/eln/config/ConfigHandler.kt:46:23 No get method providing array access
e: file:///Users/aiw.robson/Documents/Projects/ElectricalAge2/src/main/kotlin/mods/eln/config/ConfigHandler.kt:47:13 Unresolved reference: analyticsURL
e: file:///Users/aiw.robson/Documents/Projects/ElectricalAge2/src/main/kotlin/mods/eln/config/ConfigHandler.kt:48:13 Unresolved reference. None of the following candidates is applicable because of receiver type mismatch: 
public operator fun MatchGroupCollection.get(name: String): MatchGroup? defined in kotlin.text
e: file:///Users/aiw.robson/Documents/Projects/ElectricalAge2/src/main/kotlin/mods/eln/config/ConfigHandler.kt:48:23 No get method providing array access
e: file:///Users/aiw.robson/Documents/Projects/ElectricalAge2/src/main/kotlin/mods/eln/config/ConfigHandler.kt:49:13 Unresolved reference: analyticsPlayerUUIDOptIn
e: file:///Users/aiw.robson/Documents/Projects/ElectricalAge2/src/main/kotlin/mods/eln/config/ConfigHandler.kt:49:40 Unresolved reference. None of the following candidates is applicable because of receiver type mismatch: 
public operator fun MatchGroupCollection.get(name: String): MatchGroup? defined in kotlin.text
e: file:///Users/aiw.robson/Documents/Projects/ElectricalAge2/src/main/kotlin/mods/eln/config/ConfigHandler.kt:49:50 No get method providing array access
e: file:///Users/aiw.robson/Documents/Projects/ElectricalAge2/src/main/kotlin/mods/eln/config/ConfigHandler.kt:51:33 Unresolved reference. None of the following candidates is applicable because of receiver type mismatch: 
public operator fun MatchGroupCollection.get(name: String): MatchGroup? defined in kotlin.text
e: file:///Users/aiw.robson/Documents/Projects/ElectricalAge2/src/main/kotlin/mods/eln/config/ConfigHandler.kt:51:43 No get method providing array access
e: file:///Users/aiw.robson/Documents/Projects/ElectricalAge2/src/main/kotlin/mods/eln/config/ConfigHandler.kt:53:13 Unresolved reference: verticalIronCableCrafting
e: file:///Users/aiw.robson/Documents/Projects/ElectricalAge2/src/main/kotlin/mods/eln/config/ConfigHandler.kt:53:41 Unresolved reference. None of the following candidates is applicable because of receiver type mismatch: 
public operator fun MatchGroupCollection.get(name: String): MatchGroup? defined in kotlin.text
e: file:///Users/aiw.robson/Documents/Projects/ElectricalAge2/src/main/kotlin/mods/eln/config/ConfigHandler.kt:53:51 No get method providing array access
e: file:///Users/aiw.robson/Documents/Projects/ElectricalAge2/src/main/kotlin/mods/eln/config/ConfigHandler.kt:56:17 Unresolved reference: analyticsEnabled
e: file:///Users/aiw.robson/Documents/Projects/ElectricalAge2/src/main/kotlin/mods/eln/config/ConfigHandler.kt:57:21 Unresolved reference. None of the following candidates is applicable because of receiver type mismatch: 
public operator fun MatchGroupCollection.get(name: String): MatchGroup? defined in kotlin.text
e: file:///Users/aiw.robson/Documents/Projects/ElectricalAge2/src/main/kotlin/mods/eln/config/ConfigHandler.kt:57:31 No get method providing array access
e: file:///Users/aiw.robson/Documents/Projects/ElectricalAge2/src/main/kotlin/mods/eln/config/ConfigHandler.kt:59:21 Unresolved reference: playerUUID
e: file:///Users/aiw.robson/Documents/Projects/ElectricalAge2/src/main/kotlin/mods/eln/config/ConfigHandler.kt:60:27 Unresolved reference: playerUUID
e: file:///Users/aiw.robson/Documents/Projects/ElectricalAge2/src/main/kotlin/mods/eln/config/ConfigHandler.kt:61:24 Unresolved reference: playerUUID
e: file:///Users/aiw.robson/Documents/Projects/ElectricalAge2/src/main/kotlin/mods/eln/config/ConfigHandler.kt:64:13 Unresolved reference: directPoles
e: file:///Users/aiw.robson/Documents/Projects/ElectricalAge2/src/main/kotlin/mods/eln/config/ConfigHandler.kt:64:27 Unresolved reference. None of the following candidates is applicable because of receiver type mismatch: 
public operator fun MatchGroupCollection.get(name: String): MatchGroup? defined in kotlin.text
e: file:///Users/aiw.robson/Documents/Projects/ElectricalAge2/src/main/kotlin/mods/eln/config/ConfigHandler.kt:64:37 No get method providing array access
e: file:///Users/aiw.robson/Documents/Projects/ElectricalAge2/src/main/kotlin/mods/eln/config/ConfigHandler.kt:66:38 Unresolved reference. None of the following candidates is applicable because of receiver type mismatch: 
public operator fun MatchGroupCollection.get(name: String): MatchGroup? defined in kotlin.text
e: file:///Users/aiw.robson/Documents/Projects/ElectricalAge2/src/main/kotlin/mods/eln/config/ConfigHandler.kt:66:48 No get method providing array access
e: file:///Users/aiw.robson/Documents/Projects/ElectricalAge2/src/main/kotlin/mods/eln/config/ConfigHandler.kt:67:37 Unresolved reference. None of the following candidates is applicable because of receiver type mismatch: 
public operator fun MatchGroupCollection.get(name: String): MatchGroup? defined in kotlin.text
e: file:///Users/aiw.robson/Documents/Projects/ElectricalAge2/src/main/kotlin/mods/eln/config/ConfigHandler.kt:67:47 No get method providing array access
e: file:///Users/aiw.robson/Documents/Projects/ElectricalAge2/src/main/kotlin/mods/eln/config/ConfigHandler.kt:68:38 Unresolved reference. None of the following candidates is applicable because of receiver type mismatch: 
public operator fun MatchGroupCollection.get(name: String): MatchGroup? defined in kotlin.text
e: file:///Users/aiw.robson/Documents/Projects/ElectricalAge2/src/main/kotlin/mods/eln/config/ConfigHandler.kt:68:48 No get method providing array access
e: file:///Users/aiw.robson/Documents/Projects/ElectricalAge2/src/main/kotlin/mods/eln/config/ConfigHandler.kt:69:39 Unresolved reference. None of the following candidates is applicable because of receiver type mismatch: 
public operator fun MatchGroupCollection.get(name: String): MatchGroup? defined in kotlin.text
e: file:///Users/aiw.robson/Documents/Projects/ElectricalAge2/src/main/kotlin/mods/eln/config/ConfigHandler.kt:69:49 No get method providing array access
e: file:///Users/aiw.robson/Documents/Projects/ElectricalAge2/src/main/kotlin/mods/eln/config/ConfigHandler.kt:70:40 Unresolved reference. None of the following candidates is applicable because of receiver type mismatch: 
public operator fun MatchGroupCollection.get(name: String): MatchGroup? defined in kotlin.text
e: file:///Users/aiw.robson/Documents/Projects/ElectricalAge2/src/main/kotlin/mods/eln/config/ConfigHandler.kt:70:50 No get method providing array access
e: file:///Users/aiw.robson/Documents/Projects/ElectricalAge2/src/main/kotlin/mods/eln/config/ConfigHandler.kt:71:13 Unresolved reference: fuelHeatFurnacePowerFactor
e: file:///Users/aiw.robson/Documents/Projects/ElectricalAge2/src/main/kotlin/mods/eln/config/ConfigHandler.kt:71:42 Unresolved reference. None of the following candidates is applicable because of receiver type mismatch: 
public operator fun MatchGroupCollection.get(name: String): MatchGroup? defined in kotlin.text
e: file:///Users/aiw.robson/Documents/Projects/ElectricalAge2/src/main/kotlin/mods/eln/config/ConfigHandler.kt:71:52 No get method providing array access
e: file:///Users/aiw.robson/Documents/Projects/ElectricalAge2/src/main/kotlin/mods/eln/config/ConfigHandler.kt:72:13 Unresolved reference: autominerRange
e: file:///Users/aiw.robson/Documents/Projects/ElectricalAge2/src/main/kotlin/mods/eln/config/ConfigHandler.kt:72:30 Unresolved reference. None of the following candidates is applicable because of receiver type mismatch: 
public operator fun MatchGroupCollection.get(name: String): MatchGroup? defined in kotlin.text
e: file:///Users/aiw.robson/Documents/Projects/ElectricalAge2/src/main/kotlin/mods/eln/config/ConfigHandler.kt:72:40 No get method providing array access
e: file:///Users/aiw.robson/Documents/Projects/ElectricalAge2/src/main/kotlin/mods/eln/config/ConfigHandler.kt:75:15 Unresolved reference: wattsToEu
e: file:///Users/aiw.robson/Documents/Projects/ElectricalAge2/src/main/kotlin/mods/eln/config/ConfigHandler.kt:76:13 Unresolved reference. None of the following candidates is applicable because of receiver type mismatch: 
public operator fun MatchGroupCollection.get(name: String): MatchGroup? defined in kotlin.text
e: file:///Users/aiw.robson/Documents/Projects/ElectricalAge2/src/main/kotlin/mods/eln/config/ConfigHandler.kt:76:23 No get method providing array access
e: file:///Users/aiw.robson/Documents/Projects/ElectricalAge2/src/main/kotlin/mods/eln/config/ConfigHandler.kt:77:15 Unresolved reference: wattsToOC
e: file:///Users/aiw.robson/Documents/Projects/ElectricalAge2/src/main/kotlin/mods/eln/config/ConfigHandler.kt:77:27 Unresolved reference. None of the following candidates is applicable because of receiver type mismatch: 
public operator fun MatchGroupCollection.get(name: String): MatchGroup? defined in kotlin.text
e: file:///Users/aiw.robson/Documents/Projects/ElectricalAge2/src/main/kotlin/mods/eln/config/ConfigHandler.kt:77:37 No get method providing array access
e: file:///Users/aiw.robson/Documents/Projects/ElectricalAge2/src/main/kotlin/mods/eln/config/ConfigHandler.kt:79:15 Unresolved reference: wattsToRf
e: file:///Users/aiw.robson/Documents/Projects/ElectricalAge2/src/main/kotlin/mods/eln/config/ConfigHandler.kt:79:27 Unresolved reference. None of the following candidates is applicable because of receiver type mismatch: 
public operator fun MatchGroupCollection.get(name: String): MatchGroup? defined in kotlin.text
e: file:///Users/aiw.robson/Documents/Projects/ElectricalAge2/src/main/kotlin/mods/eln/config/ConfigHandler.kt:79:37 No get method providing array access
e: file:///Users/aiw.robson/Documents/Projects/ElectricalAge2/src/main/kotlin/mods/eln/config/ConfigHandler.kt:81:13 Unresolved reference: plateConversionRatio
e: file:///Users/aiw.robson/Documents/Projects/ElectricalAge2/src/main/kotlin/mods/eln/config/ConfigHandler.kt:81:36 Unresolved reference. None of the following candidates is applicable because of receiver type mismatch: 
public operator fun MatchGroupCollection.get(name: String): MatchGroup? defined in kotlin.text
e: file:///Users/aiw.robson/Documents/Projects/ElectricalAge2/src/main/kotlin/mods/eln/config/ConfigHandler.kt:81:46 No get method providing array access
e: file:///Users/aiw.robson/Documents/Projects/ElectricalAge2/src/main/kotlin/mods/eln/config/ConfigHandler.kt:82:13 Unresolved reference: shaftEnergyFactor
e: file:///Users/aiw.robson/Documents/Projects/ElectricalAge2/src/main/kotlin/mods/eln/config/ConfigHandler.kt:82:33 Unresolved reference. None of the following candidates is applicable because of receiver type mismatch: 
public operator fun MatchGroupCollection.get(name: String): MatchGroup? defined in kotlin.text
e: file:///Users/aiw.robson/Documents/Projects/ElectricalAge2/src/main/kotlin/mods/eln/config/ConfigHandler.kt:82:43 No get method providing array access
e: file:///Users/aiw.robson/Documents/Projects/ElectricalAge2/src/main/kotlin/mods/eln/config/ConfigHandler.kt:84:34 Unresolved reference. None of the following candidates is applicable because of receiver type mismatch: 
public operator fun MatchGroupCollection.get(name: String): MatchGroup? defined in kotlin.text
e: file:///Users/aiw.robson/Documents/Projects/ElectricalAge2/src/main/kotlin/mods/eln/config/ConfigHandler.kt:84:44 No get method providing array access
e: file:///Users/aiw.robson/Documents/Projects/ElectricalAge2/src/main/kotlin/mods/eln/config/ConfigHandler.kt:85:58 Unresolved reference: minecraftDay
e: file:///Users/aiw.robson/Documents/Projects/ElectricalAge2/src/main/kotlin/mods/eln/config/ConfigHandler.kt:86:37 Unresolved reference. None of the following candidates is applicable because of receiver type mismatch: 
public operator fun MatchGroupCollection.get(name: String): MatchGroup? defined in kotlin.text
e: file:///Users/aiw.robson/Documents/Projects/ElectricalAge2/src/main/kotlin/mods/eln/config/ConfigHandler.kt:86:47 No get method providing array access
e: file:///Users/aiw.robson/Documents/Projects/ElectricalAge2/src/main/kotlin/mods/eln/config/ConfigHandler.kt:88:35 Unresolved reference. None of the following candidates is applicable because of receiver type mismatch: 
public operator fun MatchGroupCollection.get(name: String): MatchGroup? defined in kotlin.text
e: file:///Users/aiw.robson/Documents/Projects/ElectricalAge2/src/main/kotlin/mods/eln/config/ConfigHandler.kt:88:45 No get method providing array access
e: file:///Users/aiw.robson/Documents/Projects/ElectricalAge2/src/main/kotlin/mods/eln/config/ConfigHandler.kt:91:13 Unresolved reference. None of the following candidates is applicable because of receiver type mismatch: 
public operator fun MatchGroupCollection.get(name: String): MatchGroup? defined in kotlin.text
e: file:///Users/aiw.robson/Documents/Projects/ElectricalAge2/src/main/kotlin/mods/eln/config/ConfigHandler.kt:91:23 No get method providing array access
e: file:///Users/aiw.robson/Documents/Projects/ElectricalAge2/src/main/kotlin/mods/eln/config/ConfigHandler.kt:95:13 Unresolved reference: replicatorPop
e: file:///Users/aiw.robson/Documents/Projects/ElectricalAge2/src/main/kotlin/mods/eln/config/ConfigHandler.kt:95:29 Unresolved reference. None of the following candidates is applicable because of receiver type mismatch: 
public operator fun MatchGroupCollection.get(name: String): MatchGroup? defined in kotlin.text
e: file:///Users/aiw.robson/Documents/Projects/ElectricalAge2/src/main/kotlin/mods/eln/config/ConfigHandler.kt:95:39 No get method providing array access
e: file:///Users/aiw.robson/Documents/Projects/ElectricalAge2/src/main/kotlin/mods/eln/config/ConfigHandler.kt:96:9 Unresolved reference: ReplicatorPopProcess
e: file:///Users/aiw.robson/Documents/Projects/ElectricalAge2/src/main/kotlin/mods/eln/config/ConfigHandler.kt:96:30 Variable expected
e: file:///Users/aiw.robson/Documents/Projects/ElectricalAge2/src/main/kotlin/mods/eln/config/ConfigHandler.kt:97:13 Unresolved reference. None of the following candidates is applicable because of receiver type mismatch: 
public operator fun MatchGroupCollection.get(name: String): MatchGroup? defined in kotlin.text
e: file:///Users/aiw.robson/Documents/Projects/ElectricalAge2/src/main/kotlin/mods/eln/config/ConfigHandler.kt:97:23 No get method providing array access
e: file:///Users/aiw.robson/Documents/Projects/ElectricalAge2/src/main/kotlin/mods/eln/config/ConfigHandler.kt:98:13 Unresolved reference: replicatorRegistrationId
e: file:///Users/aiw.robson/Documents/Projects/ElectricalAge2/src/main/kotlin/mods/eln/config/ConfigHandler.kt:98:40 Unresolved reference. None of the following candidates is applicable because of receiver type mismatch: 
public operator fun MatchGroupCollection.get(name: String): MatchGroup? defined in kotlin.text
e: file:///Users/aiw.robson/Documents/Projects/ElectricalAge2/src/main/kotlin/mods/eln/config/ConfigHandler.kt:98:50 No get method providing array access
e: file:///Users/aiw.robson/Documents/Projects/ElectricalAge2/src/main/kotlin/mods/eln/config/ConfigHandler.kt:99:13 Unresolved reference: killMonstersAroundLamps
e: file:///Users/aiw.robson/Documents/Projects/ElectricalAge2/src/main/kotlin/mods/eln/config/ConfigHandler.kt:99:39 Unresolved reference. None of the following candidates is applicable because of receiver type mismatch: 
public operator fun MatchGroupCollection.get(name: String): MatchGroup? defined in kotlin.text
e: file:///Users/aiw.robson/Documents/Projects/ElectricalAge2/src/main/kotlin/mods/eln/config/ConfigHandler.kt:99:49 No get method providing array access
e: file:///Users/aiw.robson/Documents/Projects/ElectricalAge2/src/main/kotlin/mods/eln/config/ConfigHandler.kt:100:13 Unresolved reference: killMonstersAroundLampsRange
e: file:///Users/aiw.robson/Documents/Projects/ElectricalAge2/src/main/kotlin/mods/eln/config/ConfigHandler.kt:100:44 Unresolved reference. None of the following candidates is applicable because of receiver type mismatch: 
public operator fun MatchGroupCollection.get(name: String): MatchGroup? defined in kotlin.text
e: file:///Users/aiw.robson/Documents/Projects/ElectricalAge2/src/main/kotlin/mods/eln/config/ConfigHandler.kt:100:54 No get method providing array access
e: file:///Users/aiw.robson/Documents/Projects/ElectricalAge2/src/main/kotlin/mods/eln/config/ConfigHandler.kt:101:13 Unresolved reference: maxReplicators
e: file:///Users/aiw.robson/Documents/Projects/ElectricalAge2/src/main/kotlin/mods/eln/config/ConfigHandler.kt:101:30 Unresolved reference. None of the following candidates is applicable because of receiver type mismatch: 
public operator fun MatchGroupCollection.get(name: String): MatchGroup? defined in kotlin.text
e: file:///Users/aiw.robson/Documents/Projects/ElectricalAge2/src/main/kotlin/mods/eln/config/ConfigHandler.kt:101:40 No get method providing array access
e: file:///Users/aiw.robson/Documents/Projects/ElectricalAge2/src/main/kotlin/mods/eln/config/ConfigHandler.kt:103:29 Unresolved reference. None of the following candidates is applicable because of receiver type mismatch: 
public operator fun MatchGroupCollection.get(name: String): MatchGroup? defined in kotlin.text
e: file:///Users/aiw.robson/Documents/Projects/ElectricalAge2/src/main/kotlin/mods/eln/config/ConfigHandler.kt:103:39 No get method providing array access
e: file:///Users/aiw.robson/Documents/Projects/ElectricalAge2/src/main/kotlin/mods/eln/config/ConfigHandler.kt:104:25 Unresolved reference. None of the following candidates is applicable because of receiver type mismatch: 
public operator fun MatchGroupCollection.get(name: String): MatchGroup? defined in kotlin.text
e: file:///Users/aiw.robson/Documents/Projects/ElectricalAge2/src/main/kotlin/mods/eln/config/ConfigHandler.kt:104:35 No get method providing array access
e: file:///Users/aiw.robson/Documents/Projects/ElectricalAge2/src/main/kotlin/mods/eln/config/ConfigHandler.kt:105:23 Unresolved reference. None of the following candidates is applicable because of receiver type mismatch: 
public operator fun MatchGroupCollection.get(name: String): MatchGroup? defined in kotlin.text
e: file:///Users/aiw.robson/Documents/Projects/ElectricalAge2/src/main/kotlin/mods/eln/config/ConfigHandler.kt:105:33 No get method providing array access
e: file:///Users/aiw.robson/Documents/Projects/ElectricalAge2/src/main/kotlin/mods/eln/config/ConfigHandler.kt:106:27 Unresolved reference. None of the following candidates is applicable because of receiver type mismatch: 
public operator fun MatchGroupCollection.get(name: String): MatchGroup? defined in kotlin.text
e: file:///Users/aiw.robson/Documents/Projects/ElectricalAge2/src/main/kotlin/mods/eln/config/ConfigHandler.kt:106:37 No get method providing array access
e: file:///Users/aiw.robson/Documents/Projects/ElectricalAge2/src/main/kotlin/mods/eln/config/ConfigHandler.kt:107:27 Unresolved reference. None of the following candidates is applicable because of receiver type mismatch: 
public operator fun MatchGroupCollection.get(name: String): MatchGroup? defined in kotlin.text
e: file:///Users/aiw.robson/Documents/Projects/ElectricalAge2/src/main/kotlin/mods/eln/config/ConfigHandler.kt:107:37 No get method providing array access
e: file:///Users/aiw.robson/Documents/Projects/ElectricalAge2/src/main/kotlin/mods/eln/config/ConfigHandler.kt:110:31 Unresolved reference. None of the following candidates is applicable because of receiver type mismatch: 
public operator fun MatchGroupCollection.get(name: String): MatchGroup? defined in kotlin.text
e: file:///Users/aiw.robson/Documents/Projects/ElectricalAge2/src/main/kotlin/mods/eln/config/ConfigHandler.kt:110:41 No get method providing array access
e: file:///Users/aiw.robson/Documents/Projects/ElectricalAge2/src/main/kotlin/mods/eln/config/ConfigHandler.kt:112:35 Type mismatch: inferred type is String but Boolean was expected
e: file:///Users/aiw.robson/Documents/Projects/ElectricalAge2/src/main/kotlin/mods/eln/config/ConfigHandler.kt:113:36 Type mismatch: inferred type is String but Boolean was expected
e: file:///Users/aiw.robson/Documents/Projects/ElectricalAge2/src/main/kotlin/mods/eln/config/ConfigHandler.kt:114:37 Type mismatch: inferred type is String but Boolean was expected
e: file:///Users/aiw.robson/Documents/Projects/ElectricalAge2/src/main/kotlin/mods/eln/config/ConfigHandler.kt:116:35 Type mismatch: inferred type is String but Boolean was expected
e: file:///Users/aiw.robson/Documents/Projects/ElectricalAge2/src/main/kotlin/mods/eln/config/ConfigHandler.kt:117:36 Type mismatch: inferred type is String but Boolean was expected
e: file:///Users/aiw.robson/Documents/Projects/ElectricalAge2/src/main/kotlin/mods/eln/config/ConfigHandler.kt:118:37 Type mismatch: inferred type is String but Boolean was expected
e: file:///Users/aiw.robson/Documents/Projects/ElectricalAge2/src/main/kotlin/mods/eln/config/ConfigHandler.kt:120:28 Unresolved reference. None of the following candidates is applicable because of receiver type mismatch: 
public operator fun MatchGroupCollection.get(name: String): MatchGroup? defined in kotlin.text
e: file:///Users/aiw.robson/Documents/Projects/ElectricalAge2/src/main/kotlin/mods/eln/config/ConfigHandler.kt:120:38 No get method providing array access
e: file:///Users/aiw.robson/Documents/Projects/ElectricalAge2/src/main/kotlin/mods/eln/config/ConfigHandler.kt:122:33 Type mismatch: inferred type is String but Boolean was expected
e: file:///Users/aiw.robson/Documents/Projects/ElectricalAge2/src/main/kotlin/mods/eln/config/ConfigHandler.kt:123:36 Type mismatch: inferred type is String but Boolean was expected
e: file:///Users/aiw.robson/Documents/Projects/ElectricalAge2/src/main/kotlin/mods/eln/config/ConfigHandler.kt:125:33 Type mismatch: inferred type is String but Boolean was expected
e: file:///Users/aiw.robson/Documents/Projects/ElectricalAge2/src/main/kotlin/mods/eln/config/ConfigHandler.kt:126:36 Type mismatch: inferred type is String but Boolean was expected
e: file:///Users/aiw.robson/Documents/Projects/ElectricalAge2/src/main/kotlin/mods/eln/config/ConfigHandler.kt:129:13 Unresolved reference: incandescentLampLife
e: file:///Users/aiw.robson/Documents/Projects/ElectricalAge2/src/main/kotlin/mods/eln/config/ConfigHandler.kt:129:36 Unresolved reference. None of the following candidates is applicable because of receiver type mismatch: 
public operator fun MatchGroupCollection.get(name: String): MatchGroup? defined in kotlin.text
e: file:///Users/aiw.robson/Documents/Projects/ElectricalAge2/src/main/kotlin/mods/eln/config/ConfigHandler.kt:129:46 No get method providing array access
e: file:///Users/aiw.robson/Documents/Projects/ElectricalAge2/src/main/kotlin/mods/eln/config/ConfigHandler.kt:130:13 Unresolved reference: economicLampLife
e: file:///Users/aiw.robson/Documents/Projects/ElectricalAge2/src/main/kotlin/mods/eln/config/ConfigHandler.kt:130:32 Unresolved reference. None of the following candidates is applicable because of receiver type mismatch: 
public operator fun MatchGroupCollection.get(name: String): MatchGroup? defined in kotlin.text
e: file:///Users/aiw.robson/Documents/Projects/ElectricalAge2/src/main/kotlin/mods/eln/config/ConfigHandler.kt:130:42 No get method providing array access
e: file:///Users/aiw.robson/Documents/Projects/ElectricalAge2/src/main/kotlin/mods/eln/config/ConfigHandler.kt:131:13 Unresolved reference: carbonLampLife
e: file:///Users/aiw.robson/Documents/Projects/ElectricalAge2/src/main/kotlin/mods/eln/config/ConfigHandler.kt:131:30 Unresolved reference. None of the following candidates is applicable because of receiver type mismatch: 
public operator fun MatchGroupCollection.get(name: String): MatchGroup? defined in kotlin.text
e: file:///Users/aiw.robson/Documents/Projects/ElectricalAge2/src/main/kotlin/mods/eln/config/ConfigHandler.kt:131:40 No get method providing array access
e: file:///Users/aiw.robson/Documents/Projects/ElectricalAge2/src/main/kotlin/mods/eln/config/ConfigHandler.kt:132:13 Unresolved reference: ledLampLife
e: file:///Users/aiw.robson/Documents/Projects/ElectricalAge2/src/main/kotlin/mods/eln/config/ConfigHandler.kt:132:27 Unresolved reference. None of the following candidates is applicable because of receiver type mismatch: 
public operator fun MatchGroupCollection.get(name: String): MatchGroup? defined in kotlin.text
e: file:///Users/aiw.robson/Documents/Projects/ElectricalAge2/src/main/kotlin/mods/eln/config/ConfigHandler.kt:132:37 No get method providing array access
e: file:///Users/aiw.robson/Documents/Projects/ElectricalAge2/src/main/kotlin/mods/eln/config/ConfigHandler.kt:133:35 Unresolved reference. None of the following candidates is applicable because of receiver type mismatch: 
public operator fun MatchGroupCollection.get(name: String): MatchGroup? defined in kotlin.text
e: file:///Users/aiw.robson/Documents/Projects/ElectricalAge2/src/main/kotlin/mods/eln/config/ConfigHandler.kt:133:45 No get method providing array access
e: file:///Users/aiw.robson/Documents/Projects/ElectricalAge2/src/main/kotlin/mods/eln/config/ConfigHandler.kt:134:13 Unresolved reference: allowSwingingLamps
e: file:///Users/aiw.robson/Documents/Projects/ElectricalAge2/src/main/kotlin/mods/eln/config/ConfigHandler.kt:134:34 Unresolved reference. None of the following candidates is applicable because of receiver type mismatch: 
public operator fun MatchGroupCollection.get(name: String): MatchGroup? defined in kotlin.text
e: file:///Users/aiw.robson/Documents/Projects/ElectricalAge2/src/main/kotlin/mods/eln/config/ConfigHandler.kt:134:44 No get method providing array access
e: file:///Users/aiw.robson/Documents/Projects/ElectricalAge2/src/main/kotlin/mods/eln/config/ConfigHandler.kt:137:13 Unresolved reference. None of the following candidates is applicable because of receiver type mismatch: 
public operator fun MatchGroupCollection.get(name: String): MatchGroup? defined in kotlin.text
e: file:///Users/aiw.robson/Documents/Projects/ElectricalAge2/src/main/kotlin/mods/eln/config/ConfigHandler.kt:137:23 No get method providing array access
e: file:///Users/aiw.robson/Documents/Projects/ElectricalAge2/src/main/kotlin/mods/eln/config/ConfigHandler.kt:139:13 Unresolved reference: addOtherModOreToXRay
e: file:///Users/aiw.robson/Documents/Projects/ElectricalAge2/src/main/kotlin/mods/eln/config/ConfigHandler.kt:139:36 Unresolved reference. None of the following candidates is applicable because of receiver type mismatch: 
public operator fun MatchGroupCollection.get(name: String): MatchGroup? defined in kotlin.text
e: file:///Users/aiw.robson/Documents/Projects/ElectricalAge2/src/main/kotlin/mods/eln/config/ConfigHandler.kt:139:46 No get method providing array access
e: file:///Users/aiw.robson/Documents/Projects/ElectricalAge2/src/main/kotlin/mods/eln/config/ConfigHandler.kt:140:13 Unresolved reference: xRayScannerRange
e: file:///Users/aiw.robson/Documents/Projects/ElectricalAge2/src/main/kotlin/mods/eln/config/ConfigHandler.kt:140:32 Unresolved reference. None of the following candidates is applicable because of receiver type mismatch: 
public operator fun MatchGroupCollection.get(name: String): MatchGroup? defined in kotlin.text
e: file:///Users/aiw.robson/Documents/Projects/ElectricalAge2/src/main/kotlin/mods/eln/config/ConfigHandler.kt:140:42 No get method providing array access
e: file:///Users/aiw.robson/Documents/Projects/ElectricalAge2/src/main/kotlin/mods/eln/config/ConfigHandler.kt:142:13 Unresolved reference: xRayScannerRange
e: file:///Users/aiw.robson/Documents/Projects/ElectricalAge2/src/main/kotlin/mods/eln/config/ConfigHandler.kt:142:44 Unresolved reference: xRayScannerRange
e: file:///Users/aiw.robson/Documents/Projects/ElectricalAge2/src/main/kotlin/mods/eln/config/ConfigHandler.kt:143:13 Unresolved reference: xRayScannerCanBeCrafted
e: file:///Users/aiw.robson/Documents/Projects/ElectricalAge2/src/main/kotlin/mods/eln/config/ConfigHandler.kt:143:39 Unresolved reference. None of the following candidates is applicable because of receiver type mismatch: 
public operator fun MatchGroupCollection.get(name: String): MatchGroup? defined in kotlin.text
e: file:///Users/aiw.robson/Documents/Projects/ElectricalAge2/src/main/kotlin/mods/eln/config/ConfigHandler.kt:143:49 No get method providing array access
e: file:///Users/aiw.robson/Documents/Projects/ElectricalAge2/src/main/kotlin/mods/eln/config/ConfigHandler.kt:146:13 Unresolved reference. None of the following candidates is applicable because of receiver type mismatch: 
public operator fun MatchGroupCollection.get(name: String): MatchGroup? defined in kotlin.text
e: file:///Users/aiw.robson/Documents/Projects/ElectricalAge2/src/main/kotlin/mods/eln/config/ConfigHandler.kt:146:23 No get method providing array access
e: file:///Users/aiw.robson/Documents/Projects/ElectricalAge2/src/main/kotlin/mods/eln/config/ConfigHandler.kt:147:13 Unresolved reference: electricalInterSystemOverSampling
e: file:///Users/aiw.robson/Documents/Projects/ElectricalAge2/src/main/kotlin/mods/eln/config/ConfigHandler.kt:147:49 Unresolved reference. None of the following candidates is applicable because of receiver type mismatch: 
public operator fun MatchGroupCollection.get(name: String): MatchGroup? defined in kotlin.text
e: file:///Users/aiw.robson/Documents/Projects/ElectricalAge2/src/main/kotlin/mods/eln/config/ConfigHandler.kt:147:59 No get method providing array access
e: file:///Users/aiw.robson/Documents/Projects/ElectricalAge2/src/main/kotlin/mods/eln/config/ConfigHandler.kt:150:13 Unresolved reference. None of the following candidates is applicable because of receiver type mismatch: 
public operator fun MatchGroupCollection.get(name: String): MatchGroup? defined in kotlin.text
e: file:///Users/aiw.robson/Documents/Projects/ElectricalAge2/src/main/kotlin/mods/eln/config/ConfigHandler.kt:150:23 No get method providing array access
e: file:///Users/aiw.robson/Documents/Projects/ElectricalAge2/src/main/kotlin/mods/eln/config/ConfigHandler.kt:152:9 Val cannot be reassigned
e: file:///Users/aiw.robson/Documents/Projects/ElectricalAge2/src/main/kotlin/mods/eln/config/ConfigHandler.kt:152:31 Unresolved reference. None of the following candidates is applicable because of receiver type mismatch: 
public operator fun MatchGroupCollection.get(name: String): MatchGroup? defined in kotlin.text
e: file:///Users/aiw.robson/Documents/Projects/ElectricalAge2/src/main/kotlin/mods/eln/config/ConfigHandler.kt:152:41 No get method providing array access
e: file:///Users/aiw.robson/Documents/Projects/ElectricalAge2/src/main/kotlin/mods/eln/config/ConfigHandler.kt:156:13 Unresolved reference. None of the following candidates is applicable because of receiver type mismatch: 
public operator fun MatchGroupCollection.get(name: String): MatchGroup? defined in kotlin.text
e: file:///Users/aiw.robson/Documents/Projects/ElectricalAge2/src/main/kotlin/mods/eln/config/ConfigHandler.kt:156:23 No get method providing array access
e: file:///Users/aiw.robson/Documents/Projects/ElectricalAge2/src/main/kotlin/mods/eln/config/ConfigHandler.kt:158:13 Unresolved reference: cablePowerFactor
e: file:///Users/aiw.robson/Documents/Projects/ElectricalAge2/src/main/kotlin/mods/eln/config/ConfigHandler.kt:159:13 Unresolved reference. None of the following candidates is applicable because of receiver type mismatch: 
public operator fun MatchGroupCollection.get(name: String): MatchGroup? defined in kotlin.text
e: file:///Users/aiw.robson/Documents/Projects/ElectricalAge2/src/main/kotlin/mods/eln/config/ConfigHandler.kt:159:23 No get method providing array access
e: file:///Users/aiw.robson/Documents/Projects/ElectricalAge2/src/main/kotlin/mods/eln/config/ConfigHandler.kt:163:13 Unresolved reference: fuelHeatValueFactor
e: file:///Users/aiw.robson/Documents/Projects/ElectricalAge2/src/main/kotlin/mods/eln/config/ConfigHandler.kt:163:35 Unresolved reference. None of the following candidates is applicable because of receiver type mismatch: 
public operator fun MatchGroupCollection.get(name: String): MatchGroup? defined in kotlin.text
e: file:///Users/aiw.robson/Documents/Projects/ElectricalAge2/src/main/kotlin/mods/eln/config/ConfigHandler.kt:163:45 No get method providing array access
e: file:///Users/aiw.robson/Documents/Projects/ElectricalAge2/src/main/kotlin/mods/eln/config/ConfigHandler.kt:166:25 Unresolved reference. None of the following candidates is applicable because of receiver type mismatch: 
public operator fun MatchGroupCollection.get(name: String): MatchGroup? defined in kotlin.text
e: file:///Users/aiw.robson/Documents/Projects/ElectricalAge2/src/main/kotlin/mods/eln/config/ConfigHandler.kt:166:35 No get method providing array access
e: file:///Users/aiw.robson/Documents/Projects/ElectricalAge2/src/main/kotlin/mods/eln/config/ConfigHandler.kt:168:13 Unresolved reference: noVoltageBackground
e: file:///Users/aiw.robson/Documents/Projects/ElectricalAge2/src/main/kotlin/mods/eln/config/ConfigHandler.kt:168:35 Unresolved reference. None of the following candidates is applicable because of receiver type mismatch: 
public operator fun MatchGroupCollection.get(name: String): MatchGroup? defined in kotlin.text
e: file:///Users/aiw.robson/Documents/Projects/ElectricalAge2/src/main/kotlin/mods/eln/config/ConfigHandler.kt:168:45 No get method providing array access
e: file:///Users/aiw.robson/Documents/Projects/ElectricalAge2/src/main/kotlin/mods/eln/config/ConfigHandler.kt:171:9 Val cannot be reassigned
e: file:///Users/aiw.robson/Documents/Projects/ElectricalAge2/src/main/kotlin/mods/eln/config/ConfigHandler.kt:171:32 Unresolved reference. None of the following candidates is applicable because of receiver type mismatch: 
public operator fun MatchGroupCollection.get(name: String): MatchGroup? defined in kotlin.text
e: file:///Users/aiw.robson/Documents/Projects/ElectricalAge2/src/main/kotlin/mods/eln/config/ConfigHandler.kt:171:42 No get method providing array access
e: file:///Users/aiw.robson/Documents/Projects/ElectricalAge2/src/main/kotlin/mods/eln/config/ConfigHandler.kt:173:13 Unresolved reference: soundChannels
e: file:///Users/aiw.robson/Documents/Projects/ElectricalAge2/src/main/kotlin/mods/eln/config/ConfigHandler.kt:173:29 Unresolved reference. None of the following candidates is applicable because of receiver type mismatch: 
public operator fun MatchGroupCollection.get(name: String): MatchGroup? defined in kotlin.text
e: file:///Users/aiw.robson/Documents/Projects/ElectricalAge2/src/main/kotlin/mods/eln/config/ConfigHandler.kt:173:39 No get method providing array access
e: file:///Users/aiw.robson/Documents/Projects/ElectricalAge2/src/main/kotlin/mods/eln/config/ConfigHandler.kt:176:13 Unresolved reference: flywheelMass
e: file:///Users/aiw.robson/Documents/Projects/ElectricalAge2/src/main/kotlin/mods/eln/config/ConfigHandler.kt:178:17 Unresolved reference. None of the following candidates is applicable because of receiver type mismatch: 
public operator fun MatchGroupCollection.get(name: String): MatchGroup? defined in kotlin.text
e: file:///Users/aiw.robson/Documents/Projects/ElectricalAge2/src/main/kotlin/mods/eln/config/ConfigHandler.kt:178:27 No get method providing array access
e: file:///Users/aiw.robson/Documents/Projects/ElectricalAge2/src/main/kotlin/mods/eln/config/ConfigHandler.kt:183:20 Unresolved reference: save
e: file:///Users/aiw.robson/Documents/Projects/ElectricalAge2/src/main/kotlin/mods/eln/craft/CraftingRecipes.kt:4:17 Unresolved reference: entity
e: file:///Users/aiw.robson/Documents/Projects/ElectricalAge2/src/main/kotlin/mods/eln/craft/CraftingRecipes.kt:7:28 Unresolved reference: addSmelting
e: file:///Users/aiw.robson/Documents/Projects/ElectricalAge2/src/main/kotlin/mods/eln/craft/CraftingRecipes.kt:8:28 Unresolved reference: areSame
e: file:///Users/aiw.robson/Documents/Projects/ElectricalAge2/src/main/kotlin/mods/eln/craft/CraftingRecipes.kt:11:22 Unresolved reference: init
e: file:///Users/aiw.robson/Documents/Projects/ElectricalAge2/src/main/kotlin/mods/eln/craft/CraftingRecipes.kt:13:22 Unresolved reference: item
e: file:///Users/aiw.robson/Documents/Projects/ElectricalAge2/src/main/kotlin/mods/eln/craft/CraftingRecipes.kt:14:22 Unresolved reference: item
e: file:///Users/aiw.robson/Documents/Projects/ElectricalAge2/src/main/kotlin/mods/eln/craft/CraftingRecipes.kt:15:22 Unresolved reference: launchwrapper
e: file:///Users/aiw.robson/Documents/Projects/ElectricalAge2/src/main/kotlin/mods/eln/craft/CraftingRecipes.kt:16:27 Unresolved reference: oredict
e: file:///Users/aiw.robson/Documents/Projects/ElectricalAge2/src/main/kotlin/mods/eln/craft/CraftingRecipes.kt:17:27 Unresolved reference: oredict
e: file:///Users/aiw.robson/Documents/Projects/ElectricalAge2/src/main/kotlin/mods/eln/craft/CraftingRecipes.kt:18:27 Unresolved reference: oredict
e: file:///Users/aiw.robson/Documents/Projects/ElectricalAge2/src/main/kotlin/mods/eln/craft/CraftingRecipes.kt:118:27 Type mismatch: inferred type is ArrayList<String> but kotlin.collections.HashSet<String> /* = java.util.HashSet<String> */ was expected
e: file:///Users/aiw.robson/Documents/Projects/ElectricalAge2/src/main/kotlin/mods/eln/craft/CraftingRecipes.kt:136:17 Unresolved reference: OreDictionary
e: file:///Users/aiw.robson/Documents/Projects/ElectricalAge2/src/main/kotlin/mods/eln/craft/CraftingRecipes.kt:173:20 Unresolved reference: CraftingManager
e: file:///Users/aiw.robson/Documents/Projects/ElectricalAge2/src/main/kotlin/mods/eln/craft/CraftingRecipes.kt:175:22 Unresolved reference: IRecipe
e: file:///Users/aiw.robson/Documents/Projects/ElectricalAge2/src/main/kotlin/mods/eln/craft/CraftingRecipes.kt:177:21 Unresolved reference: areSame
e: file:///Users/aiw.robson/Documents/Projects/ElectricalAge2/src/main/kotlin/mods/eln/craft/CraftingRecipes.kt:185:25 Unresolved reference: setLife
e: file:///Users/aiw.robson/Documents/Projects/ElectricalAge2/src/main/kotlin/mods/eln/craft/CraftingRecipes.kt:187:51 None of the following functions can be called with the arguments supplied: 
private constructor ItemStack(p0: ItemLike!, p1: Int, p2: Optional<CompoundTag!>!) defined in net.minecraft.world.item.ItemStack
public constructor ItemStack(p0: ItemLike!, p1: Int, p2: CompoundTag?) defined in net.minecraft.world.item.ItemStack
e: file:///Users/aiw.robson/Documents/Projects/ElectricalAge2/src/main/kotlin/mods/eln/craft/CraftingRecipes.kt:187:68 Unresolved reference: wool
e: file:///Users/aiw.robson/Documents/Projects/ElectricalAge2/src/main/kotlin/mods/eln/craft/CraftingRecipes.kt:190:24 Only safe (?.) or non-null asserted (!!.) calls are allowed on a nullable receiver of type Array<String>?
e: file:///Users/aiw.robson/Documents/Projects/ElectricalAge2/src/main/kotlin/mods/eln/craft/CraftingRecipes.kt:191:60 None of the following functions can be called with the arguments supplied: 
private constructor ItemStack(p0: ItemLike!, p1: Int, p2: Optional<CompoundTag!>!) defined in net.minecraft.world.item.ItemStack
public constructor ItemStack(p0: ItemLike!, p1: Int, p2: CompoundTag?) defined in net.minecraft.world.item.ItemStack
e: file:///Users/aiw.robson/Documents/Projects/ElectricalAge2/src/main/kotlin/mods/eln/craft/CraftingRecipes.kt:191:70 Unresolved reference: Items
e: file:///Users/aiw.robson/Documents/Projects/ElectricalAge2/src/main/kotlin/mods/eln/craft/CraftingRecipes.kt:204:47 Only safe (?.) or non-null asserted (!!.) calls are allowed on a nullable receiver of type ElectricalCableDescriptor?
e: file:///Users/aiw.robson/Documents/Projects/ElectricalAge2/src/main/kotlin/mods/eln/craft/CraftingRecipes.kt:214:51 Only safe (?.) or non-null asserted (!!.) calls are allowed on a nullable receiver of type ElectricalCableDescriptor?
e: file:///Users/aiw.robson/Documents/Projects/ElectricalAge2/src/main/kotlin/mods/eln/craft/CraftingRecipes.kt:218:51 Only safe (?.) or non-null asserted (!!.) calls are allowed on a nullable receiver of type CurrentCableDescriptor?
e: file:///Users/aiw.robson/Documents/Projects/ElectricalAge2/src/main/kotlin/mods/eln/craft/CraftingRecipes.kt:222:54 Only safe (?.) or non-null asserted (!!.) calls are allowed on a nullable receiver of type ElectricalCableDescriptor?
e: file:///Users/aiw.robson/Documents/Projects/ElectricalAge2/src/main/kotlin/mods/eln/craft/CraftingRecipes.kt:223:66 Only safe (?.) or non-null asserted (!!.) calls are allowed on a nullable receiver of type ElectricalCableDescriptor?
e: file:///Users/aiw.robson/Documents/Projects/ElectricalAge2/src/main/kotlin/mods/eln/craft/CraftingRecipes.kt:226:54 Only safe (?.) or non-null asserted (!!.) calls are allowed on a nullable receiver of type CurrentCableDescriptor?
e: file:///Users/aiw.robson/Documents/Projects/ElectricalAge2/src/main/kotlin/mods/eln/craft/CraftingRecipes.kt:232:52 Only safe (?.) or non-null asserted (!!.) calls are allowed on a nullable receiver of type ElectricalCableDescriptor?
e: file:///Users/aiw.robson/Documents/Projects/ElectricalAge2/src/main/kotlin/mods/eln/craft/CraftingRecipes.kt:233:69 Only safe (?.) or non-null asserted (!!.) calls are allowed on a nullable receiver of type ElectricalCableDescriptor?
e: file:///Users/aiw.robson/Documents/Projects/ElectricalAge2/src/main/kotlin/mods/eln/craft/CraftingRecipes.kt:236:52 Only safe (?.) or non-null asserted (!!.) calls are allowed on a nullable receiver of type CurrentCableDescriptor?
e: file:///Users/aiw.robson/Documents/Projects/ElectricalAge2/src/main/kotlin/mods/eln/craft/CraftingRecipes.kt:240:47 Only safe (?.) or non-null asserted (!!.) calls are allowed on a nullable receiver of type ElectricalCableDescriptor?
e: file:///Users/aiw.robson/Documents/Projects/ElectricalAge2/src/main/kotlin/mods/eln/craft/CraftingRecipes.kt:241:49 Unresolved reference: Items
e: file:///Users/aiw.robson/Documents/Projects/ElectricalAge2/src/main/kotlin/mods/eln/craft/CraftingRecipes.kt:244:50 Only safe (?.) or non-null asserted (!!.) calls are allowed on a nullable receiver of type ElectricalCableDescriptor?
e: file:///Users/aiw.robson/Documents/Projects/ElectricalAge2/src/main/kotlin/mods/eln/craft/CraftingRecipes.kt:244:117 Only safe (?.) or non-null asserted (!!.) calls are allowed on a nullable receiver of type ElectricalCableDescriptor?
e: file:///Users/aiw.robson/Documents/Projects/ElectricalAge2/src/main/kotlin/mods/eln/craft/CraftingRecipes.kt:248:51 Only safe (?.) or non-null asserted (!!.) calls are allowed on a nullable receiver of type ElectricalCableDescriptor?
e: file:///Users/aiw.robson/Documents/Projects/ElectricalAge2/src/main/kotlin/mods/eln/craft/CraftingRecipes.kt:252:56 Only safe (?.) or non-null asserted (!!.) calls are allowed on a nullable receiver of type ElectricalCableDescriptor?
e: file:///Users/aiw.robson/Documents/Projects/ElectricalAge2/src/main/kotlin/mods/eln/craft/CraftingRecipes.kt:260:30 Unresolved reference: cobblestone
e: file:///Users/aiw.robson/Documents/Projects/ElectricalAge2/src/main/kotlin/mods/eln/craft/CraftingRecipes.kt:263:91 Unresolved reference: cobblestone
e: file:///Users/aiw.robson/Documents/Projects/ElectricalAge2/src/main/kotlin/mods/eln/craft/CraftingRecipes.kt:270:92 Unresolved reference: glass_pane
e: file:///Users/aiw.robson/Documents/Projects/ElectricalAge2/src/main/kotlin/mods/eln/craft/CraftingRecipes.kt:275:30 Unresolved reference: glass_pane
e: file:///Users/aiw.robson/Documents/Projects/ElectricalAge2/src/main/kotlin/mods/eln/craft/CraftingRecipes.kt:275:58 Unresolved reference: Items
e: file:///Users/aiw.robson/Documents/Projects/ElectricalAge2/src/main/kotlin/mods/eln/craft/CraftingRecipes.kt:278:88 Unresolved reference: glass_pane
e: file:///Users/aiw.robson/Documents/Projects/ElectricalAge2/src/main/kotlin/mods/eln/craft/CraftingRecipes.kt:279:23 Unresolved reference: Items
e: file:///Users/aiw.robson/Documents/Projects/ElectricalAge2/src/main/kotlin/mods/eln/craft/CraftingRecipes.kt:282:86 Unresolved reference: glass_pane
e: file:///Users/aiw.robson/Documents/Projects/ElectricalAge2/src/main/kotlin/mods/eln/craft/CraftingRecipes.kt:283:23 Unresolved reference: Items
e: file:///Users/aiw.robson/Documents/Projects/ElectricalAge2/src/main/kotlin/mods/eln/craft/CraftingRecipes.kt:286:84 Unresolved reference: glass_pane
e: file:///Users/aiw.robson/Documents/Projects/ElectricalAge2/src/main/kotlin/mods/eln/craft/CraftingRecipes.kt:290:93 Unresolved reference: glass_pane
e: file:///Users/aiw.robson/Documents/Projects/ElectricalAge2/src/main/kotlin/mods/eln/craft/CraftingRecipes.kt:291:23 Unresolved reference: Items
e: file:///Users/aiw.robson/Documents/Projects/ElectricalAge2/src/main/kotlin/mods/eln/craft/CraftingRecipes.kt:295:23 Unresolved reference: Items
e: file:///Users/aiw.robson/Documents/Projects/ElectricalAge2/src/main/kotlin/mods/eln/craft/CraftingRecipes.kt:311:31 Unresolved reference: Items
e: file:///Users/aiw.robson/Documents/Projects/ElectricalAge2/src/main/kotlin/mods/eln/craft/CraftingRecipes.kt:316:31 Unresolved reference: Items
e: file:///Users/aiw.robson/Documents/Projects/ElectricalAge2/src/main/kotlin/mods/eln/craft/CraftingRecipes.kt:319:93 Unresolved reference: glass_pane
e: file:///Users/aiw.robson/Documents/Projects/ElectricalAge2/src/main/kotlin/mods/eln/craft/CraftingRecipes.kt:320:40 Unresolved reference: Items
e: file:///Users/aiw.robson/Documents/Projects/ElectricalAge2/src/main/kotlin/mods/eln/craft/CraftingRecipes.kt:325:30 Unresolved reference: glass_pane
e: file:///Users/aiw.robson/Documents/Projects/ElectricalAge2/src/main/kotlin/mods/eln/craft/CraftingRecipes.kt:332:30 Unresolved reference: glass_pane
e: file:///Users/aiw.robson/Documents/Projects/ElectricalAge2/src/main/kotlin/mods/eln/craft/CraftingRecipes.kt:339:23 Unresolved reference: Items
e: file:///Users/aiw.robson/Documents/Projects/ElectricalAge2/src/main/kotlin/mods/eln/craft/CraftingRecipes.kt:360:87 Unresolved reference: Items
e: file:///Users/aiw.robson/Documents/Projects/ElectricalAge2/src/main/kotlin/mods/eln/craft/CraftingRecipes.kt:364:84 Unresolved reference: Items
e: file:///Users/aiw.robson/Documents/Projects/ElectricalAge2/src/main/kotlin/mods/eln/craft/CraftingRecipes.kt:369:76 Unresolved reference: Items
e: file:///Users/aiw.robson/Documents/Projects/ElectricalAge2/src/main/kotlin/mods/eln/craft/CraftingRecipes.kt:373:82 Unresolved reference: Items
e: file:///Users/aiw.robson/Documents/Projects/ElectricalAge2/src/main/kotlin/mods/eln/craft/CraftingRecipes.kt:402:86 Unresolved reference: Items
e: file:///Users/aiw.robson/Documents/Projects/ElectricalAge2/src/main/kotlin/mods/eln/craft/CraftingRecipes.kt:406:89 Unresolved reference: Items
e: file:///Users/aiw.robson/Documents/Projects/ElectricalAge2/src/main/kotlin/mods/eln/craft/CraftingRecipes.kt:410:87 Unresolved reference: Items
e: file:///Users/aiw.robson/Documents/Projects/ElectricalAge2/src/main/kotlin/mods/eln/craft/CraftingRecipes.kt:414:92 Unresolved reference: Items
e: file:///Users/aiw.robson/Documents/Projects/ElectricalAge2/src/main/kotlin/mods/eln/craft/CraftingRecipes.kt:421:85 Unresolved reference: Items
e: file:///Users/aiw.robson/Documents/Projects/ElectricalAge2/src/main/kotlin/mods/eln/craft/CraftingRecipes.kt:422:64 Unresolved reference: glass_pane
e: file:///Users/aiw.robson/Documents/Projects/ElectricalAge2/src/main/kotlin/mods/eln/craft/CraftingRecipes.kt:427:88 Unresolved reference: Items
e: file:///Users/aiw.robson/Documents/Projects/ElectricalAge2/src/main/kotlin/mods/eln/craft/CraftingRecipes.kt:428:64 Unresolved reference: glass_pane
e: file:///Users/aiw.robson/Documents/Projects/ElectricalAge2/src/main/kotlin/mods/eln/craft/CraftingRecipes.kt:433:86 Unresolved reference: Items
e: file:///Users/aiw.robson/Documents/Projects/ElectricalAge2/src/main/kotlin/mods/eln/craft/CraftingRecipes.kt:434:64 Unresolved reference: glass_pane
e: file:///Users/aiw.robson/Documents/Projects/ElectricalAge2/src/main/kotlin/mods/eln/craft/CraftingRecipes.kt:439:91 Unresolved reference: Items
e: file:///Users/aiw.robson/Documents/Projects/ElectricalAge2/src/main/kotlin/mods/eln/craft/CraftingRecipes.kt:440:69 Unresolved reference: glass_pane
e: file:///Users/aiw.robson/Documents/Projects/ElectricalAge2/src/main/kotlin/mods/eln/craft/CraftingRecipes.kt:444:80 Unresolved reference: Items
e: file:///Users/aiw.robson/Documents/Projects/ElectricalAge2/src/main/kotlin/mods/eln/craft/CraftingRecipes.kt:445:64 Unresolved reference: glass_pane
e: file:///Users/aiw.robson/Documents/Projects/ElectricalAge2/src/main/kotlin/mods/eln/craft/CraftingRecipes.kt:449:85 Unresolved reference: Items
e: file:///Users/aiw.robson/Documents/Projects/ElectricalAge2/src/main/kotlin/mods/eln/craft/CraftingRecipes.kt:450:64 Unresolved reference: glass_pane
e: file:///Users/aiw.robson/Documents/Projects/ElectricalAge2/src/main/kotlin/mods/eln/craft/CraftingRecipes.kt:455:88 Unresolved reference: Items
e: file:///Users/aiw.robson/Documents/Projects/ElectricalAge2/src/main/kotlin/mods/eln/craft/CraftingRecipes.kt:456:64 Unresolved reference: glass_pane
e: file:///Users/aiw.robson/Documents/Projects/ElectricalAge2/src/main/kotlin/mods/eln/craft/CraftingRecipes.kt:461:86 Unresolved reference: Items
e: file:///Users/aiw.robson/Documents/Projects/ElectricalAge2/src/main/kotlin/mods/eln/craft/CraftingRecipes.kt:462:64 Unresolved reference: glass_pane
e: file:///Users/aiw.robson/Documents/Projects/ElectricalAge2/src/main/kotlin/mods/eln/craft/CraftingRecipes.kt:471:23 Unresolved reference: Items
e: file:///Users/aiw.robson/Documents/Projects/ElectricalAge2/src/main/kotlin/mods/eln/craft/CraftingRecipes.kt:476:92 Unresolved reference: Items
e: file:///Users/aiw.robson/Documents/Projects/ElectricalAge2/src/main/kotlin/mods/eln/craft/CraftingRecipes.kt:480:85 Unresolved reference: Items
e: file:///Users/aiw.robson/Documents/Projects/ElectricalAge2/src/main/kotlin/mods/eln/craft/CraftingRecipes.kt:488:23 Unresolved reference: Items
e: file:///Users/aiw.robson/Documents/Projects/ElectricalAge2/src/main/kotlin/mods/eln/craft/CraftingRecipes.kt:498:23 Unresolved reference: Items
e: file:///Users/aiw.robson/Documents/Projects/ElectricalAge2/src/main/kotlin/mods/eln/craft/CraftingRecipes.kt:502:23 Unresolved reference: Items
e: file:///Users/aiw.robson/Documents/Projects/ElectricalAge2/src/main/kotlin/mods/eln/craft/CraftingRecipes.kt:506:23 Unresolved reference: Items
e: file:///Users/aiw.robson/Documents/Projects/ElectricalAge2/src/main/kotlin/mods/eln/craft/CraftingRecipes.kt:510:23 Unresolved reference: Items
e: file:///Users/aiw.robson/Documents/Projects/ElectricalAge2/src/main/kotlin/mods/eln/craft/CraftingRecipes.kt:514:23 Unresolved reference: Items
e: file:///Users/aiw.robson/Documents/Projects/ElectricalAge2/src/main/kotlin/mods/eln/craft/CraftingRecipes.kt:518:23 Unresolved reference: Items
e: file:///Users/aiw.robson/Documents/Projects/ElectricalAge2/src/main/kotlin/mods/eln/craft/CraftingRecipes.kt:540:77 Unresolved reference: Items
e: file:///Users/aiw.robson/Documents/Projects/ElectricalAge2/src/main/kotlin/mods/eln/craft/CraftingRecipes.kt:544:96 Unresolved reference: Items
e: file:///Users/aiw.robson/Documents/Projects/ElectricalAge2/src/main/kotlin/mods/eln/craft/CraftingRecipes.kt:548:73 Unresolved reference: Items
e: file:///Users/aiw.robson/Documents/Projects/ElectricalAge2/src/main/kotlin/mods/eln/craft/CraftingRecipes.kt:552:93 Unresolved reference: Items
e: file:///Users/aiw.robson/Documents/Projects/ElectricalAge2/src/main/kotlin/mods/eln/craft/CraftingRecipes.kt:556:83 Unresolved reference: Items
e: file:///Users/aiw.robson/Documents/Projects/ElectricalAge2/src/main/kotlin/mods/eln/craft/CraftingRecipes.kt:561:23 Unresolved reference: Items
e: file:///Users/aiw.robson/Documents/Projects/ElectricalAge2/src/main/kotlin/mods/eln/craft/CraftingRecipes.kt:565:23 Unresolved reference: Items
e: file:///Users/aiw.robson/Documents/Projects/ElectricalAge2/src/main/kotlin/mods/eln/craft/CraftingRecipes.kt:568:81 Unresolved reference: Items
e: file:///Users/aiw.robson/Documents/Projects/ElectricalAge2/src/main/kotlin/mods/eln/craft/CraftingRecipes.kt:581:23 Unresolved reference: Items
e: file:///Users/aiw.robson/Documents/Projects/ElectricalAge2/src/main/kotlin/mods/eln/craft/CraftingRecipes.kt:585:23 Unresolved reference: Items
e: file:///Users/aiw.robson/Documents/Projects/ElectricalAge2/src/main/kotlin/mods/eln/craft/CraftingRecipes.kt:591:93 Unresolved reference: stone
e: file:///Users/aiw.robson/Documents/Projects/ElectricalAge2/src/main/kotlin/mods/eln/craft/CraftingRecipes.kt:596:63 Unresolved reference: Items
e: file:///Users/aiw.robson/Documents/Projects/ElectricalAge2/src/main/kotlin/mods/eln/craft/CraftingRecipes.kt:596:95 Unresolved reference: Items
e: file:///Users/aiw.robson/Documents/Projects/ElectricalAge2/src/main/kotlin/mods/eln/craft/CraftingRecipes.kt:684:82 Unresolved reference: Items
e: file:///Users/aiw.robson/Documents/Projects/ElectricalAge2/src/main/kotlin/mods/eln/craft/CraftingRecipes.kt:700:23 Unresolved reference: Items
e: file:///Users/aiw.robson/Documents/Projects/ElectricalAge2/src/main/kotlin/mods/eln/craft/CraftingRecipes.kt:707:71 Unresolved reference: Items
e: file:///Users/aiw.robson/Documents/Projects/ElectricalAge2/src/main/kotlin/mods/eln/craft/CraftingRecipes.kt:711:18 None of the following functions can be called with the arguments supplied: 
private constructor ItemStack(p0: ItemLike!, p1: Int, p2: Optional<CompoundTag!>!) defined in net.minecraft.world.item.ItemStack
public constructor ItemStack(p0: ItemLike!, p1: Int, p2: CompoundTag?) defined in net.minecraft.world.item.ItemStack
e: file:///Users/aiw.robson/Documents/Projects/ElectricalAge2/src/main/kotlin/mods/eln/craft/CraftingRecipes.kt:711:28 Unresolved reference: Items
e: file:///Users/aiw.robson/Documents/Projects/ElectricalAge2/src/main/kotlin/mods/eln/craft/CraftingRecipes.kt:715:18 None of the following functions can be called with the arguments supplied: 
private constructor ItemStack(p0: ItemLike!, p1: Int, p2: Optional<CompoundTag!>!) defined in net.minecraft.world.item.ItemStack
public constructor ItemStack(p0: ItemLike!, p1: Int, p2: CompoundTag?) defined in net.minecraft.world.item.ItemStack
e: file:///Users/aiw.robson/Documents/Projects/ElectricalAge2/src/main/kotlin/mods/eln/craft/CraftingRecipes.kt:715:28 Unresolved reference: Items
e: file:///Users/aiw.robson/Documents/Projects/ElectricalAge2/src/main/kotlin/mods/eln/craft/CraftingRecipes.kt:768:35 Unresolved reference: furnace
e: file:///Users/aiw.robson/Documents/Projects/ElectricalAge2/src/main/kotlin/mods/eln/craft/CraftingRecipes.kt:768:60 Unresolved reference: Items
e: file:///Users/aiw.robson/Documents/Projects/ElectricalAge2/src/main/kotlin/mods/eln/craft/CraftingRecipes.kt:772:23 Unresolved reference: Items
e: file:///Users/aiw.robson/Documents/Projects/ElectricalAge2/src/main/kotlin/mods/eln/craft/CraftingRecipes.kt:779:23 Unresolved reference: Items
e: file:///Users/aiw.robson/Documents/Projects/ElectricalAge2/src/main/kotlin/mods/eln/craft/CraftingRecipes.kt:783:23 Unresolved reference: Items
e: file:///Users/aiw.robson/Documents/Projects/ElectricalAge2/src/main/kotlin/mods/eln/craft/CraftingRecipes.kt:850:31 Unresolved reference: Items
e: file:///Users/aiw.robson/Documents/Projects/ElectricalAge2/src/main/kotlin/mods/eln/craft/CraftingRecipes.kt:854:68 Unresolved reference: Items
e: file:///Users/aiw.robson/Documents/Projects/ElectricalAge2/src/main/kotlin/mods/eln/craft/CraftingRecipes.kt:865:71 Unresolved reference: Items
e: file:///Users/aiw.robson/Documents/Projects/ElectricalAge2/src/main/kotlin/mods/eln/craft/CraftingRecipes.kt:887:80 Unresolved reference: Items
e: file:///Users/aiw.robson/Documents/Projects/ElectricalAge2/src/main/kotlin/mods/eln/craft/CraftingRecipes.kt:896:9 Unresolved reference: addSmelting
e: file:///Users/aiw.robson/Documents/Projects/ElectricalAge2/src/main/kotlin/mods/eln/craft/CraftingRecipes.kt:896:35 Unresolved reference: parentItem
e: file:///Users/aiw.robson/Documents/Projects/ElectricalAge2/src/main/kotlin/mods/eln/craft/CraftingRecipes.kt:896:61 Unresolved reference: parentItemDamage
e: file:///Users/aiw.robson/Documents/Projects/ElectricalAge2/src/main/kotlin/mods/eln/craft/CraftingRecipes.kt:971:23 Unresolved reference: Items
e: file:///Users/aiw.robson/Documents/Projects/ElectricalAge2/src/main/kotlin/mods/eln/craft/CraftingRecipes.kt:974:94 Unresolved reference: Items
e: file:///Users/aiw.robson/Documents/Projects/ElectricalAge2/src/main/kotlin/mods/eln/craft/CraftingRecipes.kt:978:93 Unresolved reference: Items
e: file:///Users/aiw.robson/Documents/Projects/ElectricalAge2/src/main/kotlin/mods/eln/craft/CraftingRecipes.kt:987:30 Unresolved reference: glass_pane
e: file:///Users/aiw.robson/Documents/Projects/ElectricalAge2/src/main/kotlin/mods/eln/craft/CraftingRecipes.kt:991:30 Unresolved reference: glass_pane
e: file:///Users/aiw.robson/Documents/Projects/ElectricalAge2/src/main/kotlin/mods/eln/craft/CraftingRecipes.kt:995:30 Unresolved reference: glass_pane
e: file:///Users/aiw.robson/Documents/Projects/ElectricalAge2/src/main/kotlin/mods/eln/craft/CraftingRecipes.kt:1000:30 Unresolved reference: glass_pane
e: file:///Users/aiw.robson/Documents/Projects/ElectricalAge2/src/main/kotlin/mods/eln/craft/CraftingRecipes.kt:1000:58 Unresolved reference: Items
e: file:///Users/aiw.robson/Documents/Projects/ElectricalAge2/src/main/kotlin/mods/eln/craft/CraftingRecipes.kt:1004:30 Unresolved reference: glass_pane
e: file:///Users/aiw.robson/Documents/Projects/ElectricalAge2/src/main/kotlin/mods/eln/craft/CraftingRecipes.kt:1004:48 None of the following functions can be called with the arguments supplied: 
private constructor ItemStack(p0: ItemLike!, p1: Int, p2: Optional<CompoundTag!>!) defined in net.minecraft.world.item.ItemStack
public constructor ItemStack(p0: ItemLike!, p1: Int, p2: CompoundTag?) defined in net.minecraft.world.item.ItemStack
e: file:///Users/aiw.robson/Documents/Projects/ElectricalAge2/src/main/kotlin/mods/eln/craft/CraftingRecipes.kt:1004:58 Unresolved reference: Items
e: file:///Users/aiw.robson/Documents/Projects/ElectricalAge2/src/main/kotlin/mods/eln/craft/CraftingRecipes.kt:1008:30 Unresolved reference: glass_pane
e: file:///Users/aiw.robson/Documents/Projects/ElectricalAge2/src/main/kotlin/mods/eln/craft/CraftingRecipes.kt:1008:58 Unresolved reference: Items
e: file:///Users/aiw.robson/Documents/Projects/ElectricalAge2/src/main/kotlin/mods/eln/craft/CraftingRecipes.kt:1012:30 Unresolved reference: glass_pane
e: file:///Users/aiw.robson/Documents/Projects/ElectricalAge2/src/main/kotlin/mods/eln/craft/CraftingRecipes.kt:1012:48 None of the following functions can be called with the arguments supplied: 
private constructor ItemStack(p0: ItemLike!, p1: Int, p2: Optional<CompoundTag!>!) defined in net.minecraft.world.item.ItemStack
public constructor ItemStack(p0: ItemLike!, p1: Int, p2: CompoundTag?) defined in net.minecraft.world.item.ItemStack
e: file:///Users/aiw.robson/Documents/Projects/ElectricalAge2/src/main/kotlin/mods/eln/craft/CraftingRecipes.kt:1012:58 Unresolved reference: Items
e: file:///Users/aiw.robson/Documents/Projects/ElectricalAge2/src/main/kotlin/mods/eln/craft/CraftingRecipes.kt:1019:30 Unresolved reference: glass_pane
e: file:///Users/aiw.robson/Documents/Projects/ElectricalAge2/src/main/kotlin/mods/eln/craft/CraftingRecipes.kt:1019:58 Unresolved reference: Items
e: file:///Users/aiw.robson/Documents/Projects/ElectricalAge2/src/main/kotlin/mods/eln/craft/CraftingRecipes.kt:1026:30 Unresolved reference: glass_pane
e: file:///Users/aiw.robson/Documents/Projects/ElectricalAge2/src/main/kotlin/mods/eln/craft/CraftingRecipes.kt:1026:58 Unresolved reference: Items
e: file:///Users/aiw.robson/Documents/Projects/ElectricalAge2/src/main/kotlin/mods/eln/craft/CraftingRecipes.kt:1033:30 Unresolved reference: glass_pane
e: file:///Users/aiw.robson/Documents/Projects/ElectricalAge2/src/main/kotlin/mods/eln/craft/CraftingRecipes.kt:1033:58 Unresolved reference: Items
e: file:///Users/aiw.robson/Documents/Projects/ElectricalAge2/src/main/kotlin/mods/eln/craft/CraftingRecipes.kt:1039:98 Unresolved reference: glass_pane
e: file:///Users/aiw.robson/Documents/Projects/ElectricalAge2/src/main/kotlin/mods/eln/craft/CraftingRecipes.kt:1043:99 Unresolved reference: glass_pane
e: file:///Users/aiw.robson/Documents/Projects/ElectricalAge2/src/main/kotlin/mods/eln/craft/CraftingRecipes.kt:1047:94 Unresolved reference: glass_pane
e: file:///Users/aiw.robson/Documents/Projects/ElectricalAge2/src/main/kotlin/mods/eln/craft/CraftingRecipes.kt:1051:95 Unresolved reference: glass_pane
e: file:///Users/aiw.robson/Documents/Projects/ElectricalAge2/src/main/kotlin/mods/eln/craft/CraftingRecipes.kt:1059:47 Unresolved reference: Items
e: file:///Users/aiw.robson/Documents/Projects/ElectricalAge2/src/main/kotlin/mods/eln/craft/CraftingRecipes.kt:1063:47 Unresolved reference: Items
e: file:///Users/aiw.robson/Documents/Projects/ElectricalAge2/src/main/kotlin/mods/eln/craft/CraftingRecipes.kt:1068:99 Unresolved reference: stone
e: file:///Users/aiw.robson/Documents/Projects/ElectricalAge2/src/main/kotlin/mods/eln/craft/CraftingRecipes.kt:1070:100 Unresolved reference: stone
e: file:///Users/aiw.robson/Documents/Projects/ElectricalAge2/src/main/kotlin/mods/eln/craft/CraftingRecipes.kt:1071:30 Unresolved reference: wool
e: file:///Users/aiw.robson/Documents/Projects/ElectricalAge2/src/main/kotlin/mods/eln/craft/CraftingRecipes.kt:1111:9 Unresolved reference: GameRegistry
e: file:///Users/aiw.robson/Documents/Projects/ElectricalAge2/src/main/kotlin/mods/eln/craft/CraftingRecipes.kt:1111:32 Unresolved reference: ShapelessOreRecipe
e: file:///Users/aiw.robson/Documents/Projects/ElectricalAge2/src/main/kotlin/mods/eln/craft/CraftingRecipes.kt:1124:31 Unresolved reference: Items
e: file:///Users/aiw.robson/Documents/Projects/ElectricalAge2/src/main/kotlin/mods/eln/craft/CraftingRecipes.kt:1124:65 Unresolved reference: Items
e: file:///Users/aiw.robson/Documents/Projects/ElectricalAge2/src/main/kotlin/mods/eln/craft/CraftingRecipes.kt:1132:88 Unresolved reference: Items
e: file:///Users/aiw.robson/Documents/Projects/ElectricalAge2/src/main/kotlin/mods/eln/craft/CraftingRecipes.kt:1133:30 Unresolved reference: glass_pane
e: file:///Users/aiw.robson/Documents/Projects/ElectricalAge2/src/main/kotlin/mods/eln/craft/CraftingRecipes.kt:1133:58 Unresolved reference: Items
e: file:///Users/aiw.robson/Documents/Projects/ElectricalAge2/src/main/kotlin/mods/eln/craft/CraftingRecipes.kt:1133:90 Unresolved reference: Items
e: file:///Users/aiw.robson/Documents/Projects/ElectricalAge2/src/main/kotlin/mods/eln/craft/CraftingRecipes.kt:1134:28 Unresolved reference: Items
e: file:///Users/aiw.robson/Documents/Projects/ElectricalAge2/src/main/kotlin/mods/eln/craft/CraftingRecipes.kt:1146:85 Unresolved reference: glass_pane
e: file:///Users/aiw.robson/Documents/Projects/ElectricalAge2/src/main/kotlin/mods/eln/craft/CraftingRecipes.kt:1147:68 Unresolved reference: Items
e: file:///Users/aiw.robson/Documents/Projects/ElectricalAge2/src/main/kotlin/mods/eln/craft/CraftingRecipes.kt:1150:86 Unresolved reference: glass_pane
e: file:///Users/aiw.robson/Documents/Projects/ElectricalAge2/src/main/kotlin/mods/eln/craft/CraftingRecipes.kt:1151:65 Unresolved reference: Items
e: file:///Users/aiw.robson/Documents/Projects/ElectricalAge2/src/main/kotlin/mods/eln/craft/CraftingRecipes.kt:1155:92 Unresolved reference: glass_pane
e: file:///Users/aiw.robson/Documents/Projects/ElectricalAge2/src/main/kotlin/mods/eln/craft/CraftingRecipes.kt:1156:61 Unresolved reference: Items
e: file:///Users/aiw.robson/Documents/Projects/ElectricalAge2/src/main/kotlin/mods/eln/craft/CraftingRecipes.kt:1160:23 Unresolved reference: Items
e: file:///Users/aiw.robson/Documents/Projects/ElectricalAge2/src/main/kotlin/mods/eln/craft/CraftingRecipes.kt:1167:92 Unresolved reference: Items
e: file:///Users/aiw.robson/Documents/Projects/ElectricalAge2/src/main/kotlin/mods/eln/craft/CraftingRecipes.kt:1170:82 Unresolved reference: Items
e: file:///Users/aiw.robson/Documents/Projects/ElectricalAge2/src/main/kotlin/mods/eln/craft/CraftingRecipes.kt:1171:93 Unresolved reference: Items
e: file:///Users/aiw.robson/Documents/Projects/ElectricalAge2/src/main/kotlin/mods/eln/craft/CraftingRecipes.kt:1175:99 Unresolved reference: Items
e: file:///Users/aiw.robson/Documents/Projects/ElectricalAge2/src/main/kotlin/mods/eln/craft/CraftingRecipes.kt:1194:23 Unresolved reference: Items
e: file:///Users/aiw.robson/Documents/Projects/ElectricalAge2/src/main/kotlin/mods/eln/craft/CraftingRecipes.kt:1194:89 Unresolved reference: Items
e: file:///Users/aiw.robson/Documents/Projects/ElectricalAge2/src/main/kotlin/mods/eln/craft/CraftingRecipes.kt:1210:17 Unresolved reference: verticalIronCableCrafting
e: file:///Users/aiw.robson/Documents/Projects/ElectricalAge2/src/main/kotlin/mods/eln/craft/CraftingRecipes.kt:1211:96 Unresolved reference: Items
e: file:///Users/aiw.robson/Documents/Projects/ElectricalAge2/src/main/kotlin/mods/eln/craft/CraftingRecipes.kt:1213:82 Unresolved reference: Items
e: file:///Users/aiw.robson/Documents/Projects/ElectricalAge2/src/main/kotlin/mods/eln/craft/CraftingRecipes.kt:1231:33 Unresolved reference: arcClayBlock
e: file:///Users/aiw.robson/Documents/Projects/ElectricalAge2/src/main/kotlin/mods/eln/craft/CraftingRecipes.kt:1232:83 Unresolved reference: arcClayBlock
e: file:///Users/aiw.robson/Documents/Projects/ElectricalAge2/src/main/kotlin/mods/eln/craft/CraftingRecipes.kt:1233:33 Unresolved reference: arcMetalBlock
e: file:///Users/aiw.robson/Documents/Projects/ElectricalAge2/src/main/kotlin/mods/eln/craft/CraftingRecipes.kt:1234:84 Unresolved reference: arcMetalBlock
e: file:///Users/aiw.robson/Documents/Projects/ElectricalAge2/src/main/kotlin/mods/eln/craft/CraftingRecipes.kt:1278:38 Unresolved reference: Items
e: file:///Users/aiw.robson/Documents/Projects/ElectricalAge2/src/main/kotlin/mods/eln/craft/CraftingRecipes.kt:1284:23 Unresolved reference: Items
e: file:///Users/aiw.robson/Documents/Projects/ElectricalAge2/src/main/kotlin/mods/eln/craft/CraftingRecipes.kt:1298:78 Unresolved reference: glass_pane
e: file:///Users/aiw.robson/Documents/Projects/ElectricalAge2/src/main/kotlin/mods/eln/craft/CraftingRecipes.kt:1299:23 Unresolved reference: Items
e: file:///Users/aiw.robson/Documents/Projects/ElectricalAge2/src/main/kotlin/mods/eln/craft/CraftingRecipes.kt:1303:75 Unresolved reference: glass_pane
e: file:///Users/aiw.robson/Documents/Projects/ElectricalAge2/src/main/kotlin/mods/eln/craft/CraftingRecipes.kt:1304:23 Unresolved reference: Items
e: file:///Users/aiw.robson/Documents/Projects/ElectricalAge2/src/main/kotlin/mods/eln/craft/CraftingRecipes.kt:1310:71 Unresolved reference: Items
e: file:///Users/aiw.robson/Documents/Projects/ElectricalAge2/src/main/kotlin/mods/eln/craft/CraftingRecipes.kt:1313:91 Unresolved reference: Items
e: file:///Users/aiw.robson/Documents/Projects/ElectricalAge2/src/main/kotlin/mods/eln/craft/CraftingRecipes.kt:1315:23 Unresolved reference: Items
e: file:///Users/aiw.robson/Documents/Projects/ElectricalAge2/src/main/kotlin/mods/eln/craft/CraftingRecipes.kt:1317:26 Unresolved reference: xRayScannerCanBeCrafted
e: file:///Users/aiw.robson/Documents/Projects/ElectricalAge2/src/main/kotlin/mods/eln/craft/CraftingRecipes.kt:1353:88 Unresolved reference: Items
e: file:///Users/aiw.robson/Documents/Projects/ElectricalAge2/src/main/kotlin/mods/eln/craft/CraftingRecipes.kt:1368:23 Unresolved reference: Items
e: file:///Users/aiw.robson/Documents/Projects/ElectricalAge2/src/main/kotlin/mods/eln/craft/CraftingRecipes.kt:1372:23 Unresolved reference: Items
e: file:///Users/aiw.robson/Documents/Projects/ElectricalAge2/src/main/kotlin/mods/eln/craft/CraftingRecipes.kt:1386:31 Unresolved reference: Items
e: file:///Users/aiw.robson/Documents/Projects/ElectricalAge2/src/main/kotlin/mods/eln/craft/CraftingRecipes.kt:1389:86 Unresolved reference: Items
e: file:///Users/aiw.robson/Documents/Projects/ElectricalAge2/src/main/kotlin/mods/eln/craft/CraftingRecipes.kt:1390:77 Unresolved reference: Items
e: file:///Users/aiw.robson/Documents/Projects/ElectricalAge2/src/main/kotlin/mods/eln/craft/CraftingRecipes.kt:1399:85 Unresolved reference: glass_pane
e: file:///Users/aiw.robson/Documents/Projects/ElectricalAge2/src/main/kotlin/mods/eln/craft/CraftingRecipes.kt:1400:13 None of the following functions can be called with the arguments supplied: 
private constructor ItemStack(p0: ItemLike!, p1: Int, p2: Optional<CompoundTag!>!) defined in net.minecraft.world.item.ItemStack
public constructor ItemStack(p0: ItemLike!, p1: Int, p2: CompoundTag?) defined in net.minecraft.world.item.ItemStack
e: file:///Users/aiw.robson/Documents/Projects/ElectricalAge2/src/main/kotlin/mods/eln/craft/CraftingRecipes.kt:1400:23 Unresolved reference: Items
e: file:///Users/aiw.robson/Documents/Projects/ElectricalAge2/src/main/kotlin/mods/eln/craft/CraftingRecipes.kt:1403:86 Unresolved reference: glass_pane
e: file:///Users/aiw.robson/Documents/Projects/ElectricalAge2/src/main/kotlin/mods/eln/craft/CraftingRecipes.kt:1404:13 None of the following functions can be called with the arguments supplied: 
private constructor ItemStack(p0: ItemLike!, p1: Int, p2: Optional<CompoundTag!>!) defined in net.minecraft.world.item.ItemStack
public constructor ItemStack(p0: ItemLike!, p1: Int, p2: CompoundTag?) defined in net.minecraft.world.item.ItemStack
e: file:///Users/aiw.robson/Documents/Projects/ElectricalAge2/src/main/kotlin/mods/eln/craft/CraftingRecipes.kt:1404:23 Unresolved reference: Items
e: file:///Users/aiw.robson/Documents/Projects/ElectricalAge2/src/main/kotlin/mods/eln/craft/CraftingRecipes.kt:1407:85 Unresolved reference: glass_pane
e: file:///Users/aiw.robson/Documents/Projects/ElectricalAge2/src/main/kotlin/mods/eln/craft/CraftingRecipes.kt:1408:13 None of the following functions can be called with the arguments supplied: 
private constructor ItemStack(p0: ItemLike!, p1: Int, p2: Optional<CompoundTag!>!) defined in net.minecraft.world.item.ItemStack
public constructor ItemStack(p0: ItemLike!, p1: Int, p2: CompoundTag?) defined in net.minecraft.world.item.ItemStack
e: file:///Users/aiw.robson/Documents/Projects/ElectricalAge2/src/main/kotlin/mods/eln/craft/CraftingRecipes.kt:1408:23 Unresolved reference: Items
e: file:///Users/aiw.robson/Documents/Projects/ElectricalAge2/src/main/kotlin/mods/eln/craft/CraftingRecipes.kt:1430:22 Unresolved reference: maceratorRecipes
e: file:///Users/aiw.robson/Documents/Projects/ElectricalAge2/src/main/kotlin/mods/eln/craft/CraftingRecipes.kt:1432:34 Unresolved reference: coal_ore
e: file:///Users/aiw.robson/Documents/Projects/ElectricalAge2/src/main/kotlin/mods/eln/craft/CraftingRecipes.kt:1432:48 None of the following functions can be called with the arguments supplied: 
private constructor ItemStack(p0: ItemLike!, p1: Int, p2: Optional<CompoundTag!>!) defined in net.minecraft.world.item.ItemStack
public constructor ItemStack(p0: ItemLike!, p1: Int, p2: CompoundTag?) defined in net.minecraft.world.item.ItemStack
e: file:///Users/aiw.robson/Documents/Projects/ElectricalAge2/src/main/kotlin/mods/eln/craft/CraftingRecipes.kt:1432:58 Unresolved reference: Items
e: file:///Users/aiw.robson/Documents/Projects/ElectricalAge2/src/main/kotlin/mods/eln/craft/CraftingRecipes.kt:1436:22 Unresolved reference: maceratorRecipes
e: file:///Users/aiw.robson/Documents/Projects/ElectricalAge2/src/main/kotlin/mods/eln/craft/CraftingRecipes.kt:1446:22 Unresolved reference: maceratorRecipes
e: file:///Users/aiw.robson/Documents/Projects/ElectricalAge2/src/main/kotlin/mods/eln/craft/CraftingRecipes.kt:1448:34 Unresolved reference: iron_ore
e: file:///Users/aiw.robson/Documents/Projects/ElectricalAge2/src/main/kotlin/mods/eln/craft/CraftingRecipes.kt:1456:22 Unresolved reference: maceratorRecipes
e: file:///Users/aiw.robson/Documents/Projects/ElectricalAge2/src/main/kotlin/mods/eln/craft/CraftingRecipes.kt:1458:34 Unresolved reference: gold_ore
e: file:///Users/aiw.robson/Documents/Projects/ElectricalAge2/src/main/kotlin/mods/eln/craft/CraftingRecipes.kt:1466:22 Unresolved reference: maceratorRecipes
e: file:///Users/aiw.robson/Documents/Projects/ElectricalAge2/src/main/kotlin/mods/eln/craft/CraftingRecipes.kt:1476:22 Unresolved reference: maceratorRecipes
e: file:///Users/aiw.robson/Documents/Projects/ElectricalAge2/src/main/kotlin/mods/eln/craft/CraftingRecipes.kt:1486:22 Unresolved reference: maceratorRecipes
e: file:///Users/aiw.robson/Documents/Projects/ElectricalAge2/src/main/kotlin/mods/eln/craft/CraftingRecipes.kt:1488:17 None of the following functions can be called with the arguments supplied: 
private constructor ItemStack(p0: ItemLike!, p1: Int, p2: Optional<CompoundTag!>!) defined in net.minecraft.world.item.ItemStack
public constructor ItemStack(p0: ItemLike!, p1: Int, p2: CompoundTag?) defined in net.minecraft.world.item.ItemStack
e: file:///Users/aiw.robson/Documents/Projects/ElectricalAge2/src/main/kotlin/mods/eln/craft/CraftingRecipes.kt:1488:27 Unresolved reference: Items
e: file:///Users/aiw.robson/Documents/Projects/ElectricalAge2/src/main/kotlin/mods/eln/craft/CraftingRecipes.kt:1496:22 Unresolved reference: maceratorRecipes
e: file:///Users/aiw.robson/Documents/Projects/ElectricalAge2/src/main/kotlin/mods/eln/craft/CraftingRecipes.kt:1498:17 None of the following functions can be called with the arguments supplied: 
private constructor ItemStack(p0: ItemLike!, p1: Int, p2: Optional<CompoundTag!>!) defined in net.minecraft.world.item.ItemStack
public constructor ItemStack(p0: ItemLike!, p1: Int, p2: CompoundTag?) defined in net.minecraft.world.item.ItemStack
e: file:///Users/aiw.robson/Documents/Projects/ElectricalAge2/src/main/kotlin/mods/eln/craft/CraftingRecipes.kt:1498:27 Unresolved reference: Items
e: file:///Users/aiw.robson/Documents/Projects/ElectricalAge2/src/main/kotlin/mods/eln/craft/CraftingRecipes.kt:1506:22 Unresolved reference: maceratorRecipes
e: file:///Users/aiw.robson/Documents/Projects/ElectricalAge2/src/main/kotlin/mods/eln/craft/CraftingRecipes.kt:1508:34 Unresolved reference: sand
e: file:///Users/aiw.robson/Documents/Projects/ElectricalAge2/src/main/kotlin/mods/eln/craft/CraftingRecipes.kt:1516:22 Unresolved reference: maceratorRecipes
e: file:///Users/aiw.robson/Documents/Projects/ElectricalAge2/src/main/kotlin/mods/eln/craft/CraftingRecipes.kt:1526:22 Unresolved reference: maceratorRecipes
e: file:///Users/aiw.robson/Documents/Projects/ElectricalAge2/src/main/kotlin/mods/eln/craft/CraftingRecipes.kt:1528:17 None of the following functions can be called with the arguments supplied: 
private constructor ItemStack(p0: ItemLike!, p1: Int, p2: Optional<CompoundTag!>!) defined in net.minecraft.world.item.ItemStack
public constructor ItemStack(p0: ItemLike!, p1: Int, p2: CompoundTag?) defined in net.minecraft.world.item.ItemStack
e: file:///Users/aiw.robson/Documents/Projects/ElectricalAge2/src/main/kotlin/mods/eln/craft/CraftingRecipes.kt:1528:27 Unresolved reference: Items
e: file:///Users/aiw.robson/Documents/Projects/ElectricalAge2/src/main/kotlin/mods/eln/craft/CraftingRecipes.kt:1536:22 Unresolved reference: maceratorRecipes
e: file:///Users/aiw.robson/Documents/Projects/ElectricalAge2/src/main/kotlin/mods/eln/craft/CraftingRecipes.kt:1538:27 Unresolved reference: Items
e: file:///Users/aiw.robson/Documents/Projects/ElectricalAge2/src/main/kotlin/mods/eln/craft/CraftingRecipes.kt:1547:22 Unresolved reference: maceratorRecipes
e: file:///Users/aiw.robson/Documents/Projects/ElectricalAge2/src/main/kotlin/mods/eln/craft/CraftingRecipes.kt:1557:22 Unresolved reference: maceratorRecipes
e: file:///Users/aiw.robson/Documents/Projects/ElectricalAge2/src/main/kotlin/mods/eln/craft/CraftingRecipes.kt:1559:27 Unresolved reference: Items
e: file:///Users/aiw.robson/Documents/Projects/ElectricalAge2/src/main/kotlin/mods/eln/craft/CraftingRecipes.kt:1567:22 Unresolved reference: maceratorRecipes
e: file:///Users/aiw.robson/Documents/Projects/ElectricalAge2/src/main/kotlin/mods/eln/craft/CraftingRecipes.kt:1569:27 Unresolved reference: Items
e: file:///Users/aiw.robson/Documents/Projects/ElectricalAge2/src/main/kotlin/mods/eln/craft/CraftingRecipes.kt:1577:22 Unresolved reference: maceratorRecipes
e: file:///Users/aiw.robson/Documents/Projects/ElectricalAge2/src/main/kotlin/mods/eln/craft/CraftingRecipes.kt:1587:22 Unresolved reference: maceratorRecipes
e: file:///Users/aiw.robson/Documents/Projects/ElectricalAge2/src/main/kotlin/mods/eln/craft/CraftingRecipes.kt:1597:22 Unresolved reference: maceratorRecipes
e: file:///Users/aiw.robson/Documents/Projects/ElectricalAge2/src/main/kotlin/mods/eln/craft/CraftingRecipes.kt:1599:34 Unresolved reference: cobblestone
e: file:///Users/aiw.robson/Documents/Projects/ElectricalAge2/src/main/kotlin/mods/eln/craft/CraftingRecipes.kt:1600:53 Unresolved reference: gravel
e: file:///Users/aiw.robson/Documents/Projects/ElectricalAge2/src/main/kotlin/mods/eln/craft/CraftingRecipes.kt:1603:22 Unresolved reference: maceratorRecipes
e: file:///Users/aiw.robson/Documents/Projects/ElectricalAge2/src/main/kotlin/mods/eln/craft/CraftingRecipes.kt:1605:34 Unresolved reference: gravel
e: file:///Users/aiw.robson/Documents/Projects/ElectricalAge2/src/main/kotlin/mods/eln/craft/CraftingRecipes.kt:1606:46 Unresolved reference: Items
e: file:///Users/aiw.robson/Documents/Projects/ElectricalAge2/src/main/kotlin/mods/eln/craft/CraftingRecipes.kt:1610:22 Unresolved reference: maceratorRecipes
e: file:///Users/aiw.robson/Documents/Projects/ElectricalAge2/src/main/kotlin/mods/eln/craft/CraftingRecipes.kt:1612:34 Unresolved reference: dirt
e: file:///Users/aiw.robson/Documents/Projects/ElectricalAge2/src/main/kotlin/mods/eln/craft/CraftingRecipes.kt:1612:77 Unresolved reference: sand
e: file:///Users/aiw.robson/Documents/Projects/ElectricalAge2/src/main/kotlin/mods/eln/craft/CraftingRecipes.kt:1617:22 Unresolved reference: maceratorRecipes
e: file:///Users/aiw.robson/Documents/Projects/ElectricalAge2/src/main/kotlin/mods/eln/craft/CraftingRecipes.kt:1627:22 Unresolved reference: maceratorRecipes
e: file:///Users/aiw.robson/Documents/Projects/ElectricalAge2/src/main/kotlin/mods/eln/craft/CraftingRecipes.kt:1637:22 Unresolved reference: maceratorRecipes
e: file:///Users/aiw.robson/Documents/Projects/ElectricalAge2/src/main/kotlin/mods/eln/craft/CraftingRecipes.kt:1647:22 Unresolved reference: maceratorRecipes
e: file:///Users/aiw.robson/Documents/Projects/ElectricalAge2/src/main/kotlin/mods/eln/craft/CraftingRecipes.kt:1657:22 Unresolved reference: maceratorRecipes
e: file:///Users/aiw.robson/Documents/Projects/ElectricalAge2/src/main/kotlin/mods/eln/craft/CraftingRecipes.kt:1666:22 Unresolved reference: maceratorRecipes
e: file:///Users/aiw.robson/Documents/Projects/ElectricalAge2/src/main/kotlin/mods/eln/craft/CraftingRecipes.kt:1675:22 Unresolved reference: maceratorRecipes
e: file:///Users/aiw.robson/Documents/Projects/ElectricalAge2/src/main/kotlin/mods/eln/craft/CraftingRecipes.kt:1681:22 Unresolved reference: maceratorRecipes
e: file:///Users/aiw.robson/Documents/Projects/ElectricalAge2/src/main/kotlin/mods/eln/craft/CraftingRecipes.kt:1687:22 Unresolved reference: maceratorRecipes
e: file:///Users/aiw.robson/Documents/Projects/ElectricalAge2/src/main/kotlin/mods/eln/craft/CraftingRecipes.kt:1693:22 Unresolved reference: maceratorRecipes
e: file:///Users/aiw.robson/Documents/Projects/ElectricalAge2/src/main/kotlin/mods/eln/craft/CraftingRecipes.kt:1707:22 Unresolved reference: arcFurnaceRecipes
e: file:///Users/aiw.robson/Documents/Projects/ElectricalAge2/src/main/kotlin/mods/eln/craft/CraftingRecipes.kt:1709:34 Unresolved reference: iron_ore
e: file:///Users/aiw.robson/Documents/Projects/ElectricalAge2/src/main/kotlin/mods/eln/craft/CraftingRecipes.kt:1710:46 Unresolved reference: Items
e: file:///Users/aiw.robson/Documents/Projects/ElectricalAge2/src/main/kotlin/mods/eln/craft/CraftingRecipes.kt:1713:22 Unresolved reference: arcFurnaceRecipes
e: file:///Users/aiw.robson/Documents/Projects/ElectricalAge2/src/main/kotlin/mods/eln/craft/CraftingRecipes.kt:1715:34 Unresolved reference: gold_ore
e: file:///Users/aiw.robson/Documents/Projects/ElectricalAge2/src/main/kotlin/mods/eln/craft/CraftingRecipes.kt:1716:46 Unresolved reference: Items
e: file:///Users/aiw.robson/Documents/Projects/ElectricalAge2/src/main/kotlin/mods/eln/craft/CraftingRecipes.kt:1719:22 Unresolved reference: arcFurnaceRecipes
e: file:///Users/aiw.robson/Documents/Projects/ElectricalAge2/src/main/kotlin/mods/eln/craft/CraftingRecipes.kt:1721:34 Unresolved reference: coal_ore
e: file:///Users/aiw.robson/Documents/Projects/ElectricalAge2/src/main/kotlin/mods/eln/craft/CraftingRecipes.kt:1722:46 Unresolved reference: Items
e: file:///Users/aiw.robson/Documents/Projects/ElectricalAge2/src/main/kotlin/mods/eln/craft/CraftingRecipes.kt:1725:22 Unresolved reference: arcFurnaceRecipes
e: file:///Users/aiw.robson/Documents/Projects/ElectricalAge2/src/main/kotlin/mods/eln/craft/CraftingRecipes.kt:1727:34 Unresolved reference: redstone_ore
e: file:///Users/aiw.robson/Documents/Projects/ElectricalAge2/src/main/kotlin/mods/eln/craft/CraftingRecipes.kt:1728:46 Unresolved reference: Items
e: file:///Users/aiw.robson/Documents/Projects/ElectricalAge2/src/main/kotlin/mods/eln/craft/CraftingRecipes.kt:1731:22 Unresolved reference: arcFurnaceRecipes
e: file:///Users/aiw.robson/Documents/Projects/ElectricalAge2/src/main/kotlin/mods/eln/craft/CraftingRecipes.kt:1733:34 Unresolved reference: lapis_ore
e: file:///Users/aiw.robson/Documents/Projects/ElectricalAge2/src/main/kotlin/mods/eln/craft/CraftingRecipes.kt:1734:53 Unresolved reference: lapis_block
e: file:///Users/aiw.robson/Documents/Projects/ElectricalAge2/src/main/kotlin/mods/eln/craft/CraftingRecipes.kt:1737:22 Unresolved reference: arcFurnaceRecipes
e: file:///Users/aiw.robson/Documents/Projects/ElectricalAge2/src/main/kotlin/mods/eln/craft/CraftingRecipes.kt:1739:34 Unresolved reference: diamond_ore
e: file:///Users/aiw.robson/Documents/Projects/ElectricalAge2/src/main/kotlin/mods/eln/craft/CraftingRecipes.kt:1740:46 Unresolved reference: Items
e: file:///Users/aiw.robson/Documents/Projects/ElectricalAge2/src/main/kotlin/mods/eln/craft/CraftingRecipes.kt:1743:22 Unresolved reference: arcFurnaceRecipes
e: file:///Users/aiw.robson/Documents/Projects/ElectricalAge2/src/main/kotlin/mods/eln/craft/CraftingRecipes.kt:1745:34 Unresolved reference: emerald_ore
e: file:///Users/aiw.robson/Documents/Projects/ElectricalAge2/src/main/kotlin/mods/eln/craft/CraftingRecipes.kt:1746:46 Unresolved reference: Items
e: file:///Users/aiw.robson/Documents/Projects/ElectricalAge2/src/main/kotlin/mods/eln/craft/CraftingRecipes.kt:1749:22 Unresolved reference: arcFurnaceRecipes
e: file:///Users/aiw.robson/Documents/Projects/ElectricalAge2/src/main/kotlin/mods/eln/craft/CraftingRecipes.kt:1751:34 Unresolved reference: quartz_ore
e: file:///Users/aiw.robson/Documents/Projects/ElectricalAge2/src/main/kotlin/mods/eln/craft/CraftingRecipes.kt:1752:46 Unresolved reference: Items
e: file:///Users/aiw.robson/Documents/Projects/ElectricalAge2/src/main/kotlin/mods/eln/craft/CraftingRecipes.kt:1755:22 Unresolved reference: arcFurnaceRecipes
e: file:///Users/aiw.robson/Documents/Projects/ElectricalAge2/src/main/kotlin/mods/eln/craft/CraftingRecipes.kt:1765:22 Unresolved reference: arcFurnaceRecipes
e: file:///Users/aiw.robson/Documents/Projects/ElectricalAge2/src/main/kotlin/mods/eln/craft/CraftingRecipes.kt:1775:22 Unresolved reference: arcFurnaceRecipes
e: file:///Users/aiw.robson/Documents/Projects/ElectricalAge2/src/main/kotlin/mods/eln/craft/CraftingRecipes.kt:1784:22 Unresolved reference: arcFurnaceRecipes
e: file:///Users/aiw.robson/Documents/Projects/ElectricalAge2/src/main/kotlin/mods/eln/craft/CraftingRecipes.kt:1794:22 Unresolved reference: arcFurnaceRecipes
e: file:///Users/aiw.robson/Documents/Projects/ElectricalAge2/src/main/kotlin/mods/eln/craft/CraftingRecipes.kt:1796:27 Unresolved reference: Items
e: file:///Users/aiw.robson/Documents/Projects/ElectricalAge2/src/main/kotlin/mods/eln/craft/CraftingRecipes.kt:1804:22 Unresolved reference: arcFurnaceRecipes
e: file:///Users/aiw.robson/Documents/Projects/ElectricalAge2/src/main/kotlin/mods/eln/craft/CraftingRecipes.kt:1806:27 Unresolved reference: Items
e: file:///Users/aiw.robson/Documents/Projects/ElectricalAge2/src/main/kotlin/mods/eln/craft/CraftingRecipes.kt:1814:22 Unresolved reference: arcFurnaceRecipes
e: file:///Users/aiw.robson/Documents/Projects/ElectricalAge2/src/main/kotlin/mods/eln/craft/CraftingRecipes.kt:1835:14 Unresolved reference: OreDictionary
e: file:///Users/aiw.robson/Documents/Projects/ElectricalAge2/src/main/kotlin/mods/eln/craft/CraftingRecipes.kt:1836:13 Unresolved reference: LogWrapper
e: file:///Users/aiw.robson/Documents/Projects/ElectricalAge2/src/main/kotlin/mods/eln/craft/CraftingRecipes.kt:1839:14 Unresolved reference: OreDictionary
e: file:///Users/aiw.robson/Documents/Projects/ElectricalAge2/src/main/kotlin/mods/eln/craft/CraftingRecipes.kt:1840:13 Unresolved reference: LogWrapper
e: file:///Users/aiw.robson/Documents/Projects/ElectricalAge2/src/main/kotlin/mods/eln/craft/CraftingRecipes.kt:1843:22 Unresolved reference: OreDictionary
e: file:///Users/aiw.robson/Documents/Projects/ElectricalAge2/src/main/kotlin/mods/eln/craft/CraftingRecipes.kt:1844:23 Unresolved reference: OreDictionary
e: file:///Users/aiw.robson/Documents/Projects/ElectricalAge2/src/main/kotlin/mods/eln/craft/CraftingRecipes.kt:1846:13 Unresolved reference: LogWrapper
e: file:///Users/aiw.robson/Documents/Projects/ElectricalAge2/src/main/kotlin/mods/eln/craft/CraftingRecipes.kt:1849:13 Unresolved reference: LogWrapper
e: file:///Users/aiw.robson/Documents/Projects/ElectricalAge2/src/main/kotlin/mods/eln/craft/CraftingRecipes.kt:1853:16 Variable expected
e: file:///Users/aiw.robson/Documents/Projects/ElectricalAge2/src/main/kotlin/mods/eln/craft/CraftingRecipes.kt:1854:9 Unresolved reference: LogWrapper
e: file:///Users/aiw.robson/Documents/Projects/ElectricalAge2/src/main/kotlin/mods/eln/craft/CraftingRecipes.kt:1856:26 Unresolved reference: maceratorRecipes
e: file:///Users/aiw.robson/Documents/Projects/ElectricalAge2/src/main/kotlin/mods/eln/craft/CraftingRecipes.kt:1856:53 Overload resolution ambiguity: 
public constructor Recipe(input: ItemStack, output: Array<ItemStack>, energy: Double) defined in mods.eln.misc.Recipe
public constructor Recipe(input: ItemStack, output: ItemStack, energy: Double) defined in mods.eln.misc.Recipe
e: file:///Users/aiw.robson/Documents/Projects/ElectricalAge2/src/main/kotlin/mods/eln/craft/CraftingRecipes.kt:1862:22 Unresolved reference: plateMachineRecipes
e: file:///Users/aiw.robson/Documents/Projects/ElectricalAge2/src/main/kotlin/mods/eln/craft/CraftingRecipes.kt:1864:64 Unresolved reference: plateConversionRatio
e: file:///Users/aiw.robson/Documents/Projects/ElectricalAge2/src/main/kotlin/mods/eln/craft/CraftingRecipes.kt:1869:22 Unresolved reference: plateMachineRecipes
e: file:///Users/aiw.robson/Documents/Projects/ElectricalAge2/src/main/kotlin/mods/eln/craft/CraftingRecipes.kt:1871:62 Unresolved reference: plateConversionRatio
e: file:///Users/aiw.robson/Documents/Projects/ElectricalAge2/src/main/kotlin/mods/eln/craft/CraftingRecipes.kt:1876:22 Unresolved reference: plateMachineRecipes
e: file:///Users/aiw.robson/Documents/Projects/ElectricalAge2/src/main/kotlin/mods/eln/craft/CraftingRecipes.kt:1882:22 Unresolved reference: plateMachineRecipes
e: file:///Users/aiw.robson/Documents/Projects/ElectricalAge2/src/main/kotlin/mods/eln/craft/CraftingRecipes.kt:1884:63 Unresolved reference: plateConversionRatio
e: file:///Users/aiw.robson/Documents/Projects/ElectricalAge2/src/main/kotlin/mods/eln/craft/CraftingRecipes.kt:1889:22 Unresolved reference: plateMachineRecipes
e: file:///Users/aiw.robson/Documents/Projects/ElectricalAge2/src/main/kotlin/mods/eln/craft/CraftingRecipes.kt:1891:17 None of the following functions can be called with the arguments supplied: 
private constructor ItemStack(p0: ItemLike!, p1: Int, p2: Optional<CompoundTag!>!) defined in net.minecraft.world.item.ItemStack
public constructor ItemStack(p0: ItemLike!, p1: Int, p2: CompoundTag?) defined in net.minecraft.world.item.ItemStack
e: file:///Users/aiw.robson/Documents/Projects/ElectricalAge2/src/main/kotlin/mods/eln/craft/CraftingRecipes.kt:1891:27 Unresolved reference: Items
e: file:///Users/aiw.robson/Documents/Projects/ElectricalAge2/src/main/kotlin/mods/eln/craft/CraftingRecipes.kt:1891:58 Unresolved reference: plateConversionRatio
e: file:///Users/aiw.robson/Documents/Projects/ElectricalAge2/src/main/kotlin/mods/eln/craft/CraftingRecipes.kt:1895:22 Unresolved reference: plateMachineRecipes
e: file:///Users/aiw.robson/Documents/Projects/ElectricalAge2/src/main/kotlin/mods/eln/craft/CraftingRecipes.kt:1897:17 None of the following functions can be called with the arguments supplied: 
private constructor ItemStack(p0: ItemLike!, p1: Int, p2: Optional<CompoundTag!>!) defined in net.minecraft.world.item.ItemStack
public constructor ItemStack(p0: ItemLike!, p1: Int, p2: CompoundTag?) defined in net.minecraft.world.item.ItemStack
e: file:///Users/aiw.robson/Documents/Projects/ElectricalAge2/src/main/kotlin/mods/eln/craft/CraftingRecipes.kt:1897:27 Unresolved reference: Items
e: file:///Users/aiw.robson/Documents/Projects/ElectricalAge2/src/main/kotlin/mods/eln/craft/CraftingRecipes.kt:1897:58 Unresolved reference: plateConversionRatio
e: file:///Users/aiw.robson/Documents/Projects/ElectricalAge2/src/main/kotlin/mods/eln/craft/CraftingRecipes.kt:1914:74 Unresolved reference: sand
e: file:///Users/aiw.robson/Documents/Projects/ElectricalAge2/src/main/kotlin/mods/eln/craft/CraftingRecipes.kt:1915:74 Function invocation 'log(...)' expected
e: file:///Users/aiw.robson/Documents/Projects/ElectricalAge2/src/main/kotlin/mods/eln/craft/CraftingRecipes.kt:1915:74 None of the following functions can be called with the arguments supplied: 
private open fun log(p0: MapColor!, p1: MapColor!): RotatedPillarBlock! defined in net.minecraft.world.level.block.Blocks
private open fun log(p0: MapColor!, p1: MapColor!, p2: SoundType!): RotatedPillarBlock! defined in net.minecraft.world.level.block.Blocks
e: file:///Users/aiw.robson/Documents/Projects/ElectricalAge2/src/main/kotlin/mods/eln/craft/CraftingRecipes.kt:1921:27 Unresolved reference: Items
e: file:///Users/aiw.robson/Documents/Projects/ElectricalAge2/src/main/kotlin/mods/eln/craft/CraftingRecipes.kt:1940:46 Unresolved reference: Items
e: file:///Users/aiw.robson/Documents/Projects/ElectricalAge2/src/main/kotlin/mods/eln/craft/CraftingRecipes.kt:1955:46 Unresolved reference: Items
e: file:///Users/aiw.robson/Documents/Projects/ElectricalAge2/src/main/kotlin/mods/eln/craft/CraftingRecipes.kt:1978:9 Unresolved reference: addSmelting
e: file:///Users/aiw.robson/Documents/Projects/ElectricalAge2/src/main/kotlin/mods/eln/craft/CraftingRecipes.kt:1978:37 Unresolved reference: itemDamage
e: file:///Users/aiw.robson/Documents/Projects/ElectricalAge2/src/main/kotlin/mods/eln/craft/CraftingRecipes.kt:1980:9 Unresolved reference: addSmelting
e: file:///Users/aiw.robson/Documents/Projects/ElectricalAge2/src/main/kotlin/mods/eln/craft/CraftingRecipes.kt:1980:37 Unresolved reference: itemDamage
e: file:///Users/aiw.robson/Documents/Projects/ElectricalAge2/src/main/kotlin/mods/eln/craft/CraftingRecipes.kt:1982:9 Unresolved reference: addSmelting
e: file:///Users/aiw.robson/Documents/Projects/ElectricalAge2/src/main/kotlin/mods/eln/craft/CraftingRecipes.kt:1982:37 Unresolved reference: itemDamage
e: file:///Users/aiw.robson/Documents/Projects/ElectricalAge2/src/main/kotlin/mods/eln/craft/CraftingRecipes.kt:1984:9 Unresolved reference: addSmelting
e: file:///Users/aiw.robson/Documents/Projects/ElectricalAge2/src/main/kotlin/mods/eln/craft/CraftingRecipes.kt:1984:37 Unresolved reference: itemDamage
e: file:///Users/aiw.robson/Documents/Projects/ElectricalAge2/src/main/kotlin/mods/eln/craft/CraftingRecipes.kt:1986:9 Unresolved reference: addSmelting
e: file:///Users/aiw.robson/Documents/Projects/ElectricalAge2/src/main/kotlin/mods/eln/craft/CraftingRecipes.kt:1986:37 Unresolved reference: itemDamage
e: file:///Users/aiw.robson/Documents/Projects/ElectricalAge2/src/main/kotlin/mods/eln/craft/CraftingRecipes.kt:1988:9 Unresolved reference: addSmelting
e: file:///Users/aiw.robson/Documents/Projects/ElectricalAge2/src/main/kotlin/mods/eln/craft/CraftingRecipes.kt:1988:37 Unresolved reference: itemDamage
e: file:///Users/aiw.robson/Documents/Projects/ElectricalAge2/src/main/kotlin/mods/eln/craft/CraftingRecipes.kt:1990:9 Unresolved reference: addSmelting
e: file:///Users/aiw.robson/Documents/Projects/ElectricalAge2/src/main/kotlin/mods/eln/craft/CraftingRecipes.kt:1990:37 Unresolved reference: itemDamage
e: file:///Users/aiw.robson/Documents/Projects/ElectricalAge2/src/main/kotlin/mods/eln/craft/CraftingRecipes.kt:1990:59 Unresolved reference: Items
e: file:///Users/aiw.robson/Documents/Projects/ElectricalAge2/src/main/kotlin/mods/eln/craft/CraftingRecipes.kt:1992:9 Unresolved reference: addSmelting
e: file:///Users/aiw.robson/Documents/Projects/ElectricalAge2/src/main/kotlin/mods/eln/craft/CraftingRecipes.kt:1992:37 Unresolved reference: itemDamage
e: file:///Users/aiw.robson/Documents/Projects/ElectricalAge2/src/main/kotlin/mods/eln/craft/CraftingRecipes.kt:1992:59 Unresolved reference: Items
e: file:///Users/aiw.robson/Documents/Projects/ElectricalAge2/src/main/kotlin/mods/eln/craft/CraftingRecipes.kt:1994:9 Unresolved reference: addSmelting
e: file:///Users/aiw.robson/Documents/Projects/ElectricalAge2/src/main/kotlin/mods/eln/craft/CraftingRecipes.kt:1994:37 Unresolved reference: itemDamage
e: file:///Users/aiw.robson/Documents/Projects/ElectricalAge2/src/main/kotlin/mods/eln/craft/CraftingRecipes.kt:1996:9 Unresolved reference: addSmelting
e: file:///Users/aiw.robson/Documents/Projects/ElectricalAge2/src/main/kotlin/mods/eln/craft/CraftingRecipes.kt:1996:37 Unresolved reference: itemDamage
e: file:///Users/aiw.robson/Documents/Projects/ElectricalAge2/src/main/kotlin/mods/eln/craft/CraftingRecipes.kt:1998:9 Unresolved reference: addSmelting
e: file:///Users/aiw.robson/Documents/Projects/ElectricalAge2/src/main/kotlin/mods/eln/craft/CraftingRecipes.kt:1998:37 Unresolved reference: itemDamage
e: file:///Users/aiw.robson/Documents/Projects/ElectricalAge2/src/main/kotlin/mods/eln/craft/CraftingRecipes.kt:2000:9 Unresolved reference: addSmelting
e: file:///Users/aiw.robson/Documents/Projects/ElectricalAge2/src/main/kotlin/mods/eln/craft/CraftingRecipes.kt:2000:37 Unresolved reference: itemDamage
e: file:///Users/aiw.robson/Documents/Projects/ElectricalAge2/src/main/kotlin/mods/eln/craft/CraftingRecipes.kt:2039:87 Only safe (?.) or non-null asserted (!!.) calls are allowed on a nullable receiver of type ElectricalCableDescriptor?
e: file:///Users/aiw.robson/Documents/Projects/ElectricalAge2/src/main/kotlin/mods/eln/craft/CraftingRecipes.kt:2040:30 Unresolved reference: redstone_block
e: file:///Users/aiw.robson/Documents/Projects/ElectricalAge2/src/main/kotlin/mods/eln/craft/CraftingRecipes.kt:2047:63 Unresolved reference: Items
e: file:///Users/aiw.robson/Documents/Projects/ElectricalAge2/src/main/kotlin/mods/eln/craft/CraftingRecipes.kt:2048:23 Unresolved reference: Items
e: file:///Users/aiw.robson/Documents/Projects/ElectricalAge2/src/main/kotlin/mods/eln/craft/CraftingRecipes.kt:2055:23 Unresolved reference: Items
e: file:///Users/aiw.robson/Documents/Projects/ElectricalAge2/src/main/kotlin/mods/eln/craft/CraftingRecipes.kt:2060:23 Unresolved reference: Items
e: file:///Users/aiw.robson/Documents/Projects/ElectricalAge2/src/main/kotlin/mods/eln/craft/CraftingRecipes.kt:2071:102 Unresolved reference: Items
e: file:///Users/aiw.robson/Documents/Projects/ElectricalAge2/src/main/kotlin/mods/eln/craft/CraftingRecipes.kt:2082:97 Unresolved reference: Items
e: file:///Users/aiw.robson/Documents/Projects/ElectricalAge2/src/main/kotlin/mods/eln/craft/CraftingRecipes.kt:2100:73 Unresolved reference: Items
e: file:///Users/aiw.robson/Documents/Projects/ElectricalAge2/src/main/kotlin/mods/eln/craft/CraftingRecipes.kt:2102:91 Unresolved reference: Items
e: file:///Users/aiw.robson/Documents/Projects/ElectricalAge2/src/main/kotlin/mods/eln/craft/CraftingRecipes.kt:2110:54 Unresolved reference: redstone_torch
e: file:///Users/aiw.robson/Documents/Projects/ElectricalAge2/src/main/kotlin/mods/eln/craft/CraftingRecipes.kt:2113:90 Unresolved reference: Items
e: file:///Users/aiw.robson/Documents/Projects/ElectricalAge2/src/main/kotlin/mods/eln/craft/CraftingRecipes.kt:2114:54 Unresolved reference: redstone_torch
e: file:///Users/aiw.robson/Documents/Projects/ElectricalAge2/src/main/kotlin/mods/eln/craft/CraftingRecipes.kt:2120:75 Unresolved reference: daylight_detector
e: file:///Users/aiw.robson/Documents/Projects/ElectricalAge2/src/main/kotlin/mods/eln/craft/CraftingRecipes.kt:2124:72 Unresolved reference: daylight_detector
e: file:///Users/aiw.robson/Documents/Projects/ElectricalAge2/src/main/kotlin/mods/eln/craft/CraftingRecipes.kt:2125:23 Unresolved reference: Items
e: file:///Users/aiw.robson/Documents/Projects/ElectricalAge2/src/main/kotlin/mods/eln/craft/CraftingRecipes.kt:2128:93 Unresolved reference: Items
e: file:///Users/aiw.robson/Documents/Projects/ElectricalAge2/src/main/kotlin/mods/eln/craft/CraftingRecipes.kt:2133:23 Unresolved reference: Items
e: file:///Users/aiw.robson/Documents/Projects/ElectricalAge2/src/main/kotlin/mods/eln/craft/CraftingRecipes.kt:2137:30 Unresolved reference: glass_pane
e: file:///Users/aiw.robson/Documents/Projects/ElectricalAge2/src/main/kotlin/mods/eln/craft/CraftingRecipes.kt:2137:58 Unresolved reference: Items
e: file:///Users/aiw.robson/Documents/Projects/ElectricalAge2/src/main/kotlin/mods/eln/craft/CraftingRecipes.kt:2147:64 Unresolved reference: Items
e: file:///Users/aiw.robson/Documents/Projects/ElectricalAge2/src/main/kotlin/mods/eln/craft/CraftingRecipes.kt:2153:28 Unresolved reference: Items
e: file:///Users/aiw.robson/Documents/Projects/ElectricalAge2/src/main/kotlin/mods/eln/craft/CraftingRecipes.kt:2153:84 None of the following functions can be called with the arguments supplied: 
private constructor ItemStack(p0: ItemLike!, p1: Int, p2: Optional<CompoundTag!>!) defined in net.minecraft.world.item.ItemStack
public constructor ItemStack(p0: ItemLike!, p1: Int, p2: CompoundTag?) defined in net.minecraft.world.item.ItemStack
e: file:///Users/aiw.robson/Documents/Projects/ElectricalAge2/src/main/kotlin/mods/eln/craft/CraftingRecipes.kt:2154:17 Unresolved reference: Items
e: file:///Users/aiw.robson/Documents/Projects/ElectricalAge2/src/main/kotlin/mods/eln/craft/CraftingRecipes.kt:2160:35 Unresolved reference: redstone_torch
e: file:///Users/aiw.robson/Documents/Projects/ElectricalAge2/src/main/kotlin/mods/eln/craft/CraftingRecipes.kt:2164:28 Unresolved reference: Items
e: file:///Users/aiw.robson/Documents/Projects/ElectricalAge2/src/main/kotlin/mods/eln/craft/CraftingRecipes.kt:2198:78 Unresolved reference: Items
e: file:///Users/aiw.robson/Documents/Projects/ElectricalAge2/src/main/kotlin/mods/eln/craft/CraftingRecipes.kt:2199:23 Unresolved reference: Items
e: file:///Users/aiw.robson/Documents/Projects/ElectricalAge2/src/main/kotlin/mods/eln/craft/CraftingRecipes.kt:2204:23 Unresolved reference: Items
e: file:///Users/aiw.robson/Documents/Projects/ElectricalAge2/src/main/kotlin/mods/eln/craft/CraftingRecipes.kt:2209:23 Unresolved reference: Items
e: file:///Users/aiw.robson/Documents/Projects/ElectricalAge2/src/main/kotlin/mods/eln/craft/CraftingRecipes.kt:2229:23 Unresolved reference: Items
e: file:///Users/aiw.robson/Documents/Projects/ElectricalAge2/src/main/kotlin/mods/eln/craft/CraftingRecipes.kt:2249:23 Unresolved reference: Items
e: file:///Users/aiw.robson/Documents/Projects/ElectricalAge2/src/main/kotlin/mods/eln/craft/CraftingRecipes.kt:2256:30 Unresolved reference: glass_pane
e: file:///Users/aiw.robson/Documents/Projects/ElectricalAge2/src/main/kotlin/mods/eln/craft/CraftingRecipes.kt:2260:57 Unresolved reference: glass_pane
e: file:///Users/aiw.robson/Documents/Projects/ElectricalAge2/src/main/kotlin/mods/eln/craft/CraftingRecipes.kt:2264:57 Unresolved reference: glass_pane
e: file:///Users/aiw.robson/Documents/Projects/ElectricalAge2/src/main/kotlin/mods/eln/craft/CraftingRecipes.kt:2274:30 Unresolved reference: redstone_torch
e: file:///Users/aiw.robson/Documents/Projects/ElectricalAge2/src/main/kotlin/mods/eln/craft/CraftingRecipes.kt:2274:103 Unresolved reference: noteblock
e: file:///Users/aiw.robson/Documents/Projects/ElectricalAge2/src/main/kotlin/mods/eln/craft/CraftingRecipes.kt:2278:30 Unresolved reference: redstone_torch
e: file:///Users/aiw.robson/Documents/Projects/ElectricalAge2/src/main/kotlin/mods/eln/craft/CraftingRecipes.kt:2278:103 Unresolved reference: noteblock
e: file:///Users/aiw.robson/Documents/Projects/ElectricalAge2/src/main/kotlin/mods/eln/craft/CraftingRecipes.kt:2285:23 Unresolved reference: Items
e: file:///Users/aiw.robson/Documents/Projects/ElectricalAge2/src/main/kotlin/mods/eln/craft/CraftingRecipes.kt:2285:75 Unresolved reference: Items
e: file:///Users/aiw.robson/Documents/Projects/ElectricalAge2/src/main/kotlin/mods/eln/craft/CraftingRecipes.kt:2289:41 Unresolved reference: Items
e: file:///Users/aiw.robson/Documents/Projects/ElectricalAge2/src/main/kotlin/mods/eln/craft/CraftingRecipes.kt:2289:75 Unresolved reference: Items
e: file:///Users/aiw.robson/Documents/Projects/ElectricalAge2/src/main/kotlin/mods/eln/craft/CraftingRecipes.kt:2293:70 Unresolved reference: Items
e: file:///Users/aiw.robson/Documents/Projects/ElectricalAge2/src/main/kotlin/mods/eln/craft/CraftingRecipes.kt:2297:41 Unresolved reference: Items
e: file:///Users/aiw.robson/Documents/Projects/ElectricalAge2/src/main/kotlin/mods/eln/craft/CraftingRecipes.kt:2302:65 Unresolved reference: Items
e: file:///Users/aiw.robson/Documents/Projects/ElectricalAge2/src/main/kotlin/mods/eln/craft/CraftingRecipes.kt:2306:41 Unresolved reference: Items
e: file:///Users/aiw.robson/Documents/Projects/ElectricalAge2/src/main/kotlin/mods/eln/craft/CraftingRecipes.kt:2306:73 Unresolved reference: Items
e: file:///Users/aiw.robson/Documents/Projects/ElectricalAge2/src/main/kotlin/mods/eln/craft/CraftingRecipes.kt:2315:65 Unresolved reference: Items
e: file:///Users/aiw.robson/Documents/Projects/ElectricalAge2/src/main/kotlin/mods/eln/craft/CraftingRecipes.kt:2319:98 Unresolved reference: Items
e: file:///Users/aiw.robson/Documents/Projects/ElectricalAge2/src/main/kotlin/mods/eln/craft/CraftingRecipes.kt:2324:101 Unresolved reference: Items
e: file:///Users/aiw.robson/Documents/Projects/ElectricalAge2/src/main/kotlin/mods/eln/craft/CraftingRecipes.kt:2332:31 Unresolved reference: Items
e: file:///Users/aiw.robson/Documents/Projects/ElectricalAge2/src/main/kotlin/mods/eln/craft/CraftingRecipes.kt:2333:30 Unresolved reference: glass_pane
e: file:///Users/aiw.robson/Documents/Projects/ElectricalAge2/src/main/kotlin/mods/eln/craft/CraftingRecipes.kt:2342:27 Unresolved reference: Items
e: file:///Users/aiw.robson/Documents/Projects/ElectricalAge2/src/main/kotlin/mods/eln/craft/CraftingRecipes.kt:2367:9 Unresolved reference: GameRegistry
e: file:///Users/aiw.robson/Documents/Projects/ElectricalAge2/src/main/kotlin/mods/eln/craft/CraftingRecipes.kt:2367:32 Unresolved reference: ShapedOreRecipe
e: file:///Users/aiw.robson/Documents/Projects/ElectricalAge2/src/main/kotlin/mods/eln/craft/CraftingRecipes.kt:2371:98 Unresolved reference: Items
e: file:///Users/aiw.robson/Documents/Projects/ElectricalAge2/src/main/kotlin/mods/eln/craft/CraftingRecipes.kt:2372:98 Unresolved reference: Items
e: file:///Users/aiw.robson/Documents/Projects/ElectricalAge2/src/main/kotlin/mods/eln/craft/CraftingRecipes.kt:2373:98 Unresolved reference: Items
e: file:///Users/aiw.robson/Documents/Projects/ElectricalAge2/src/main/kotlin/mods/eln/craft/CraftingRecipes.kt:2376:23 Unresolved reference: Items
e: file:///Users/aiw.robson/Documents/Projects/ElectricalAge2/src/main/kotlin/mods/eln/craft/CraftingRecipes.kt:2378:97 Unresolved reference: Items
e: file:///Users/aiw.robson/Documents/Projects/ElectricalAge2/src/main/kotlin/mods/eln/craft/CraftingRecipes.kt:2383:90 Unresolved reference: Items
e: file:///Users/aiw.robson/Documents/Projects/ElectricalAge2/src/main/kotlin/mods/eln/craft/CraftingRecipes.kt:2388:92 Unresolved reference: glass_pane
e: file:///Users/aiw.robson/Documents/Projects/ElectricalAge2/src/main/kotlin/mods/eln/craft/CraftingRecipes.kt:2389:23 Unresolved reference: Items
e: file:///Users/aiw.robson/Documents/Projects/ElectricalAge2/src/main/kotlin/mods/eln/craft/CraftingRecipes.kt:2397:26 Unresolved reference: replicatorRegistrationId
e: file:///Users/aiw.robson/Documents/Projects/ElectricalAge2/src/main/kotlin/mods/eln/craft/CraftingRecipes.kt:2397:71 Unresolved reference: replicatorRegistrationId
e: file:///Users/aiw.robson/Documents/Projects/ElectricalAge2/src/main/kotlin/mods/eln/craft/CraftingRecipes.kt:2397:98 Unresolved reference: EntityRegistry
e: file:///Users/aiw.robson/Documents/Projects/ElectricalAge2/src/main/kotlin/mods/eln/craft/CraftingRecipes.kt:2398:56 Unresolved reference: replicatorRegistrationId
e: file:///Users/aiw.robson/Documents/Projects/ElectricalAge2/src/main/kotlin/mods/eln/craft/CraftingRecipes.kt:2399:9 Unresolved reference: EntityRegistry
e: file:///Users/aiw.robson/Documents/Projects/ElectricalAge2/src/main/kotlin/mods/eln/craft/CraftingRecipes.kt:2400:13 Unresolved reference: ReplicatorEntity
e: file:///Users/aiw.robson/Documents/Projects/ElectricalAge2/src/main/kotlin/mods/eln/craft/CraftingRecipes.kt:2401:26 Unresolved reference: replicatorRegistrationId
e: file:///Users/aiw.robson/Documents/Projects/ElectricalAge2/src/main/kotlin/mods/eln/craft/CraftingRecipes.kt:2404:9 Unresolved reference: ReplicatorEntity
e: file:///Users/aiw.robson/Documents/Projects/ElectricalAge2/src/main/kotlin/mods/eln/craft/CraftingRecipes.kt:2405:9 Unresolved reference: ReplicatorEntity
e: file:///Users/aiw.robson/Documents/Projects/ElectricalAge2/src/main/kotlin/mods/eln/craft/CraftingRecipes.kt:2406:9 Unresolved reference: ReplicatorEntity
e: file:///Users/aiw.robson/Documents/Projects/ElectricalAge2/src/main/kotlin/mods/eln/craft/CraftingRecipes.kt:2407:9 Unresolved reference: ReplicatorEntity
e: file:///Users/aiw.robson/Documents/Projects/ElectricalAge2/src/main/kotlin/mods/eln/craft/CraftingRecipes.kt:2407:49 Unresolved reference: Items
e: file:///Users/aiw.robson/Documents/Projects/ElectricalAge2/src/main/kotlin/mods/eln/craft/CraftingRecipes.kt:2408:9 Unresolved reference: ReplicatorEntity
e: file:///Users/aiw.robson/Documents/Projects/ElectricalAge2/src/main/kotlin/mods/eln/craft/CraftingRecipes.kt:2408:49 Unresolved reference: Items
e: file:///Users/aiw.robson/Documents/Projects/ElectricalAge2/src/main/kotlin/mods/eln/craft/CraftingRecipes.kt:2412:100 None of the following functions can be called with the arguments supplied: 
private constructor ItemStack(p0: ItemLike!, p1: Int, p2: Optional<CompoundTag!>!) defined in net.minecraft.world.item.ItemStack
public constructor ItemStack(p0: ItemLike!, p1: Int, p2: CompoundTag?) defined in net.minecraft.world.item.ItemStack
e: file:///Users/aiw.robson/Documents/Projects/ElectricalAge2/src/main/kotlin/mods/eln/craft/CraftingRecipes.kt:2412:117 Unresolved reference: sapling
e: file:///Users/aiw.robson/Documents/Projects/ElectricalAge2/src/main/kotlin/mods/eln/craft/CraftingRecipes.kt:2414:96 Unresolved reference: glass_pane
e: file:///Users/aiw.robson/Documents/Projects/ElectricalAge2/src/main/kotlin/mods/eln/fluid/BlockElnFluid.kt:3:22 Unresolved reference: block
e: file:///Users/aiw.robson/Documents/Projects/ElectricalAge2/src/main/kotlin/mods/eln/fluid/BlockElnFluid.kt:4:46 Unresolved reference: IIconRegister
e: file:///Users/aiw.robson/Documents/Projects/ElectricalAge2/src/main/kotlin/mods/eln/fluid/BlockElnFluid.kt:6:22 Unresolved reference: item
e: file:///Users/aiw.robson/Documents/Projects/ElectricalAge2/src/main/kotlin/mods/eln/fluid/BlockElnFluid.kt:7:27 Unresolved reference: IIcon
e: file:///Users/aiw.robson/Documents/Projects/ElectricalAge2/src/main/kotlin/mods/eln/fluid/BlockElnFluid.kt:8:34 Unresolved reference: BlockFluidClassic
e: file:///Users/aiw.robson/Documents/Projects/ElectricalAge2/src/main/kotlin/mods/eln/fluid/BlockElnFluid.kt:9:34 Unresolved reference: Fluid
e: file:///Users/aiw.robson/Documents/Projects/ElectricalAge2/src/main/kotlin/mods/eln/fluid/BlockElnFluid.kt:10:34 Unresolved reference: FluidRegistry
e: file:///Users/aiw.robson/Documents/Projects/ElectricalAge2/src/main/kotlin/mods/eln/fluid/BlockElnFluid.kt:19:12 Unresolved reference: Fluid
e: file:///Users/aiw.robson/Documents/Projects/ElectricalAge2/src/main/kotlin/mods/eln/fluid/BlockElnFluid.kt:20:15 Unresolved reference: Material
e: file:///Users/aiw.robson/Documents/Projects/ElectricalAge2/src/main/kotlin/mods/eln/fluid/BlockElnFluid.kt:21:5 Unresolved reference: BlockFluidClassic
e: file:///Users/aiw.robson/Documents/Projects/ElectricalAge2/src/main/kotlin/mods/eln/fluid/BlockElnFluid.kt:23:26 Unresolved reference: IIcon
e: file:///Users/aiw.robson/Documents/Projects/ElectricalAge2/src/main/kotlin/mods/eln/fluid/BlockElnFluid.kt:26:9 Unresolved reference: setBlockName
e: file:///Users/aiw.robson/Documents/Projects/ElectricalAge2/src/main/kotlin/mods/eln/fluid/BlockElnFluid.kt:27:9 Unresolved reference: GameRegistry
e: file:///Users/aiw.robson/Documents/Projects/ElectricalAge2/src/main/kotlin/mods/eln/fluid/BlockElnFluid.kt:27:42 Unresolved reference: ItemBlock
e: file:///Users/aiw.robson/Documents/Projects/ElectricalAge2/src/main/kotlin/mods/eln/fluid/BlockElnFluid.kt:28:13 Unresolved reference: density
e: file:///Users/aiw.robson/Documents/Projects/ElectricalAge2/src/main/kotlin/mods/eln/fluid/BlockElnFluid.kt:28:24 Unresolved reference: FluidRegistry
e: file:///Users/aiw.robson/Documents/Projects/ElectricalAge2/src/main/kotlin/mods/eln/fluid/BlockElnFluid.kt:29:13 Unresolved reference: displacements
e: file:///Users/aiw.robson/Documents/Projects/ElectricalAge2/src/main/kotlin/mods/eln/fluid/BlockElnFluid.kt:29:34 Unresolved reference: water
e: file:///Users/aiw.robson/Documents/Projects/ElectricalAge2/src/main/kotlin/mods/eln/fluid/BlockElnFluid.kt:30:13 Unresolved reference: displacements
e: file:///Users/aiw.robson/Documents/Projects/ElectricalAge2/src/main/kotlin/mods/eln/fluid/BlockElnFluid.kt:30:34 Unresolved reference: flowing_water
e: file:///Users/aiw.robson/Documents/Projects/ElectricalAge2/src/main/kotlin/mods/eln/fluid/BlockElnFluid.kt:32:13 Unresolved reference: density
e: file:///Users/aiw.robson/Documents/Projects/ElectricalAge2/src/main/kotlin/mods/eln/fluid/BlockElnFluid.kt:32:24 Unresolved reference: FluidRegistry
e: file:///Users/aiw.robson/Documents/Projects/ElectricalAge2/src/main/kotlin/mods/eln/fluid/BlockElnFluid.kt:33:13 Unresolved reference: displacements
e: file:///Users/aiw.robson/Documents/Projects/ElectricalAge2/src/main/kotlin/mods/eln/fluid/BlockElnFluid.kt:33:34 Unresolved reference: lava
e: file:///Users/aiw.robson/Documents/Projects/ElectricalAge2/src/main/kotlin/mods/eln/fluid/BlockElnFluid.kt:34:13 Unresolved reference: displacements
e: file:///Users/aiw.robson/Documents/Projects/ElectricalAge2/src/main/kotlin/mods/eln/fluid/BlockElnFluid.kt:34:34 Unresolved reference: flowing_lava
e: file:///Users/aiw.robson/Documents/Projects/ElectricalAge2/src/main/kotlin/mods/eln/fluid/BlockElnFluid.kt:38:6 Unresolved reference: SideOnly
e: file:///Users/aiw.robson/Documents/Projects/ElectricalAge2/src/main/kotlin/mods/eln/fluid/BlockElnFluid.kt:38:15 Unresolved reference: Side
e: file:///Users/aiw.robson/Documents/Projects/ElectricalAge2/src/main/kotlin/mods/eln/fluid/BlockElnFluid.kt:39:5 'registerBlockIcons' overrides nothing
e: file:///Users/aiw.robson/Documents/Projects/ElectricalAge2/src/main/kotlin/mods/eln/fluid/BlockElnFluid.kt:39:51 Unresolved reference: IIconRegister
e: file:///Users/aiw.robson/Documents/Projects/ElectricalAge2/src/main/kotlin/mods/eln/fluid/BlockElnFluid.kt:41:60 Unresolved reference: fluidName
e: file:///Users/aiw.robson/Documents/Projects/ElectricalAge2/src/main/kotlin/mods/eln/fluid/BlockElnFluid.kt:42:60 Unresolved reference: fluidName
e: file:///Users/aiw.robson/Documents/Projects/ElectricalAge2/src/main/kotlin/mods/eln/fluid/BlockElnFluid.kt:46:6 Unresolved reference: SideOnly
e: file:///Users/aiw.robson/Documents/Projects/ElectricalAge2/src/main/kotlin/mods/eln/fluid/BlockElnFluid.kt:46:15 Unresolved reference: Side
e: file:///Users/aiw.robson/Documents/Projects/ElectricalAge2/src/main/kotlin/mods/eln/fluid/BlockElnFluid.kt:47:5 'getIcon' overrides nothing
e: file:///Users/aiw.robson/Documents/Projects/ElectricalAge2/src/main/kotlin/mods/eln/fluid/BlockElnFluid.kt:47:49 Unresolved reference: IIcon
e: file:///Users/aiw.robson/Documents/Projects/ElectricalAge2/src/main/kotlin/mods/eln/fluid/BucketHandler.kt:17:22 Unresolved reference: item
e: file:///Users/aiw.robson/Documents/Projects/ElectricalAge2/src/main/kotlin/mods/eln/fluid/BucketHandler.kt:18:22 Unresolved reference: item
e: file:///Users/aiw.robson/Documents/Projects/ElectricalAge2/src/main/kotlin/mods/eln/fluid/BucketHandler.kt:20:27 Unresolved reference: MovingObjectPosition
e: file:///Users/aiw.robson/Documents/Projects/ElectricalAge2/src/main/kotlin/mods/eln/fluid/BucketHandler.kt:26:36 Unresolved reference: ItemBucket
e: file:///Users/aiw.robson/Documents/Projects/ElectricalAge2/src/main/kotlin/mods/eln/fluid/BucketHandler.kt:27:6 Unresolved reference: SubscribeEvent
e: file:///Users/aiw.robson/Documents/Projects/ElectricalAge2/src/main/kotlin/mods/eln/fluid/BucketHandler.kt:29:45 Unresolved reference: world
e: file:///Users/aiw.robson/Documents/Projects/ElectricalAge2/src/main/kotlin/mods/eln/fluid/BucketHandler.kt:30:24 Type mismatch: inferred type is ItemStack but Event.Result! was expected
e: file:///Users/aiw.robson/Documents/Projects/ElectricalAge2/src/main/kotlin/mods/eln/fluid/BucketHandler.kt:31:25 Unresolved reference: Event
e: file:///Users/aiw.robson/Documents/Projects/ElectricalAge2/src/main/kotlin/mods/eln/fluid/BucketHandler.kt:34:41 Unresolved reference: World
e: file:///Users/aiw.robson/Documents/Projects/ElectricalAge2/src/main/kotlin/mods/eln/fluid/BucketHandler.kt:34:53 Unresolved reference: MovingObjectPosition
e: file:///Users/aiw.robson/Documents/Projects/ElectricalAge2/src/main/kotlin/mods/eln/fluid/BucketHandler.kt:39:13 Overload resolution ambiguity: 
public constructor ItemStack(p0: Holder<Item!>!) defined in net.minecraft.world.item.ItemStack
public constructor ItemStack(p0: ItemLike!) defined in net.minecraft.world.item.ItemStack
e: file:///Users/aiw.robson/Documents/Projects/ElectricalAge2/src/main/kotlin/mods/eln/fluid/ElementFluidHandler.kt:17:14 Cannot access 'validator': it is protected in 'FluidTank'
e: file:///Users/aiw.robson/Documents/Projects/ElectricalAge2/src/main/kotlin/mods/eln/fluid/ElementFluidHandler.kt:17:26 Type mismatch: inferred type is (???) -> Boolean but Predicate<FluidStack!>! was expected
e: file:///Users/aiw.robson/Documents/Projects/ElectricalAge2/src/main/kotlin/mods/eln/fluid/ElementFluidHandler.kt:17:28 Cannot infer a type for this parameter. Please specify it explicitly.
e: file:///Users/aiw.robson/Documents/Projects/ElectricalAge2/src/main/kotlin/mods/eln/fluid/ElementFluidHandler.kt:34:51 Unresolved reference: getFluidInTank
e: file:///Users/aiw.robson/Documents/Projects/ElectricalAge2/src/main/kotlin/mods/eln/fluid/ElementFluidHandler.kt:35:52 Unresolved reference: getTankCapacity
e: file:///Users/aiw.robson/Documents/Projects/ElectricalAge2/src/main/kotlin/mods/eln/fluid/ElementFluidHandler.kt:36:63 Type checking has run into a recursive problem. Easiest workaround: specify types of your declarations explicitly
e: file:///Users/aiw.robson/Documents/Projects/ElectricalAge2/src/main/kotlin/mods/eln/fluid/ElementSidedFluidHandler.kt:5:39 Unresolved reference: ForgeDirection
e: file:///Users/aiw.robson/Documents/Projects/ElectricalAge2/src/main/kotlin/mods/eln/fluid/ElementSidedFluidHandler.kt:8:6 Class 'ElementSidedFluidHandler' is not abstract and does not implement abstract member public abstract fun fill(p0: FluidStack!, p1: IFluidHandler.FluidAction!): Int defined in net.minecraftforge.fluids.capability.IFluidHandler
e: file:///Users/aiw.robson/Documents/Projects/ElectricalAge2/src/main/kotlin/mods/eln/fluid/ElementSidedFluidHandler.kt:10:40 Unresolved reference: ForgeDirection
e: file:///Users/aiw.robson/Documents/Projects/ElectricalAge2/src/main/kotlin/mods/eln/fluid/ElementSidedFluidHandler.kt:18:31 Unresolved reference: ForgeDirection
e: file:///Users/aiw.robson/Documents/Projects/ElectricalAge2/src/main/kotlin/mods/eln/fluid/ElementSidedFluidHandler.kt:29:29 Unresolved reference: FluidTank
e: file:///Users/aiw.robson/Documents/Projects/ElectricalAge2/src/main/kotlin/mods/eln/fluid/ElementSidedFluidHandler.kt:30:9 Unresolved reference: ForgeDirection
e: file:///Users/aiw.robson/Documents/Projects/ElectricalAge2/src/main/kotlin/mods/eln/fluid/ElementSidedFluidHandler.kt:30:41 Overload resolution ambiguity: 
public inline fun <T> Iterable<TypeVariable(T)>.forEach(action: (TypeVariable(T)) -> Unit): Unit defined in kotlin.collections
public inline fun <K, V> Map<out TypeVariable(K), TypeVariable(V)>.forEach(action: (Map.Entry<TypeVariable(K), TypeVariable(V)>) -> Unit): Unit defined in kotlin.collections
e: file:///Users/aiw.robson/Documents/Projects/ElectricalAge2/src/main/kotlin/mods/eln/fluid/ElementSidedFluidHandler.kt:31:19 Expression expected, but a package name found
e: file:///Users/aiw.robson/Documents/Projects/ElectricalAge2/src/main/kotlin/mods/eln/fluid/ElementSidedFluidHandler.kt:35:38 Unresolved reference: ForgeDirection
e: file:///Users/aiw.robson/Documents/Projects/ElectricalAge2/src/main/kotlin/mods/eln/fluid/ElementSidedFluidHandler.kt:35:75 Unresolved reference: Fluid
e: file:///Users/aiw.robson/Documents/Projects/ElectricalAge2/src/main/kotlin/mods/eln/fluid/ElementSidedFluidHandler.kt:44:38 Unresolved reference: ForgeDirection
e: file:///Users/aiw.robson/Documents/Projects/ElectricalAge2/src/main/kotlin/mods/eln/fluid/ElementSidedFluidHandler.kt:44:70 Unresolved reference: Fluid
e: file:///Users/aiw.robson/Documents/Projects/ElectricalAge2/src/main/kotlin/mods/eln/fluid/ElementSidedFluidHandler.kt:49:33 Unresolved reference: ForgeDirection
e: file:///Users/aiw.robson/Documents/Projects/ElectricalAge2/src/main/kotlin/mods/eln/fluid/ElementSidedFluidHandler.kt:49:50 Unresolved reference: Fluid
e: file:///Users/aiw.robson/Documents/Projects/ElectricalAge2/src/main/kotlin/mods/eln/fluid/ElementSidedFluidHandler.kt:57:32 Unresolved reference: ForgeDirection
e: file:///Users/aiw.robson/Documents/Projects/ElectricalAge2/src/main/kotlin/mods/eln/fluid/ElementSidedFluidHandler.kt:66:35 Unresolved reference: ForgeDirection
e: file:///Users/aiw.robson/Documents/Projects/ElectricalAge2/src/main/kotlin/mods/eln/fluid/ElementSidedFluidHandler.kt:75:5 'fill' overrides nothing
e: file:///Users/aiw.robson/Documents/Projects/ElectricalAge2/src/main/kotlin/mods/eln/fluid/ElementSidedFluidHandler.kt:75:29 Unresolved reference: ForgeDirection
e: file:///Users/aiw.robson/Documents/Projects/ElectricalAge2/src/main/kotlin/mods/eln/fluid/ElementSidedFluidHandler.kt:78:25 Unresolved reference: tank
e: file:///Users/aiw.robson/Documents/Projects/ElectricalAge2/src/main/kotlin/mods/eln/fluid/ElementSidedFluidHandler.kt:78:54 Unresolved reference: fluidWhitelist
e: file:///Users/aiw.robson/Documents/Projects/ElectricalAge2/src/main/kotlin/mods/eln/fluid/ElementSidedFluidHandler.kt:80:18 Unresolved reference: tank
e: file:///Users/aiw.robson/Documents/Projects/ElectricalAge2/src/main/kotlin/mods/eln/fluid/ElementSidedFluidHandler.kt:83:39 Unresolved reference: fluidID
e: file:///Users/aiw.robson/Documents/Projects/ElectricalAge2/src/main/kotlin/mods/eln/fluid/ElementSidedFluidHandler.kt:84:18 Unresolved reference: fluidWhitelist
e: file:///Users/aiw.robson/Documents/Projects/ElectricalAge2/src/main/kotlin/mods/eln/fluid/ElementSidedFluidHandler.kt:84:33 Overload resolution ambiguity: 
public inline fun <T> Iterable<TypeVariable(T)>.forEach(action: (TypeVariable(T)) -> Unit): Unit defined in kotlin.collections
public inline fun <K, V> Map<out TypeVariable(K), TypeVariable(V)>.forEach(action: (Map.Entry<TypeVariable(K), TypeVariable(V)>) -> Unit): Unit defined in kotlin.collections
e: file:///Users/aiw.robson/Documents/Projects/ElectricalAge2/src/main/kotlin/mods/eln/fluid/ElementSidedFluidHandler.kt:85:24 Unresolved reference: id
e: file:///Users/aiw.robson/Documents/Projects/ElectricalAge2/src/main/kotlin/mods/eln/fluid/ElementSidedFluidHandler.kt:86:21 'return' is not allowed here
e: file:///Users/aiw.robson/Documents/Projects/ElectricalAge2/src/main/kotlin/mods/eln/fluid/ElementSidedFluidHandler.kt:86:33 Unresolved reference: tank
e: file:///Users/aiw.robson/Documents/Projects/ElectricalAge2/src/main/kotlin/mods/eln/fluid/ElementSidedFluidHandler.kt:93:5 'canFill' overrides nothing
e: file:///Users/aiw.robson/Documents/Projects/ElectricalAge2/src/main/kotlin/mods/eln/fluid/ElementSidedFluidHandler.kt:93:32 Unresolved reference: ForgeDirection
e: file:///Users/aiw.robson/Documents/Projects/ElectricalAge2/src/main/kotlin/mods/eln/fluid/ElementSidedFluidHandler.kt:93:56 Unresolved reference: Fluid
e: file:///Users/aiw.robson/Documents/Projects/ElectricalAge2/src/main/kotlin/mods/eln/fluid/ElementSidedFluidHandler.kt:97:18 Unresolved reference: tank
e: file:///Users/aiw.robson/Documents/Projects/ElectricalAge2/src/main/kotlin/mods/eln/fluid/ElementSidedFluidHandler.kt:97:52 Unresolved reference: tank
e: file:///Users/aiw.robson/Documents/Projects/ElectricalAge2/src/main/kotlin/mods/eln/fluid/ElementSidedFluidHandler.kt:98:25 Unresolved reference: fluidWhitelist
e: file:///Users/aiw.robson/Documents/Projects/ElectricalAge2/src/main/kotlin/mods/eln/fluid/ElementSidedFluidHandler.kt:100:30 Unresolved reference: fluidWhitelist
e: file:///Users/aiw.robson/Documents/Projects/ElectricalAge2/src/main/kotlin/mods/eln/fluid/ElementSidedFluidHandler.kt:100:54 Unresolved reference: id
e: file:///Users/aiw.robson/Documents/Projects/ElectricalAge2/src/main/kotlin/mods/eln/fluid/ElementSidedFluidHandler.kt:107:5 'getTankInfo' overrides nothing
e: file:///Users/aiw.robson/Documents/Projects/ElectricalAge2/src/main/kotlin/mods/eln/fluid/ElementSidedFluidHandler.kt:107:36 Unresolved reference: ForgeDirection
e: file:///Users/aiw.robson/Documents/Projects/ElectricalAge2/src/main/kotlin/mods/eln/fluid/ElementSidedFluidHandler.kt:107:60 Unresolved reference: FluidTankInfo
e: file:///Users/aiw.robson/Documents/Projects/ElectricalAge2/src/main/kotlin/mods/eln/fluid/ElementSidedFluidHandler.kt:110:29 Unresolved reference: tank
e: file:///Users/aiw.robson/Documents/Projects/ElectricalAge2/src/main/kotlin/mods/eln/fluid/ElementSidedFluidHandler.kt:113:5 'drain' overrides nothing
e: file:///Users/aiw.robson/Documents/Projects/ElectricalAge2/src/main/kotlin/mods/eln/fluid/ElementSidedFluidHandler.kt:113:30 Unresolved reference: ForgeDirection
e: file:///Users/aiw.robson/Documents/Projects/ElectricalAge2/src/main/kotlin/mods/eln/fluid/ElementSidedFluidHandler.kt:116:21 Unresolved reference: tank
e: file:///Users/aiw.robson/Documents/Projects/ElectricalAge2/src/main/kotlin/mods/eln/fluid/ElementSidedFluidHandler.kt:119:5 'drain' overrides nothing
e: file:///Users/aiw.robson/Documents/Projects/ElectricalAge2/src/main/kotlin/mods/eln/fluid/ElementSidedFluidHandler.kt:119:30 Unresolved reference: ForgeDirection
e: file:///Users/aiw.robson/Documents/Projects/ElectricalAge2/src/main/kotlin/mods/eln/fluid/ElementSidedFluidHandler.kt:122:21 Unresolved reference: tank
e: file:///Users/aiw.robson/Documents/Projects/ElectricalAge2/src/main/kotlin/mods/eln/fluid/ElementSidedFluidHandler.kt:126:31 Unresolved reference: ForgeDirection
e: file:///Users/aiw.robson/Documents/Projects/ElectricalAge2/src/main/kotlin/mods/eln/fluid/ElementSidedFluidHandler.kt:128:45 Unresolved reference: fractionalDemandMb
e: file:///Users/aiw.robson/Documents/Projects/ElectricalAge2/src/main/kotlin/mods/eln/fluid/ElementSidedFluidHandler.kt:130:30 Unresolved reference: fractionalDemandMb
e: file:///Users/aiw.robson/Documents/Projects/ElectricalAge2/src/main/kotlin/mods/eln/fluid/ElementSidedFluidHandler.kt:132:14 Unresolved reference: fractionalDemandMb
e: file:///Users/aiw.robson/Documents/Projects/ElectricalAge2/src/main/kotlin/mods/eln/fluid/ElementSidedFluidHandler.kt:136:5 'canDrain' overrides nothing
e: file:///Users/aiw.robson/Documents/Projects/ElectricalAge2/src/main/kotlin/mods/eln/fluid/ElementSidedFluidHandler.kt:136:33 Unresolved reference: ForgeDirection
e: file:///Users/aiw.robson/Documents/Projects/ElectricalAge2/src/main/kotlin/mods/eln/fluid/ElementSidedFluidHandler.kt:136:57 Unresolved reference: Fluid
e: file:///Users/aiw.robson/Documents/Projects/ElectricalAge2/src/main/kotlin/mods/eln/fluid/ElementSidedFluidHandler.kt:139:21 Unresolved reference: tank
e: file:///Users/aiw.robson/Documents/Projects/ElectricalAge2/src/main/kotlin/mods/eln/fluid/ElementSidedFluidHandler.kt:144:28 Unresolved reference: getInteger
e: file:///Users/aiw.robson/Documents/Projects/ElectricalAge2/src/main/kotlin/mods/eln/fluid/ElementSidedFluidHandler.kt:146:33 Unresolved reference: FluidTank
e: file:///Users/aiw.robson/Documents/Projects/ElectricalAge2/src/main/kotlin/mods/eln/fluid/ElementSidedFluidHandler.kt:153:9 Unresolved reference: ForgeDirection
e: file:///Users/aiw.robson/Documents/Projects/ElectricalAge2/src/main/kotlin/mods/eln/fluid/ElementSidedFluidHandler.kt:153:41 Overload resolution ambiguity: 
public inline fun <T> Iterable<TypeVariable(T)>.forEach(action: (TypeVariable(T)) -> Unit): Unit defined in kotlin.collections
public inline fun <K, V> Map<out TypeVariable(K), TypeVariable(V)>.forEach(action: (Map.Entry<TypeVariable(K), TypeVariable(V)>) -> Unit): Unit defined in kotlin.collections
e: file:///Users/aiw.robson/Documents/Projects/ElectricalAge2/src/main/kotlin/mods/eln/fluid/ElementSidedFluidHandler.kt:154:31 Unresolved reference: getInteger
e: file:///Users/aiw.robson/Documents/Projects/ElectricalAge2/src/main/kotlin/mods/eln/fluid/ElementSidedFluidHandler.kt:154:54 Unresolved reference: name
e: file:///Users/aiw.robson/Documents/Projects/ElectricalAge2/src/main/kotlin/mods/eln/fluid/ElementSidedFluidHandler.kt:157:23 Expression expected, but a package name found
e: file:///Users/aiw.robson/Documents/Projects/ElectricalAge2/src/main/kotlin/mods/eln/fluid/ElementSidedFluidHandler.kt:165:15 Overload resolution ambiguity: 
public inline fun <T> Iterable<TypeVariable(T)>.forEach(action: (TypeVariable(T)) -> Unit): Unit defined in kotlin.collections
public inline fun <K, V> Map<out TypeVariable(K), TypeVariable(V)>.forEach(action: (Map.Entry<TypeVariable(K), TypeVariable(V)>) -> Unit): Unit defined in kotlin.collections
e: file:///Users/aiw.robson/Documents/Projects/ElectricalAge2/src/main/kotlin/mods/eln/fluid/ElementSidedFluidHandler.kt:166:20 Unresolved reference: value
e: file:///Users/aiw.robson/Documents/Projects/ElectricalAge2/src/main/kotlin/mods/eln/fluid/ElementSidedFluidHandler.kt:167:34 Unresolved reference: value
e: file:///Users/aiw.robson/Documents/Projects/ElectricalAge2/src/main/kotlin/mods/eln/fluid/ElementSidedFluidHandler.kt:170:13 Unresolved reference: setInteger
e: file:///Users/aiw.robson/Documents/Projects/ElectricalAge2/src/main/kotlin/mods/eln/fluid/ElementSidedFluidHandler.kt:175:9 Unresolved reference: ForgeDirection
e: file:///Users/aiw.robson/Documents/Projects/ElectricalAge2/src/main/kotlin/mods/eln/fluid/ElementSidedFluidHandler.kt:175:41 Overload resolution ambiguity: 
public inline fun <T> Iterable<TypeVariable(T)>.forEach(action: (TypeVariable(T)) -> Unit): Unit defined in kotlin.collections
public inline fun <K, V> Map<out TypeVariable(K), TypeVariable(V)>.forEach(action: (Map.Entry<TypeVariable(K), TypeVariable(V)>) -> Unit): Unit defined in kotlin.collections
e: file:///Users/aiw.robson/Documents/Projects/ElectricalAge2/src/main/kotlin/mods/eln/fluid/ElementSidedFluidHandler.kt:176:30 Expression expected, but a package name found
e: file:///Users/aiw.robson/Documents/Projects/ElectricalAge2/src/main/kotlin/mods/eln/fluid/ElementSidedFluidHandler.kt:178:17 Unresolved reference: setInteger
e: file:///Users/aiw.robson/Documents/Projects/ElectricalAge2/src/main/kotlin/mods/eln/fluid/ElementSidedFluidHandler.kt:178:40 Unresolved reference: name
e: file:///Users/aiw.robson/Documents/Projects/ElectricalAge2/src/main/kotlin/mods/eln/fluid/ElnFluidRegistry.kt:3:22 Unresolved reference: block
e: file:///Users/aiw.robson/Documents/Projects/ElectricalAge2/src/main/kotlin/mods/eln/fluid/ElnFluidRegistry.kt:8:19 Unresolved reference: Material
e: file:///Users/aiw.robson/Documents/Projects/ElectricalAge2/src/main/kotlin/mods/eln/fluid/ElnFluidRegistry.kt:18:15 Unresolved reference: Material
e: file:///Users/aiw.robson/Documents/Projects/ElectricalAge2/src/main/kotlin/mods/eln/fluid/ElnFluidRegistry.kt:19:16 Unresolved reference: Material
e: file:///Users/aiw.robson/Documents/Projects/ElectricalAge2/src/main/kotlin/mods/eln/fluid/FluidRegistration.kt:5:22 Unresolved reference: init
e: file:///Users/aiw.robson/Documents/Projects/ElectricalAge2/src/main/kotlin/mods/eln/fluid/FluidRegistration.kt:6:22 Unresolved reference: item
e: file:///Users/aiw.robson/Documents/Projects/ElectricalAge2/src/main/kotlin/mods/eln/fluid/FluidRegistration.kt:9:34 Unresolved reference: Fluid
e: file:///Users/aiw.robson/Documents/Projects/ElectricalAge2/src/main/kotlin/mods/eln/fluid/FluidRegistration.kt:10:34 Unresolved reference: FluidContainerRegistry
e: file:///Users/aiw.robson/Documents/Projects/ElectricalAge2/src/main/kotlin/mods/eln/fluid/FluidRegistration.kt:11:34 Unresolved reference: FluidRegistry
e: file:///Users/aiw.robson/Documents/Projects/ElectricalAge2/src/main/kotlin/mods/eln/fluid/FluidRegistration.kt:15:21 Unresolved reference: Fluid
e: file:///Users/aiw.robson/Documents/Projects/ElectricalAge2/src/main/kotlin/mods/eln/fluid/FluidRegistration.kt:17:9 Unresolved reference: FluidRegistry
e: file:///Users/aiw.robson/Documents/Projects/ElectricalAge2/src/main/kotlin/mods/eln/fluid/FluidRegistration.kt:20:26 Type mismatch: inferred type is BlockElnFluid but Block was expected
e: file:///Users/aiw.robson/Documents/Projects/ElectricalAge2/src/main/kotlin/mods/eln/fluid/FluidRegistration.kt:22:49 Unresolved reference: unlocalizedName
e: file:///Users/aiw.robson/Documents/Projects/ElectricalAge2/src/main/kotlin/mods/eln/fluid/FluidRegistration.kt:23:13 Unresolved reference: fluids
e: file:///Users/aiw.robson/Documents/Projects/ElectricalAge2/src/main/kotlin/mods/eln/fluid/FluidRegistration.kt:24:13 Unresolved reference: fluidBlocks
e: file:///Users/aiw.robson/Documents/Projects/ElectricalAge2/src/main/kotlin/mods/eln/fluid/FluidRegistration.kt:26:26 Unresolved reference: ItemBucket
e: file:///Users/aiw.robson/Documents/Projects/ElectricalAge2/src/main/kotlin/mods/eln/fluid/FluidRegistration.kt:28:43 Unresolved reference: MODID
e: file:///Users/aiw.robson/Documents/Projects/ElectricalAge2/src/main/kotlin/mods/eln/fluid/FluidRegistration.kt:29:68 Unresolved reference: Items
e: file:///Users/aiw.robson/Documents/Projects/ElectricalAge2/src/main/kotlin/mods/eln/fluid/FluidRegistration.kt:31:17 Unresolved reference: GameRegistry
e: file:///Users/aiw.robson/Documents/Projects/ElectricalAge2/src/main/kotlin/mods/eln/fluid/FluidRegistration.kt:32:17 Unresolved reference: FluidContainerRegistry
e: file:///Users/aiw.robson/Documents/Projects/ElectricalAge2/src/main/kotlin/mods/eln/fluid/FluidRegistration.kt:32:70 Overload resolution ambiguity: 
public constructor ItemStack(p0: Holder<Item!>!) defined in net.minecraft.world.item.ItemStack
public constructor ItemStack(p0: ItemLike!) defined in net.minecraft.world.item.ItemStack
e: file:///Users/aiw.robson/Documents/Projects/ElectricalAge2/src/main/kotlin/mods/eln/fluid/FluidRegistration.kt:32:95 Unresolved reference: Items
e: file:///Users/aiw.robson/Documents/Projects/ElectricalAge2/src/main/kotlin/mods/eln/fluid/FuelRegistry.kt:71:24 Unresolved reference: fuelHeatValueFactor
e: file:///Users/aiw.robson/Documents/Projects/ElectricalAge2/src/main/kotlin/mods/eln/fluid/FuelRegistry.kt:80:58 Unresolved reference: path
e: file:///Users/aiw.robson/Documents/Projects/ElectricalAge2/src/main/kotlin/mods/eln/fluid/FuelRegistry.kt:83:66 Unresolved reference: fuelHeatValueFactor
e: file:///Users/aiw.robson/Documents/Projects/ElectricalAge2/src/main/kotlin/mods/eln/fluid/PreciseElementFluidHandler.kt:16:13 Unresolved reference: setDouble
e: file:///Users/aiw.robson/Documents/Projects/ElectricalAge2/src/main/kotlin/mods/eln/fluid/PreciseElementSidedFluidHandler.kt:4:39 Unresolved reference: ForgeDirection
e: file:///Users/aiw.robson/Documents/Projects/ElectricalAge2/src/main/kotlin/mods/eln/fluid/PreciseElementSidedFluidHandler.kt:6:1 Class 'PreciseElementSidedFluidHandler' is not abstract and does not implement abstract base class member public abstract fun drain(p0: FluidStack!, p1: IFluidHandler.FluidAction!): FluidStack defined in mods.eln.fluid.ElementSidedFluidHandler
e: file:///Users/aiw.robson/Documents/Projects/ElectricalAge2/src/main/kotlin/mods/eln/fluid/PreciseElementSidedFluidHandler.kt:13:31 Unresolved reference: ForgeDirection
e: file:///Users/aiw.robson/Documents/Projects/ElectricalAge2/src/main/kotlin/mods/eln/fluid/PreciseElementSidedFluidHandler.kt:21:25 Unresolved reference: ForgeDirection
e: file:///Users/aiw.robson/Documents/Projects/ElectricalAge2/src/main/kotlin/mods/eln/fluid/PreciseElementSidedFluidHandler.kt:21:67 Expression expected, but a package name found
e: file:///Users/aiw.robson/Documents/Projects/ElectricalAge2/src/main/kotlin/mods/eln/fluid/PreciseElementSidedFluidHandler.kt:25:9 Unresolved reference: ForgeDirection
e: file:///Users/aiw.robson/Documents/Projects/ElectricalAge2/src/main/kotlin/mods/eln/fluid/PreciseElementSidedFluidHandler.kt:25:41 Overload resolution ambiguity: 
public inline fun <T> Iterable<TypeVariable(T)>.forEach(action: (TypeVariable(T)) -> Unit): Unit defined in kotlin.collections
public inline fun <K, V> Map<out TypeVariable(K), TypeVariable(V)>.forEach(action: (Map.Entry<TypeVariable(K), TypeVariable(V)>) -> Unit): Unit defined in kotlin.collections
e: file:///Users/aiw.robson/Documents/Projects/ElectricalAge2/src/main/kotlin/mods/eln/fluid/PreciseElementSidedFluidHandler.kt:26:19 Expression expected, but a package name found
e: file:///Users/aiw.robson/Documents/Projects/ElectricalAge2/src/main/kotlin/mods/eln/fluid/PreciseElementSidedFluidHandler.kt:26:58 Unresolved reference: name
e: file:///Users/aiw.robson/Documents/Projects/ElectricalAge2/src/main/kotlin/mods/eln/fluid/PreciseElementSidedFluidHandler.kt:32:9 Unresolved reference: ForgeDirection
e: file:///Users/aiw.robson/Documents/Projects/ElectricalAge2/src/main/kotlin/mods/eln/fluid/PreciseElementSidedFluidHandler.kt:32:41 Overload resolution ambiguity: 
public inline fun <T> Iterable<TypeVariable(T)>.forEach(action: (TypeVariable(T)) -> Unit): Unit defined in kotlin.collections
public inline fun <K, V> Map<out TypeVariable(K), TypeVariable(V)>.forEach(action: (Map.Entry<TypeVariable(K), TypeVariable(V)>) -> Unit): Unit defined in kotlin.collections
e: file:///Users/aiw.robson/Documents/Projects/ElectricalAge2/src/main/kotlin/mods/eln/fluid/PreciseElementSidedFluidHandler.kt:33:17 Unresolved reference: setDouble
e: file:///Users/aiw.robson/Documents/Projects/ElectricalAge2/src/main/kotlin/mods/eln/fluid/PreciseElementSidedFluidHandler.kt:33:46 Unresolved reference: name
e: file:///Users/aiw.robson/Documents/Projects/ElectricalAge2/src/main/kotlin/mods/eln/fluid/PreciseElementSidedFluidHandler.kt:33:58 Expression expected, but a package name found
e: file:///Users/aiw.robson/Documents/Projects/ElectricalAge2/src/main/kotlin/mods/eln/fluid/PreciseElementSidedFluidHandler.kt:37:26 Unresolved reference: ForgeDirection
e: file:///Users/aiw.robson/Documents/Projects/ElectricalAge2/src/main/kotlin/mods/eln/fluid/PreciseElementSidedFluidHandler.kt:46:32 Unresolved reference: ForgeDirection
e: file:///Users/aiw.robson/Documents/Projects/ElectricalAge2/src/main/kotlin/mods/eln/fluid/PreciseElementSidedFluidHandler.kt:49:49 Overload resolution ambiguity: 
public final operator fun div(other: Byte): Double defined in kotlin.Double
public final operator fun div(other: Double): Double defined in kotlin.Double
public final operator fun div(other: Float): Double defined in kotlin.Double
public final operator fun div(other: Int): Double defined in kotlin.Double
public final operator fun div(other: Long): Double defined in kotlin.Double
public final operator fun div(other: Short): Double defined in kotlin.Double
e: file:///Users/aiw.robson/Documents/Projects/ElectricalAge2/src/main/kotlin/mods/eln/fluid/TankData.kt:6:34 Unresolved reference: Fluid
e: file:///Users/aiw.robson/Documents/Projects/ElectricalAge2/src/main/kotlin/mods/eln/fluid/TankData.kt:7:34 Unresolved reference: FluidRegistry
e: file:///Users/aiw.robson/Documents/Projects/ElectricalAge2/src/main/kotlin/mods/eln/fluid/TankData.kt:8:34 Unresolved reference: FluidTank
e: file:///Users/aiw.robson/Documents/Projects/ElectricalAge2/src/main/kotlin/mods/eln/fluid/TankData.kt:11:31 Unresolved reference: FluidTank
e: file:///Users/aiw.robson/Documents/Projects/ElectricalAge2/src/main/kotlin/mods/eln/fluid/TankData.kt:11:74 Unresolved reference: Fluid
e: file:///Users/aiw.robson/Documents/Projects/ElectricalAge2/src/main/kotlin/mods/eln/fluid/TankData.kt:15:30 Unresolved reference: getCompoundTag
e: file:///Users/aiw.robson/Documents/Projects/ElectricalAge2/src/main/kotlin/mods/eln/fluid/TankData.kt:20:36 Unresolved reference: FluidRegistry
e: file:///Users/aiw.robson/Documents/Projects/ElectricalAge2/src/main/kotlin/mods/eln/fluid/TankData.kt:26:14 Variable expected
e: file:///Users/aiw.robson/Documents/Projects/ElectricalAge2/src/main/kotlin/mods/eln/fluid/TankData.kt:26:29 Unresolved reference: getInteger
e: file:///Users/aiw.robson/Documents/Projects/ElectricalAge2/src/main/kotlin/mods/eln/fluid/TankData.kt:32:13 Unresolved reference: setTag
e: file:///Users/aiw.robson/Documents/Projects/ElectricalAge2/src/main/kotlin/mods/eln/fluid/TankData.kt:33:13 Unresolved reference: setString
e: file:///Users/aiw.robson/Documents/Projects/ElectricalAge2/src/main/kotlin/mods/eln/fluid/TankData.kt:34:13 Unresolved reference: setDouble
e: file:///Users/aiw.robson/Documents/Projects/ElectricalAge2/src/main/kotlin/mods/eln/fluid/TankData.kt:35:13 Unresolved reference: setInteger
e: file:///Users/aiw.robson/Documents/Projects/ElectricalAge2/src/main/kotlin/mods/eln/generic/GenericItemUsingDamageDescriptor.kt:76:17 Name expected
e: file:///Users/aiw.robson/Documents/Projects/ElectricalAge2/src/main/kotlin/mods/eln/generic/GenericItemUsingDamageDescriptor.kt:76:1 Modifier 'companion' is not applicable inside 'file'
e: file:///Users/aiw.robson/Documents/Projects/ElectricalAge2/src/main/kotlin/mods/eln/generic/GenericItemUsingDamageDescriptorWithComment.kt:4:35 Unresolved reference: TextComponent
e: file:///Users/aiw.robson/Documents/Projects/ElectricalAge2/src/main/kotlin/mods/eln/generic/GenericItemUsingDamageDescriptorWithComment.kt:18:29 Unresolved reference: TextComponent
e: file:///Users/aiw.robson/Documents/Projects/ElectricalAge2/src/main/kotlin/mods/eln/generic/GenericItemUsingDamageSlot.kt:14:51 Unresolved reference: Medium
e: file:///Users/aiw.robson/Documents/Projects/ElectricalAge2/src/main/kotlin/mods/eln/ghost/GhostBlock.kt:6:42 Unresolved reference: fromIntMinecraftSide
e: file:///Users/aiw.robson/Documents/Projects/ElectricalAge2/src/main/kotlin/mods/eln/ghost/GhostBlock.kt:9:22 Unresolved reference: block
e: file:///Users/aiw.robson/Documents/Projects/ElectricalAge2/src/main/kotlin/mods/eln/ghost/GhostBlock.kt:10:22 Unresolved reference: entity
e: file:///Users/aiw.robson/Documents/Projects/ElectricalAge2/src/main/kotlin/mods/eln/ghost/GhostBlock.kt:13:22 Unresolved reference: item
e: file:///Users/aiw.robson/Documents/Projects/ElectricalAge2/src/main/kotlin/mods/eln/ghost/GhostBlock.kt:15:27 Unresolved reference: AABB
e: file:///Users/aiw.robson/Documents/Projects/ElectricalAge2/src/main/kotlin/mods/eln/ghost/GhostBlock.kt:16:27 Unresolved reference: MovingObjectPosition
e: file:///Users/aiw.robson/Documents/Projects/ElectricalAge2/src/main/kotlin/mods/eln/ghost/GhostBlock.kt:17:27 Unresolved reference: Vec3
e: file:///Users/aiw.robson/Documents/Projects/ElectricalAge2/src/main/kotlin/mods/eln/ghost/GhostBlock.kt:18:28 Unresolved reference: IBlockAccess
e: file:///Users/aiw.robson/Documents/Projects/ElectricalAge2/src/main/kotlin/mods/eln/ghost/GhostBlock.kt:22:26 Unresolved reference: Material
e: file:///Users/aiw.robson/Documents/Projects/ElectricalAge2/src/main/kotlin/mods/eln/ghost/GhostBlock.kt:24:5 'getItemDropped' overrides nothing
e: file:///Users/aiw.robson/Documents/Projects/ElectricalAge2/src/main/kotlin/mods/eln/ghost/GhostBlock.kt:24:91 Unresolved reference: Item
e: file:///Users/aiw.robson/Documents/Projects/ElectricalAge2/src/main/kotlin/mods/eln/ghost/GhostBlock.kt:28:5 'addCollisionBoxesToList' overrides nothing
e: file:///Users/aiw.robson/Documents/Projects/ElectricalAge2/src/main/kotlin/mods/eln/ghost/GhostBlock.kt:28:49 Unresolved reference: World
e: file:///Users/aiw.robson/Documents/Projects/ElectricalAge2/src/main/kotlin/mods/eln/ghost/GhostBlock.kt:28:90 Unresolved reference: AABB
e: file:///Users/aiw.robson/Documents/Projects/ElectricalAge2/src/main/kotlin/mods/eln/ghost/GhostBlock.kt:28:126 Unresolved reference: Entity
e: file:///Users/aiw.robson/Documents/Projects/ElectricalAge2/src/main/kotlin/mods/eln/ghost/GhostBlock.kt:29:68 Unresolved reference: AABB
e: file:///Users/aiw.robson/Documents/Projects/ElectricalAge2/src/main/kotlin/mods/eln/ghost/GhostBlock.kt:33:38 Unresolved reference: AABB
e: file:///Users/aiw.robson/Documents/Projects/ElectricalAge2/src/main/kotlin/mods/eln/ghost/GhostBlock.kt:43:33 Unresolved reference: tileEntity
e: file:///Users/aiw.robson/Documents/Projects/ElectricalAge2/src/main/kotlin/mods/eln/ghost/GhostBlock.kt:47:27 Unresolved reference: addCollisionBoxesToList
e: file:///Users/aiw.robson/Documents/Projects/ElectricalAge2/src/main/kotlin/mods/eln/ghost/GhostBlock.kt:53:6 Unresolved reference: SideOnly
e: file:///Users/aiw.robson/Documents/Projects/ElectricalAge2/src/main/kotlin/mods/eln/ghost/GhostBlock.kt:53:15 Unresolved reference: Side
e: file:///Users/aiw.robson/Documents/Projects/ElectricalAge2/src/main/kotlin/mods/eln/ghost/GhostBlock.kt:54:5 'getSelectedBoundingBoxFromPool' overrides nothing
e: file:///Users/aiw.robson/Documents/Projects/ElectricalAge2/src/main/kotlin/mods/eln/ghost/GhostBlock.kt:54:52 Unresolved reference: World
e: file:///Users/aiw.robson/Documents/Projects/ElectricalAge2/src/main/kotlin/mods/eln/ghost/GhostBlock.kt:54:84 Unresolved reference: AABB
e: file:///Users/aiw.robson/Documents/Projects/ElectricalAge2/src/main/kotlin/mods/eln/ghost/GhostBlock.kt:57:23 Unresolved reference: AABB
e: file:///Users/aiw.robson/Documents/Projects/ElectricalAge2/src/main/kotlin/mods/eln/ghost/GhostBlock.kt:58:24 Unresolved reference: AABB
e: file:///Users/aiw.robson/Documents/Projects/ElectricalAge2/src/main/kotlin/mods/eln/ghost/GhostBlock.kt:59:27 Unresolved reference: getSelectedBoundingBoxFromPool
e: file:///Users/aiw.robson/Documents/Projects/ElectricalAge2/src/main/kotlin/mods/eln/ghost/GhostBlock.kt:63:5 'collisionRayTrace' overrides nothing
e: file:///Users/aiw.robson/Documents/Projects/ElectricalAge2/src/main/kotlin/mods/eln/ghost/GhostBlock.kt:63:43 Unresolved reference: World
e: file:///Users/aiw.robson/Documents/Projects/ElectricalAge2/src/main/kotlin/mods/eln/ghost/GhostBlock.kt:63:84 Unresolved reference: Vec3
e: file:///Users/aiw.robson/Documents/Projects/ElectricalAge2/src/main/kotlin/mods/eln/ghost/GhostBlock.kt:63:98 Unresolved reference: Vec3
e: file:///Users/aiw.robson/Documents/Projects/ElectricalAge2/src/main/kotlin/mods/eln/ghost/GhostBlock.kt:63:105 Unresolved reference: MovingObjectPosition
e: file:///Users/aiw.robson/Documents/Projects/ElectricalAge2/src/main/kotlin/mods/eln/ghost/GhostBlock.kt:66:23 Unresolved reference: maxY
e: file:///Users/aiw.robson/Documents/Projects/ElectricalAge2/src/main/kotlin/mods/eln/ghost/GhostBlock.kt:68:17 Unresolved reference: maxX
e: file:///Users/aiw.robson/Documents/Projects/ElectricalAge2/src/main/kotlin/mods/eln/ghost/GhostBlock.kt:69:17 Unresolved reference: maxY
e: file:///Users/aiw.robson/Documents/Projects/ElectricalAge2/src/main/kotlin/mods/eln/ghost/GhostBlock.kt:70:17 Unresolved reference: maxZ
e: file:///Users/aiw.robson/Documents/Projects/ElectricalAge2/src/main/kotlin/mods/eln/ghost/GhostBlock.kt:75:23 Unresolved reference: collisionRayTrace
e: file:///Users/aiw.robson/Documents/Projects/ElectricalAge2/src/main/kotlin/mods/eln/ghost/GhostBlock.kt:77:23 Unresolved reference: maxY
e: file:///Users/aiw.robson/Documents/Projects/ElectricalAge2/src/main/kotlin/mods/eln/ghost/GhostBlock.kt:79:17 Unresolved reference: maxX
e: file:///Users/aiw.robson/Documents/Projects/ElectricalAge2/src/main/kotlin/mods/eln/ghost/GhostBlock.kt:80:17 Unresolved reference: maxY
e: file:///Users/aiw.robson/Documents/Projects/ElectricalAge2/src/main/kotlin/mods/eln/ghost/GhostBlock.kt:81:17 Unresolved reference: maxZ
e: file:///Users/aiw.robson/Documents/Projects/ElectricalAge2/src/main/kotlin/mods/eln/ghost/GhostBlock.kt:89:5 'isLadder' overrides nothing
e: file:///Users/aiw.robson/Documents/Projects/ElectricalAge2/src/main/kotlin/mods/eln/ghost/GhostBlock.kt:89:34 Unresolved reference: IBlockAccess
e: file:///Users/aiw.robson/Documents/Projects/ElectricalAge2/src/main/kotlin/mods/eln/ghost/GhostBlock.kt:100:5 'isOpaqueCube' overrides nothing
e: file:///Users/aiw.robson/Documents/Projects/ElectricalAge2/src/main/kotlin/mods/eln/ghost/GhostBlock.kt:104:5 'renderAsNormalBlock' overrides nothing
e: file:///Users/aiw.robson/Documents/Projects/ElectricalAge2/src/main/kotlin/mods/eln/ghost/GhostBlock.kt:108:5 'getRenderType' overrides nothing
e: file:///Users/aiw.robson/Documents/Projects/ElectricalAge2/src/main/kotlin/mods/eln/ghost/GhostBlock.kt:112:5 'getPickBlock' overrides nothing
e: file:///Users/aiw.robson/Documents/Projects/ElectricalAge2/src/main/kotlin/mods/eln/ghost/GhostBlock.kt:112:39 Unresolved reference: MovingObjectPosition
e: file:///Users/aiw.robson/Documents/Projects/ElectricalAge2/src/main/kotlin/mods/eln/ghost/GhostBlock.kt:112:68 Unresolved reference: World
e: file:///Users/aiw.robson/Documents/Projects/ElectricalAge2/src/main/kotlin/mods/eln/ghost/GhostBlock.kt:116:5 'isBlockSolid' overrides nothing
e: file:///Users/aiw.robson/Documents/Projects/ElectricalAge2/src/main/kotlin/mods/eln/ghost/GhostBlock.kt:116:44 Unresolved reference: IBlockAccess
e: file:///Users/aiw.robson/Documents/Projects/ElectricalAge2/src/main/kotlin/mods/eln/ghost/GhostBlock.kt:120:5 'breakBlock' overrides nothing
e: file:///Users/aiw.robson/Documents/Projects/ElectricalAge2/src/main/kotlin/mods/eln/ghost/GhostBlock.kt:120:36 Unresolved reference: World
e: file:///Users/aiw.robson/Documents/Projects/ElectricalAge2/src/main/kotlin/mods/eln/ghost/GhostBlock.kt:125:15 Unresolved reference: breakBlock
e: file:///Users/aiw.robson/Documents/Projects/ElectricalAge2/src/main/kotlin/mods/eln/ghost/GhostBlock.kt:128:5 'onBlockActivated' overrides nothing
e: file:///Users/aiw.robson/Documents/Projects/ElectricalAge2/src/main/kotlin/mods/eln/ghost/GhostBlock.kt:128:42 Unresolved reference: World
e: file:///Users/aiw.robson/Documents/Projects/ElectricalAge2/src/main/kotlin/mods/eln/ghost/GhostBlock.kt:131:74 Unresolved reference: fromIntMinecraftSide
e: file:///Users/aiw.robson/Documents/Projects/ElectricalAge2/src/main/kotlin/mods/eln/ghost/GhostBlock.kt:136:27 Unresolved reference: World
e: file:///Users/aiw.robson/Documents/Projects/ElectricalAge2/src/main/kotlin/mods/eln/ghost/GhostBlock.kt:137:32 Only safe (?.) or non-null asserted (!!.) calls are allowed on a nullable receiver of type GhostManager?
e: file:///Users/aiw.robson/Documents/Projects/ElectricalAge2/src/main/kotlin/mods/eln/ghost/GhostBlock.kt:140:5 'getBlockHardness' overrides nothing
e: file:///Users/aiw.robson/Documents/Projects/ElectricalAge2/src/main/kotlin/mods/eln/ghost/GhostBlock.kt:140:46 Unresolved reference: World
e: file:///Users/aiw.robson/Documents/Projects/ElectricalAge2/src/main/kotlin/mods/eln/ghost/GhostElement.kt:24:25 Only safe (?.) or non-null asserted (!!.) calls are allowed on a nullable receiver of type GhostManager?
e: file:///Users/aiw.robson/Documents/Projects/ElectricalAge2/src/main/kotlin/mods/eln/ghost/GhostElement.kt:25:40 Only safe (?.) or non-null asserted (!!.) calls are allowed on a nullable receiver of type GhostManager?
e: file:///Users/aiw.robson/Documents/Projects/ElectricalAge2/src/main/kotlin/mods/eln/ghost/GhostElement.kt:30:40 Only safe (?.) or non-null asserted (!!.) calls are allowed on a nullable receiver of type GhostManager?
e: file:///Users/aiw.robson/Documents/Projects/ElectricalAge2/src/main/kotlin/mods/eln/ghost/GhostElement.kt:37:20 Unresolved reference: getInteger
e: file:///Users/aiw.robson/Documents/Projects/ElectricalAge2/src/main/kotlin/mods/eln/ghost/GhostElement.kt:43:13 Unresolved reference: setInteger
e: file:///Users/aiw.robson/Documents/Projects/ElectricalAge2/src/main/kotlin/mods/eln/ghost/GhostGroup.kt:59:28 Unresolved reference: World
e: file:///Users/aiw.robson/Documents/Projects/ElectricalAge2/src/main/kotlin/mods/eln/ghost/GhostGroup.kt:61:34 Only safe (?.) or non-null asserted (!!.) calls are allowed on a nullable receiver of type GhostManager?
e: file:///Users/aiw.robson/Documents/Projects/ElectricalAge2/src/main/kotlin/mods/eln/ghost/GhostGroup.kt:69:47 Unresolved reference: newWithOffset
e: file:///Users/aiw.robson/Documents/Projects/ElectricalAge2/src/main/kotlin/mods/eln/ghost/GhostGroup.kt:70:29 Only safe (?.) or non-null asserted (!!.) calls are allowed on a nullable receiver of type GhostManager?
e: file:///Users/aiw.robson/Documents/Projects/ElectricalAge2/src/main/kotlin/mods/eln/ghost/GhostGroup.kt:76:25 Only safe (?.) or non-null asserted (!!.) calls are allowed on a nullable receiver of type GhostManager?
e: file:///Users/aiw.robson/Documents/Projects/ElectricalAge2/src/main/kotlin/mods/eln/ghost/GhostGroup.kt:80:25 Only safe (?.) or non-null asserted (!!.) calls are allowed on a nullable receiver of type GhostManager?
e: file:///Users/aiw.robson/Documents/Projects/ElectricalAge2/src/main/kotlin/mods/eln/ghost/GhostGroup.kt:85:29 Only safe (?.) or non-null asserted (!!.) calls are allowed on a nullable receiver of type GhostManager?
e: file:///Users/aiw.robson/Documents/Projects/ElectricalAge2/src/main/kotlin/mods/eln/ghost/GhostGroup.kt:85:61 Unresolved reference: newWithOffset
e: file:///Users/aiw.robson/Documents/Projects/ElectricalAge2/src/main/kotlin/mods/eln/ghost/GhostManager.kt:6:28 Unresolved reference: getTags
e: file:///Users/aiw.robson/Documents/Projects/ElectricalAge2/src/main/kotlin/mods/eln/ghost/GhostManager.kt:12:34 Unresolved reference: LevelSavedData
e: file:///Users/aiw.robson/Documents/Projects/ElectricalAge2/src/main/kotlin/mods/eln/ghost/GhostManager.kt:15:40 Unresolved reference: WorldSavedData
e: file:///Users/aiw.robson/Documents/Projects/ElectricalAge2/src/main/kotlin/mods/eln/ghost/GhostManager.kt:24:5 'isDirty' overrides nothing
e: file:///Users/aiw.robson/Documents/Projects/ElectricalAge2/src/main/kotlin/mods/eln/ghost/GhostManager.kt:57:53 Unresolved reference: setBlockToAir
e: file:///Users/aiw.robson/Documents/Projects/ElectricalAge2/src/main/kotlin/mods/eln/ghost/GhostManager.kt:70:53 Unresolved reference: setBlockToAir
e: file:///Users/aiw.robson/Documents/Projects/ElectricalAge2/src/main/kotlin/mods/eln/ghost/GhostManager.kt:83:53 Unresolved reference: setBlockToAir
e: file:///Users/aiw.robson/Documents/Projects/ElectricalAge2/src/main/kotlin/mods/eln/ghost/GhostManager.kt:95:28 Unresolved reference: setBlockToAir
e: file:///Users/aiw.robson/Documents/Projects/ElectricalAge2/src/main/kotlin/mods/eln/ghost/GhostManager.kt:98:5 'readFromNBT' overrides nothing
e: file:///Users/aiw.robson/Documents/Projects/ElectricalAge2/src/main/kotlin/mods/eln/ghost/GhostManager.kt:101:5 'writeToNBT' overrides nothing
e: file:///Users/aiw.robson/Documents/Projects/ElectricalAge2/src/main/kotlin/mods/eln/ghost/GhostManager.kt:105:19 Unresolved reference: getTags
e: file:///Users/aiw.robson/Documents/Projects/ElectricalAge2/src/main/kotlin/mods/eln/ghost/GhostManager.kt:118:17 Unresolved reference: setTag
e: file:///Users/aiw.robson/Documents/Projects/ElectricalAge2/src/main/kotlin/mods/eln/ghost/GhostManager.kt:132:33 Unresolved reference: World
e: file:///Users/aiw.robson/Documents/Projects/ElectricalAge2/src/main/kotlin/mods/eln/ghost/GhostManager.kt:135:53 Unresolved reference: air
e: file:///Users/aiw.robson/Documents/Projects/ElectricalAge2/src/main/kotlin/mods/eln/ghost/GhostManager.kt:141:28 Unresolved reference: setBlockToAir
e: file:///Users/aiw.robson/Documents/Projects/ElectricalAge2/src/main/kotlin/mods/eln/ghost/GhostManager.kt:142:32 None of the following functions can be called with the arguments supplied: 
public open fun setBlock(p0: BlockPos!, p1: BlockState!, p2: Int): Boolean defined in net.minecraft.world.level.Level
public open fun setBlock(p0: BlockPos!, p1: BlockState!, p2: Int, p3: Int): Boolean defined in net.minecraft.world.level.Level
e: file:///Users/aiw.robson/Documents/Projects/ElectricalAge2/src/main/kotlin/mods/eln/ghost/GhostManagerNbt.kt:5:34 Unresolved reference: LevelSavedData
e: file:///Users/aiw.robson/Documents/Projects/ElectricalAge2/src/main/kotlin/mods/eln/ghost/GhostManagerNbt.kt:7:43 Unresolved reference: WorldSavedData
e: file:///Users/aiw.robson/Documents/Projects/ElectricalAge2/src/main/kotlin/mods/eln/ghost/GhostManagerNbt.kt:8:5 'isDirty' overrides nothing
e: file:///Users/aiw.robson/Documents/Projects/ElectricalAge2/src/main/kotlin/mods/eln/ghost/GhostManagerNbt.kt:12:5 'readFromNBT' overrides nothing
e: file:///Users/aiw.robson/Documents/Projects/ElectricalAge2/src/main/kotlin/mods/eln/ghost/GhostManagerNbt.kt:13:25 Only safe (?.) or non-null asserted (!!.) calls are allowed on a nullable receiver of type GhostManager?
e: file:///Users/aiw.robson/Documents/Projects/ElectricalAge2/src/main/kotlin/mods/eln/ghost/GhostManagerNbt.kt:16:5 'writeToNBT' overrides nothing
e: file:///Users/aiw.robson/Documents/Projects/ElectricalAge2/src/main/kotlin/mods/eln/gridnode/GridDescriptor.kt:9:27 Unresolved reference: Vec3
e: file:///Users/aiw.robson/Documents/Projects/ElectricalAge2/src/main/kotlin/mods/eln/gridnode/GridDescriptor.kt:10:34 Unresolved reference: IItemRenderer
e: file:///Users/aiw.robson/Documents/Projects/ElectricalAge2/src/main/kotlin/mods/eln/gridnode/GridDescriptor.kt:20:23 Unresolved reference: Vec3
e: file:///Users/aiw.robson/Documents/Projects/ElectricalAge2/src/main/kotlin/mods/eln/gridnode/GridDescriptor.kt:20:30 Unresolved reference: Vec3
e: file:///Users/aiw.robson/Documents/Projects/ElectricalAge2/src/main/kotlin/mods/eln/gridnode/GridDescriptor.kt:59:5 'renderItem' overrides nothing
e: file:///Users/aiw.robson/Documents/Projects/ElectricalAge2/src/main/kotlin/mods/eln/gridnode/GridDescriptor.kt:59:35 Unresolved reference: IItemRenderer
e: file:///Users/aiw.robson/Documents/Projects/ElectricalAge2/src/main/kotlin/mods/eln/gridnode/GridDescriptor.kt:60:20 Unresolved reference: IItemRenderer
e: file:///Users/aiw.robson/Documents/Projects/ElectricalAge2/src/main/kotlin/mods/eln/gridnode/GridDescriptor.kt:62:19 Unresolved reference: renderItem
e: file:///Users/aiw.robson/Documents/Projects/ElectricalAge2/src/main/kotlin/mods/eln/gridnode/GridDescriptor.kt:74:5 'handleRenderType' overrides nothing
e: file:///Users/aiw.robson/Documents/Projects/ElectricalAge2/src/main/kotlin/mods/eln/gridnode/GridDescriptor.kt:74:58 Unresolved reference: IItemRenderer
e: file:///Users/aiw.robson/Documents/Projects/ElectricalAge2/src/main/kotlin/mods/eln/gridnode/GridDescriptor.kt:78:5 'shouldUseRenderHelper' overrides nothing
e: file:///Users/aiw.robson/Documents/Projects/ElectricalAge2/src/main/kotlin/mods/eln/gridnode/GridDescriptor.kt:78:46 Unresolved reference: IItemRenderer
e: file:///Users/aiw.robson/Documents/Projects/ElectricalAge2/src/main/kotlin/mods/eln/gridnode/GridDescriptor.kt:79:48 Unresolved reference: IItemRenderer
e: file:///Users/aiw.robson/Documents/Projects/ElectricalAge2/src/main/kotlin/mods/eln/gridnode/GridDescriptor.kt:80:22 Unresolved reference: IItemRenderer
e: file:///Users/aiw.robson/Documents/Projects/ElectricalAge2/src/main/kotlin/mods/eln/gridnode/GridElement.kt:11:42 Unresolved reference: ServerPlayer
e: file:///Users/aiw.robson/Documents/Projects/ElectricalAge2/src/main/kotlin/mods/eln/gridnode/GridElement.kt:14:27 Unresolved reference: Vec3
e: file:///Users/aiw.robson/Documents/Projects/ElectricalAge2/src/main/kotlin/mods/eln/gridnode/GridElement.kt:36:28 Unresolved reference: currentEquippedItem
e: file:///Users/aiw.robson/Documents/Projects/ElectricalAge2/src/main/kotlin/mods/eln/gridnode/GridElement.kt:37:62 Unresolved reference: getDescriptor
e: file:///Users/aiw.robson/Documents/Projects/ElectricalAge2/src/main/kotlin/mods/eln/gridnode/GridElement.kt:47:33 Unresolved reference: persistentID
e: file:///Users/aiw.robson/Documents/Projects/ElectricalAge2/src/main/kotlin/mods/eln/gridnode/GridElement.kt:72:48 Unresolved reference: isCreative
e: file:///Users/aiw.robson/Documents/Projects/ElectricalAge2/src/main/kotlin/mods/eln/gridnode/GridElement.kt:72:75 Unresolved reference: ServerPlayer
e: file:///Users/aiw.robson/Documents/Projects/ElectricalAge2/src/main/kotlin/mods/eln/gridnode/GridElement.kt:86:56 Type mismatch: inferred type is String? but String was expected
e: file:///Users/aiw.robson/Documents/Projects/ElectricalAge2/src/main/kotlin/mods/eln/gridnode/GridElement.kt:136:31 Unresolved reference: newNbtTagCompund
e: file:///Users/aiw.robson/Documents/Projects/ElectricalAge2/src/main/kotlin/mods/eln/gridnode/GridElement.kt:138:35 Unresolved reference: newNbtTagCompund
e: file:///Users/aiw.robson/Documents/Projects/ElectricalAge2/src/main/kotlin/mods/eln/gridnode/GridElement.kt:146:29 Unresolved reference: getCompoundTag
e: file:///Users/aiw.robson/Documents/Projects/ElectricalAge2/src/main/kotlin/mods/eln/gridnode/GridElement.kt:190:34 Unresolved reference. None of the following candidates is applicable because of receiver type mismatch: 
public infix fun <T> Array<out TypeVariable(T)>.subtract(other: Iterable<TypeVariable(T)>): Set<TypeVariable(T)> defined in kotlin.collections
public infix fun BooleanArray.subtract(other: Iterable<Boolean>): Set<Boolean> defined in kotlin.collections
public infix fun ByteArray.subtract(other: Iterable<Byte>): Set<Byte> defined in kotlin.collections
public infix fun CharArray.subtract(other: Iterable<Char>): Set<Char> defined in kotlin.collections
public infix fun DoubleArray.subtract(other: Iterable<Double>): Set<Double> defined in kotlin.collections
public infix fun FloatArray.subtract(other: Iterable<Float>): Set<Float> defined in kotlin.collections
public infix fun IntArray.subtract(other: Iterable<Int>): Set<Int> defined in kotlin.collections
public infix fun LongArray.subtract(other: Iterable<Long>): Set<Long> defined in kotlin.collections
public infix fun ShortArray.subtract(other: Iterable<Short>): Set<Short> defined in kotlin.collections
public infix fun <T> Iterable<TypeVariable(T)>.subtract(other: Iterable<TypeVariable(T)>): Set<TypeVariable(T)> defined in kotlin.collections
e: file:///Users/aiw.robson/Documents/Projects/ElectricalAge2/src/main/kotlin/mods/eln/gridnode/GridElement.kt:236:37 Unresolved reference. None of the following candidates is applicable because of receiver type mismatch: 
public infix fun <T> Array<out TypeVariable(T)>.subtract(other: Iterable<TypeVariable(T)>): Set<TypeVariable(T)> defined in kotlin.collections
public infix fun BooleanArray.subtract(other: Iterable<Boolean>): Set<Boolean> defined in kotlin.collections
public infix fun ByteArray.subtract(other: Iterable<Byte>): Set<Byte> defined in kotlin.collections
public infix fun CharArray.subtract(other: Iterable<Char>): Set<Char> defined in kotlin.collections
public infix fun DoubleArray.subtract(other: Iterable<Double>): Set<Double> defined in kotlin.collections
public infix fun FloatArray.subtract(other: Iterable<Float>): Set<Float> defined in kotlin.collections
public infix fun IntArray.subtract(other: Iterable<Int>): Set<Int> defined in kotlin.collections
public infix fun LongArray.subtract(other: Iterable<Long>): Set<Long> defined in kotlin.collections
public infix fun ShortArray.subtract(other: Iterable<Short>): Set<Short> defined in kotlin.collections
public infix fun <T> Iterable<TypeVariable(T)>.subtract(other: Iterable<TypeVariable(T)>): Set<TypeVariable(T)> defined in kotlin.collections
e: file:///Users/aiw.robson/Documents/Projects/ElectricalAge2/src/main/kotlin/mods/eln/gridnode/GridElement.kt:253:64 Unresolved reference: Vec3
e: file:///Users/aiw.robson/Documents/Projects/ElectricalAge2/src/main/kotlin/mods/eln/gridnode/GridElement.kt:260:70 Unresolved reference: Vec3
e: file:///Users/aiw.robson/Documents/Projects/ElectricalAge2/src/main/kotlin/mods/eln/gridnode/GridElement.kt:266:56 Unresolved reference: Vec3
e: file:///Users/aiw.robson/Documents/Projects/ElectricalAge2/src/main/kotlin/mods/eln/gridnode/GridLink.kt:135:26 Unresolved reference: readFromNBT
e: file:///Users/aiw.robson/Documents/Projects/ElectricalAge2/src/main/kotlin/mods/eln/gridnode/GridLink.kt:136:24 Unresolved reference: readFromNBT
e: file:///Users/aiw.robson/Documents/Projects/ElectricalAge2/src/main/kotlin/mods/eln/gridnode/GridLink.kt:138:27 Unresolved reference: loadItemStackFromNBT
e: file:///Users/aiw.robson/Documents/Projects/ElectricalAge2/src/main/kotlin/mods/eln/gridnode/GridLink.kt:144:14 Unresolved reference: writeToNBT
e: file:///Users/aiw.robson/Documents/Projects/ElectricalAge2/src/main/kotlin/mods/eln/gridnode/GridLink.kt:145:12 Unresolved reference: writeToNBT
e: file:///Users/aiw.robson/Documents/Projects/ElectricalAge2/src/main/kotlin/mods/eln/gridnode/GridLink.kt:146:13 Unresolved reference: setDouble
e: file:///Users/aiw.robson/Documents/Projects/ElectricalAge2/src/main/kotlin/mods/eln/gridnode/GridLink.kt:147:15 Unresolved reference: writeToNBT
e: file:///Users/aiw.robson/Documents/Projects/ElectricalAge2/src/main/kotlin/mods/eln/gridnode/GridRender.kt:7:27 Unresolved reference: ResourceLocation
e: file:///Users/aiw.robson/Documents/Projects/ElectricalAge2/src/main/kotlin/mods/eln/gridnode/GridRender.kt:8:27 Unresolved reference: Vec3
e: file:///Users/aiw.robson/Documents/Projects/ElectricalAge2/src/main/kotlin/mods/eln/gridnode/GridRender.kt:18:31 Unresolved reference: ResourceLocation
e: file:///Users/aiw.robson/Documents/Projects/ElectricalAge2/src/main/kotlin/mods/eln/gridnode/GridRender.kt:25:24 Unresolved reference: ResourceLocation
e: file:///Users/aiw.robson/Documents/Projects/ElectricalAge2/src/main/kotlin/mods/eln/gridnode/GridRender.kt:44:51 Unresolved reference: Vec3
e: file:///Users/aiw.robson/Documents/Projects/ElectricalAge2/src/main/kotlin/mods/eln/gridnode/GridRender.kt:45:16 Unresolved reference: Vec3
e: file:///Users/aiw.robson/Documents/Projects/ElectricalAge2/src/main/kotlin/mods/eln/gridnode/GridRender.kt:91:33 Unresolved reference: Vec3
e: file:///Users/aiw.robson/Documents/Projects/ElectricalAge2/src/main/kotlin/mods/eln/gridnode/GridRender.kt:91:44 Unresolved reference: Vec3
e: file:///Users/aiw.robson/Documents/Projects/ElectricalAge2/src/main/kotlin/mods/eln/gridnode/GridRender.kt:94:31 Unresolved reference: Vec3
e: file:///Users/aiw.robson/Documents/Projects/ElectricalAge2/src/main/kotlin/mods/eln/gridnode/GridRender.kt:134:41 Unresolved reference: Vec3
e: file:///Users/aiw.robson/Documents/Projects/ElectricalAge2/src/main/kotlin/mods/eln/gridnode/GridRender.kt:134:58 Unresolved reference: Vec3
e: file:///Users/aiw.robson/Documents/Projects/ElectricalAge2/src/main/kotlin/mods/eln/gridnode/GridRender.kt:156:44 Unresolved reference: Vec3
e: file:///Users/aiw.robson/Documents/Projects/ElectricalAge2/src/main/kotlin/mods/eln/gridnode/GridRender.kt:156:58 Unresolved reference: Vec3
e: file:///Users/aiw.robson/Documents/Projects/ElectricalAge2/src/main/kotlin/mods/eln/gridnode/GridRender.kt:156:71 Unresolved reference: Vec3
e: file:///Users/aiw.robson/Documents/Projects/ElectricalAge2/src/main/kotlin/mods/eln/gridnode/GridRender.kt:157:26 Not enough information to infer type variable R
e: file:///Users/aiw.robson/Documents/Projects/ElectricalAge2/src/main/kotlin/mods/eln/gridnode/GridRender.kt:157:42 Cannot infer a type for this parameter. Please specify it explicitly.
e: file:///Users/aiw.robson/Documents/Projects/ElectricalAge2/src/main/kotlin/mods/eln/gridnode/GridRender.kt:160:31 Unresolved reference: Vec3
e: file:///Users/aiw.robson/Documents/Projects/ElectricalAge2/src/main/kotlin/mods/eln/gridnode/GridRender.kt:160:40 Unresolved reference: Vec3
e: file:///Users/aiw.robson/Documents/Projects/ElectricalAge2/src/main/kotlin/mods/eln/gridnode/GridRender.kt:160:53 Unresolved reference: Vec3
e: file:///Users/aiw.robson/Documents/Projects/ElectricalAge2/src/main/kotlin/mods/eln/gridnode/GridRender.kt:180:31 Unresolved reference: Vec3
e: file:///Users/aiw.robson/Documents/Projects/ElectricalAge2/src/main/kotlin/mods/eln/gridnode/GridRender.kt:180:38 Unresolved reference: Vec3
e: file:///Users/aiw.robson/Documents/Projects/ElectricalAge2/src/main/kotlin/mods/eln/gridnode/GridRender.kt:184:34 Unresolved reference: Vec3
e: file:///Users/aiw.robson/Documents/Projects/ElectricalAge2/src/main/kotlin/mods/eln/gridnode/GridRender.kt:184:52 Unresolved reference: Vec3
e: file:///Users/aiw.robson/Documents/Projects/ElectricalAge2/src/main/kotlin/mods/eln/gridnode/GridRender.kt:185:20 Unresolved reference: Vec3
e: file:///Users/aiw.robson/Documents/Projects/ElectricalAge2/src/main/kotlin/mods/eln/gridnode/GridRender.kt:193:50 Unresolved reference: Vec3
e: file:///Users/aiw.robson/Documents/Projects/ElectricalAge2/src/main/kotlin/mods/eln/gridnode/GridRender.kt:193:61 Unresolved reference: Vec3
e: file:///Users/aiw.robson/Documents/Projects/ElectricalAge2/src/main/kotlin/mods/eln/gridnode/GridRender.kt:193:74 Unresolved reference: Vec3
e: file:///Users/aiw.robson/Documents/Projects/ElectricalAge2/src/main/kotlin/mods/eln/gridnode/GridRender.kt:212:47 Overload resolution ambiguity: 
public final operator fun plus(other: Byte): Double defined in kotlin.Double
public final operator fun plus(other: Double): Double defined in kotlin.Double
public final operator fun plus(other: Float): Double defined in kotlin.Double
public final operator fun plus(other: Int): Double defined in kotlin.Double
public final operator fun plus(other: Long): Double defined in kotlin.Double
public final operator fun plus(other: Short): Double defined in kotlin.Double
e: file:///Users/aiw.robson/Documents/Projects/ElectricalAge2/src/main/kotlin/mods/eln/gridnode/GridRender.kt:212:58 Overload resolution ambiguity: 
public final operator fun minus(other: Byte): Double defined in kotlin.Double
public final operator fun minus(other: Double): Double defined in kotlin.Double
public final operator fun minus(other: Float): Double defined in kotlin.Double
public final operator fun minus(other: Int): Double defined in kotlin.Double
public final operator fun minus(other: Long): Double defined in kotlin.Double
public final operator fun minus(other: Short): Double defined in kotlin.Double
e: file:///Users/aiw.robson/Documents/Projects/ElectricalAge2/src/main/kotlin/mods/eln/gridnode/GridRender.kt:219:80 Overload resolution ambiguity: 
public final operator fun plus(other: Byte): Double defined in kotlin.Double
public final operator fun plus(other: Double): Double defined in kotlin.Double
public final operator fun plus(other: Float): Double defined in kotlin.Double
public final operator fun plus(other: Int): Double defined in kotlin.Double
public final operator fun plus(other: Long): Double defined in kotlin.Double
public final operator fun plus(other: Short): Double defined in kotlin.Double
e: file:///Users/aiw.robson/Documents/Projects/ElectricalAge2/src/main/kotlin/mods/eln/gridnode/GridRender.kt:220:17 Unresolved reference: Vec3
e: file:///Users/aiw.robson/Documents/Projects/ElectricalAge2/src/main/kotlin/mods/eln/gridnode/GridSwitch.kt:19:27 Unresolved reference: Vec3
e: file:///Users/aiw.robson/Documents/Projects/ElectricalAge2/src/main/kotlin/mods/eln/gridnode/GridSwitch.kt:20:34 Unresolved reference: IItemRenderer
e: file:///Users/aiw.robson/Documents/Projects/ElectricalAge2/src/main/kotlin/mods/eln/gridnode/GridSwitch.kt:34:5 Type mismatch: inferred type is ElectricalCableDescriptor? but ElectricalCableDescriptor was expected
e: file:///Users/aiw.robson/Documents/Projects/ElectricalAge2/src/main/kotlin/mods/eln/gridnode/GridSwitch.kt:42:61 Only safe (?.) or non-null asserted (!!.) calls are allowed on a nullable receiver of type ElectricalCableDescriptor?
e: file:///Users/aiw.robson/Documents/Projects/ElectricalAge2/src/main/kotlin/mods/eln/gridnode/GridSwitch.kt:53:24 Unresolved reference: Vec3
e: file:///Users/aiw.robson/Documents/Projects/ElectricalAge2/src/main/kotlin/mods/eln/gridnode/GridSwitch.kt:68:18 Not enough information to infer type variable V
e: file:///Users/aiw.robson/Documents/Projects/ElectricalAge2/src/main/kotlin/mods/eln/gridnode/GridSwitch.kt:69:37 Not enough information to infer type variable B
e: file:///Users/aiw.robson/Documents/Projects/ElectricalAge2/src/main/kotlin/mods/eln/gridnode/GridSwitch.kt:69:45 Unresolved reference: Vec3
e: file:///Users/aiw.robson/Documents/Projects/ElectricalAge2/src/main/kotlin/mods/eln/gridnode/GridSwitch.kt:70:41 Not enough information to infer type variable B
e: file:///Users/aiw.robson/Documents/Projects/ElectricalAge2/src/main/kotlin/mods/eln/gridnode/GridSwitch.kt:70:49 Unresolved reference: Vec3
e: file:///Users/aiw.robson/Documents/Projects/ElectricalAge2/src/main/kotlin/mods/eln/gridnode/GridSwitch.kt:71:37 Not enough information to infer type variable B
e: file:///Users/aiw.robson/Documents/Projects/ElectricalAge2/src/main/kotlin/mods/eln/gridnode/GridSwitch.kt:71:45 Unresolved reference: Vec3
e: file:///Users/aiw.robson/Documents/Projects/ElectricalAge2/src/main/kotlin/mods/eln/gridnode/GridSwitch.kt:72:37 Not enough information to infer type variable B
e: file:///Users/aiw.robson/Documents/Projects/ElectricalAge2/src/main/kotlin/mods/eln/gridnode/GridSwitch.kt:72:45 Unresolved reference: Vec3
e: file:///Users/aiw.robson/Documents/Projects/ElectricalAge2/src/main/kotlin/mods/eln/gridnode/GridSwitch.kt:73:42 Not enough information to infer type variable B
e: file:///Users/aiw.robson/Documents/Projects/ElectricalAge2/src/main/kotlin/mods/eln/gridnode/GridSwitch.kt:73:50 Unresolved reference: Vec3
e: file:///Users/aiw.robson/Documents/Projects/ElectricalAge2/src/main/kotlin/mods/eln/gridnode/GridSwitch.kt:74:42 Not enough information to infer type variable B
e: file:///Users/aiw.robson/Documents/Projects/ElectricalAge2/src/main/kotlin/mods/eln/gridnode/GridSwitch.kt:74:50 Unresolved reference: Vec3
e: file:///Users/aiw.robson/Documents/Projects/ElectricalAge2/src/main/kotlin/mods/eln/gridnode/GridSwitch.kt:75:32 Unresolved reference: key
e: file:///Users/aiw.robson/Documents/Projects/ElectricalAge2/src/main/kotlin/mods/eln/gridnode/GridSwitch.kt:110:16 Overload resolution ambiguity: 
public inline fun <T> Iterable<TypeVariable(T)>.forEach(action: (TypeVariable(T)) -> Unit): Unit defined in kotlin.collections
public inline fun <K, V> Map<out TypeVariable(K), TypeVariable(V)>.forEach(action: (Map.Entry<TypeVariable(K), TypeVariable(V)>) -> Unit): Unit defined in kotlin.collections
e: file:///Users/aiw.robson/Documents/Projects/ElectricalAge2/src/main/kotlin/mods/eln/gridnode/GridSwitch.kt:111:27 Unresolved reference: key
e: file:///Users/aiw.robson/Documents/Projects/ElectricalAge2/src/main/kotlin/mods/eln/gridnode/GridSwitch.kt:112:29 Unresolved reference: value
e: file:///Users/aiw.robson/Documents/Projects/ElectricalAge2/src/main/kotlin/mods/eln/gridnode/GridSwitch.kt:113:25 Unresolved reference: value
e: file:///Users/aiw.robson/Documents/Projects/ElectricalAge2/src/main/kotlin/mods/eln/gridnode/GridSwitch.kt:134:58 Unresolved reference: IItemRenderer
e: file:///Users/aiw.robson/Documents/Projects/ElectricalAge2/src/main/kotlin/mods/eln/gridnode/GridSwitch.kt:136:35 Unresolved reference: IItemRenderer
e: file:///Users/aiw.robson/Documents/Projects/ElectricalAge2/src/main/kotlin/mods/eln/gridnode/GridSwitch.kt:153:50 Only safe (?.) or non-null asserted (!!.) calls are allowed on a nullable receiver of type ElectricalCableDescriptor?
e: file:///Users/aiw.robson/Documents/Projects/ElectricalAge2/src/main/kotlin/mods/eln/gridnode/GridSwitch.kt:258:64 Unresolved reference: Vec3
e: file:///Users/aiw.robson/Documents/Projects/ElectricalAge2/src/main/kotlin/mods/eln/gridnode/GridSwitch.kt:271:16 Unresolved reference: Vec3
e: file:///Users/aiw.robson/Documents/Projects/ElectricalAge2/src/main/kotlin/mods/eln/gridnode/electricalpole/ElectricalPoleElement.kt:152:99 Only safe (?.) or non-null asserted (!!.) calls are allowed on a nullable receiver of type ElectricalCableDescriptor?
e: file:///Users/aiw.robson/Documents/Projects/ElectricalAge2/src/main/kotlin/mods/eln/gridnode/electricalpole/ElectricalPoleRender.kt:12:29 Unresolved reference: audio
e: file:///Users/aiw.robson/Documents/Projects/ElectricalAge2/src/main/kotlin/mods/eln/gridnode/electricalpole/ElectricalPoleRender.kt:13:27 Unresolved reference: Vec3
e: file:///Users/aiw.robson/Documents/Projects/ElectricalAge2/src/main/kotlin/mods/eln/gridnode/electricalpole/ElectricalPoleRender.kt:31:82 Unresolved reference: ISound
e: file:///Users/aiw.robson/Documents/Projects/ElectricalAge2/src/main/kotlin/mods/eln/gridnode/transformer/GridTransformerDescriptor.kt:9:34 Unresolved reference: IItemRenderer
e: file:///Users/aiw.robson/Documents/Projects/ElectricalAge2/src/main/kotlin/mods/eln/gridnode/transformer/GridTransformerElement.kt:20:27 Unresolved reference: Vec3
e: file:///Users/aiw.robson/Documents/Projects/ElectricalAge2/src/main/kotlin/mods/eln/gridnode/transformer/GridTransformerElement.kt:99:65 Unresolved reference: Vec3
e: file:///Users/aiw.robson/Documents/Projects/ElectricalAge2/src/main/kotlin/mods/eln/gridnode/transformer/GridTransformerRender.kt:8:29 Unresolved reference: audio
e: file:///Users/aiw.robson/Documents/Projects/ElectricalAge2/src/main/kotlin/mods/eln/gridnode/transformer/GridTransformerRender.kt:16:78 Unresolved reference: ISound
e: file:///Users/aiw.robson/Documents/Projects/ElectricalAge2/src/main/kotlin/mods/eln/gui/GuiVerticalCustomValuesBar.kt:18:5 'getValue' overrides nothing
e: file:///Users/aiw.robson/Documents/Projects/ElectricalAge2/src/main/kotlin/mods/eln/gui/GuiVerticalCustomValuesBar.kt:18:57 Unresolved reference. None of the following candidates is applicable because of receiver type mismatch: 
public inline operator fun <T> Lazy<TypeVariable(T)>.getValue(thisRef: Any?, property: KProperty<*>): TypeVariable(T) defined in kotlin
public fun <K, V> Map<TypeVariable(K), TypeVariable(V)>.getValue(key: TypeVariable(K)): TypeVariable(V) defined in kotlin.collections
public inline operator fun <V, V1 : TypeVariable(V)> Map<in String, TypeVariable(V)>.getValue(thisRef: Any?, property: KProperty<*>): TypeVariable(V1) defined in kotlin.collections
public inline operator fun <V, V1 : TypeVariable(V)> MutableMap<in String, out TypeVariable(V)>.getValue(thisRef: Any?, property: KProperty<*>): TypeVariable(V1) defined in kotlin.collections
public inline operator fun <V> KProperty0<TypeVariable(V)>.getValue(thisRef: Any?, property: KProperty<*>): TypeVariable(V) defined in kotlin
public inline operator fun <T, V> KProperty1<TypeVariable(T), TypeVariable(V)>.getValue(thisRef: TypeVariable(T), property: KProperty<*>): TypeVariable(V) defined in kotlin
e: file:///Users/aiw.robson/Documents/Projects/ElectricalAge2/src/main/kotlin/mods/eln/gui/GuiVerticalCustomValuesBar.kt:20:5 'setValue' overrides nothing
e: file:///Users/aiw.robson/Documents/Projects/ElectricalAge2/src/main/kotlin/mods/eln/gui/GuiVerticalCustomValuesBar.kt:23:25 Unresolved reference. None of the following candidates is applicable because of receiver type mismatch: 
public inline operator fun <V> MutableMap<in String, in TypeVariable(V)>.setValue(thisRef: Any?, property: KProperty<*>, value: TypeVariable(V)): Unit defined in kotlin.collections
public inline operator fun <V> KMutableProperty0<TypeVariable(V)>.setValue(thisRef: Any?, property: KProperty<*>, value: TypeVariable(V)): Unit defined in kotlin
public inline operator fun <T, V> KMutableProperty1<TypeVariable(T), TypeVariable(V)>.setValue(thisRef: TypeVariable(T), property: KProperty<*>, value: TypeVariable(V)): Unit defined in kotlin
e: file:///Users/aiw.robson/Documents/Projects/ElectricalAge2/src/main/kotlin/mods/eln/gui/GuiVerticalCustomValuesBar.kt:24:27 Unresolved reference. None of the following candidates is applicable because of receiver type mismatch: 
public inline operator fun <V> MutableMap<in String, in TypeVariable(V)>.setValue(thisRef: Any?, property: KProperty<*>, value: TypeVariable(V)): Unit defined in kotlin.collections
public inline operator fun <V> KMutableProperty0<TypeVariable(V)>.setValue(thisRef: Any?, property: KProperty<*>, value: TypeVariable(V)): Unit defined in kotlin
public inline operator fun <T, V> KMutableProperty1<TypeVariable(T), TypeVariable(V)>.setValue(thisRef: TypeVariable(T), property: KProperty<*>, value: TypeVariable(V)): Unit defined in kotlin
e: file:///Users/aiw.robson/Documents/Projects/ElectricalAge2/src/main/kotlin/mods/eln/gui/HelperStdContainer.kt:3:67 Type mismatch: inferred type is IGuiObject but Screen? was expected
e: file:///Users/aiw.robson/Documents/Projects/ElectricalAge2/src/main/kotlin/mods/eln/gui/SlotWithSkinAndComment.kt:19:15 Unresolved reference: ISlotWithComment
e: file:///Users/aiw.robson/Documents/Projects/ElectricalAge2/src/main/kotlin/mods/eln/gui/SlotWithSkinAndComment.kt:24:5 'getComment' overrides nothing
e: file:///Users/aiw.robson/Documents/Projects/ElectricalAge2/src/main/kotlin/mods/eln/hardware/PacketSerial.kt:3:12 Unresolved reference: fazecast
e: file:///Users/aiw.robson/Documents/Projects/ElectricalAge2/src/main/kotlin/mods/eln/hardware/PacketSerial.kt:12:51 Unresolved reference: SerialPort
e: file:///Users/aiw.robson/Documents/Projects/ElectricalAge2/src/main/kotlin/mods/eln/hardware/PacketSerial.kt:21:20 Unresolved reference: SerialPort
e: file:///Users/aiw.robson/Documents/Projects/ElectricalAge2/src/main/kotlin/mods/eln/hardware/PacketSerial.kt:21:55 Unresolved reference: systemPortName
e: file:///Users/aiw.robson/Documents/Projects/ElectricalAge2/src/main/kotlin/mods/eln/hardware/PacketSerial.kt:46:20 Unresolved reference: SerialPort
e: file:///Users/aiw.robson/Documents/Projects/ElectricalAge2/src/main/kotlin/mods/eln/hardware/PacketSerial.kt:47:14 Variable expected
e: file:///Users/aiw.robson/Documents/Projects/ElectricalAge2/src/main/kotlin/mods/eln/init/Registration.kt:24:74 Variable 'TRANSPARENT_NODE_BLOCK_ENTITY' must be initialized
e: file:///Users/aiw.robson/Documents/Projects/ElectricalAge2/src/main/kotlin/mods/eln/integration/waila/GhostNodeWailaProvider.kt:4:12 Unresolved reference: mobius
e: file:///Users/aiw.robson/Documents/Projects/ElectricalAge2/src/main/kotlin/mods/eln/integration/waila/GhostNodeWailaProvider.kt:5:12 Unresolved reference: mobius
e: file:///Users/aiw.robson/Documents/Projects/ElectricalAge2/src/main/kotlin/mods/eln/integration/waila/GhostNodeWailaProvider.kt:6:12 Unresolved reference: mobius
e: file:///Users/aiw.robson/Documents/Projects/ElectricalAge2/src/main/kotlin/mods/eln/integration/waila/GhostNodeWailaProvider.kt:7:12 Unresolved reference: mobius
e: file:///Users/aiw.robson/Documents/Projects/ElectricalAge2/src/main/kotlin/mods/eln/integration/waila/GhostNodeWailaProvider.kt:12:42 Unresolved reference: ServerPlayer
e: file:///Users/aiw.robson/Documents/Projects/ElectricalAge2/src/main/kotlin/mods/eln/integration/waila/GhostNodeWailaProvider.kt:15:22 Unresolved reference: tileentity
e: file:///Users/aiw.robson/Documents/Projects/ElectricalAge2/src/main/kotlin/mods/eln/integration/waila/GhostNodeWailaProvider.kt:16:27 Unresolved reference: MovingObjectPosition
e: file:///Users/aiw.robson/Documents/Projects/ElectricalAge2/src/main/kotlin/mods/eln/integration/waila/GhostNodeWailaProvider.kt:19:2 Unresolved reference: Optional
e: file:///Users/aiw.robson/Documents/Projects/ElectricalAge2/src/main/kotlin/mods/eln/integration/waila/GhostNodeWailaProvider.kt:21:83 Unresolved reference: IWailaDataProvider
e: file:///Users/aiw.robson/Documents/Projects/ElectricalAge2/src/main/kotlin/mods/eln/integration/waila/GhostNodeWailaProvider.kt:22:56 Unresolved reference: IWailaDataAccessor
e: file:///Users/aiw.robson/Documents/Projects/ElectricalAge2/src/main/kotlin/mods/eln/integration/waila/GhostNodeWailaProvider.kt:23:73 Unresolved reference: IWailaDataAccessor
e: file:///Users/aiw.robson/Documents/Projects/ElectricalAge2/src/main/kotlin/mods/eln/integration/waila/GhostNodeWailaProvider.kt:24:9 'getPlayer' overrides nothing
e: file:///Users/aiw.robson/Documents/Projects/ElectricalAge2/src/main/kotlin/mods/eln/integration/waila/GhostNodeWailaProvider.kt:25:9 'getStack' overrides nothing
e: file:///Users/aiw.robson/Documents/Projects/ElectricalAge2/src/main/kotlin/mods/eln/integration/waila/GhostNodeWailaProvider.kt:26:9 'getPosition' overrides nothing
e: file:///Users/aiw.robson/Documents/Projects/ElectricalAge2/src/main/kotlin/mods/eln/integration/waila/GhostNodeWailaProvider.kt:26:38 Unresolved reference: MovingObjectPosition
e: file:///Users/aiw.robson/Documents/Projects/ElectricalAge2/src/main/kotlin/mods/eln/integration/waila/GhostNodeWailaProvider.kt:29:9 'getSide' overrides nothing
e: file:///Users/aiw.robson/Documents/Projects/ElectricalAge2/src/main/kotlin/mods/eln/integration/waila/GhostNodeWailaProvider.kt:29:57 Unresolved reference: toForge
e: file:///Users/aiw.robson/Documents/Projects/ElectricalAge2/src/main/kotlin/mods/eln/integration/waila/GhostNodeWailaProvider.kt:30:9 'getBlockID' overrides nothing
e: file:///Users/aiw.robson/Documents/Projects/ElectricalAge2/src/main/kotlin/mods/eln/integration/waila/GhostNodeWailaProvider.kt:31:9 'getPartialFrame' overrides nothing
e: file:///Users/aiw.robson/Documents/Projects/ElectricalAge2/src/main/kotlin/mods/eln/integration/waila/GhostNodeWailaProvider.kt:32:9 'getMetadata' overrides nothing
e: file:///Users/aiw.robson/Documents/Projects/ElectricalAge2/src/main/kotlin/mods/eln/integration/waila/GhostNodeWailaProvider.kt:33:9 'getBlockQualifiedName' overrides nothing
e: file:///Users/aiw.robson/Documents/Projects/ElectricalAge2/src/main/kotlin/mods/eln/integration/waila/GhostNodeWailaProvider.kt:34:9 'getRenderingPosition' overrides nothing
e: file:///Users/aiw.robson/Documents/Projects/ElectricalAge2/src/main/kotlin/mods/eln/integration/waila/GhostNodeWailaProvider.kt:35:9 'getNBTData' overrides nothing
e: file:///Users/aiw.robson/Documents/Projects/ElectricalAge2/src/main/kotlin/mods/eln/integration/waila/GhostNodeWailaProvider.kt:36:9 'getTileEntity' overrides nothing
e: file:///Users/aiw.robson/Documents/Projects/ElectricalAge2/src/main/kotlin/mods/eln/integration/waila/GhostNodeWailaProvider.kt:37:9 'getWorld' overrides nothing
e: file:///Users/aiw.robson/Documents/Projects/ElectricalAge2/src/main/kotlin/mods/eln/integration/waila/GhostNodeWailaProvider.kt:37:34 Unresolved reference: World
e: file:///Users/aiw.robson/Documents/Projects/ElectricalAge2/src/main/kotlin/mods/eln/integration/waila/GhostNodeWailaProvider.kt:41:9 'getBlock' overrides nothing
e: file:///Users/aiw.robson/Documents/Projects/ElectricalAge2/src/main/kotlin/mods/eln/integration/waila/GhostNodeWailaProvider.kt:42:9 'getNBTInteger' overrides nothing
e: file:///Users/aiw.robson/Documents/Projects/ElectricalAge2/src/main/kotlin/mods/eln/integration/waila/GhostNodeWailaProvider.kt:45:40 Unresolved reference: IWailaDataAccessor
e: file:///Users/aiw.robson/Documents/Projects/ElectricalAge2/src/main/kotlin/mods/eln/integration/waila/GhostNodeWailaProvider.kt:57:5 'getWailaBody' overrides nothing
e: file:///Users/aiw.robson/Documents/Projects/ElectricalAge2/src/main/kotlin/mods/eln/integration/waila/GhostNodeWailaProvider.kt:57:97 Unresolved reference: IWailaDataAccessor
e: file:///Users/aiw.robson/Documents/Projects/ElectricalAge2/src/main/kotlin/mods/eln/integration/waila/GhostNodeWailaProvider.kt:58:39 Unresolved reference: IWailaConfigHandler
e: file:///Users/aiw.robson/Documents/Projects/ElectricalAge2/src/main/kotlin/mods/eln/integration/waila/GhostNodeWailaProvider.kt:76:5 'getWailaStack' overrides nothing
e: file:///Users/aiw.robson/Documents/Projects/ElectricalAge2/src/main/kotlin/mods/eln/integration/waila/GhostNodeWailaProvider.kt:76:42 Unresolved reference: IWailaDataAccessor
e: file:///Users/aiw.robson/Documents/Projects/ElectricalAge2/src/main/kotlin/mods/eln/integration/waila/GhostNodeWailaProvider.kt:76:70 Unresolved reference: IWailaConfigHandler
e: file:///Users/aiw.robson/Documents/Projects/ElectricalAge2/src/main/kotlin/mods/eln/integration/waila/GhostNodeWailaProvider.kt:79:5 'getWailaTail' overrides nothing
e: file:///Users/aiw.robson/Documents/Projects/ElectricalAge2/src/main/kotlin/mods/eln/integration/waila/GhostNodeWailaProvider.kt:79:97 Unresolved reference: IWailaDataAccessor
e: file:///Users/aiw.robson/Documents/Projects/ElectricalAge2/src/main/kotlin/mods/eln/integration/waila/GhostNodeWailaProvider.kt:80:39 Unresolved reference: IWailaConfigHandler
e: file:///Users/aiw.robson/Documents/Projects/ElectricalAge2/src/main/kotlin/mods/eln/integration/waila/GhostNodeWailaProvider.kt:82:5 'getNBTData' overrides nothing
e: file:///Users/aiw.robson/Documents/Projects/ElectricalAge2/src/main/kotlin/mods/eln/integration/waila/GhostNodeWailaProvider.kt:82:37 Unresolved reference: ServerPlayer
e: file:///Users/aiw.robson/Documents/Projects/ElectricalAge2/src/main/kotlin/mods/eln/integration/waila/GhostNodeWailaProvider.kt:82:56 Unresolved reference: TileEntity
e: file:///Users/aiw.robson/Documents/Projects/ElectricalAge2/src/main/kotlin/mods/eln/integration/waila/GhostNodeWailaProvider.kt:83:36 Unresolved reference: World
e: file:///Users/aiw.robson/Documents/Projects/ElectricalAge2/src/main/kotlin/mods/eln/integration/waila/GhostNodeWailaProvider.kt:85:5 'getWailaHead' overrides nothing
e: file:///Users/aiw.robson/Documents/Projects/ElectricalAge2/src/main/kotlin/mods/eln/integration/waila/GhostNodeWailaProvider.kt:85:97 Unresolved reference: IWailaDataAccessor
e: file:///Users/aiw.robson/Documents/Projects/ElectricalAge2/src/main/kotlin/mods/eln/integration/waila/GhostNodeWailaProvider.kt:86:39 Unresolved reference: IWailaConfigHandler
e: file:///Users/aiw.robson/Documents/Projects/ElectricalAge2/src/main/kotlin/mods/eln/integration/waila/GhostNodeWailaProvider.kt:87:26 Unresolved reference: SpecialChars
e: file:///Users/aiw.robson/Documents/Projects/ElectricalAge2/src/main/kotlin/mods/eln/integration/waila/SixNodeWailaProvider.kt:4:12 Unresolved reference: mobius
e: file:///Users/aiw.robson/Documents/Projects/ElectricalAge2/src/main/kotlin/mods/eln/integration/waila/SixNodeWailaProvider.kt:5:12 Unresolved reference: mobius
e: file:///Users/aiw.robson/Documents/Projects/ElectricalAge2/src/main/kotlin/mods/eln/integration/waila/SixNodeWailaProvider.kt:6:12 Unresolved reference: mobius
e: file:///Users/aiw.robson/Documents/Projects/ElectricalAge2/src/main/kotlin/mods/eln/integration/waila/SixNodeWailaProvider.kt:7:12 Unresolved reference: mobius
e: file:///Users/aiw.robson/Documents/Projects/ElectricalAge2/src/main/kotlin/mods/eln/integration/waila/SixNodeWailaProvider.kt:10:42 Unresolved reference: ServerPlayer
e: file:///Users/aiw.robson/Documents/Projects/ElectricalAge2/src/main/kotlin/mods/eln/integration/waila/SixNodeWailaProvider.kt:13:22 Unresolved reference: tileentity
e: file:///Users/aiw.robson/Documents/Projects/ElectricalAge2/src/main/kotlin/mods/eln/integration/waila/SixNodeWailaProvider.kt:16:2 Unresolved reference: Optional
e: file:///Users/aiw.robson/Documents/Projects/ElectricalAge2/src/main/kotlin/mods/eln/integration/waila/SixNodeWailaProvider.kt:17:30 Unresolved reference: IWailaDataProvider
e: file:///Users/aiw.robson/Documents/Projects/ElectricalAge2/src/main/kotlin/mods/eln/integration/waila/SixNodeWailaProvider.kt:18:38 Unresolved reference: IWailaDataAccessor
e: file:///Users/aiw.robson/Documents/Projects/ElectricalAge2/src/main/kotlin/mods/eln/integration/waila/SixNodeWailaProvider.kt:21:30 Unresolved reference: from
e: file:///Users/aiw.robson/Documents/Projects/ElectricalAge2/src/main/kotlin/mods/eln/integration/waila/SixNodeWailaProvider.kt:31:5 'getWailaBody' overrides nothing
e: file:///Users/aiw.robson/Documents/Projects/ElectricalAge2/src/main/kotlin/mods/eln/integration/waila/SixNodeWailaProvider.kt:31:97 Unresolved reference: IWailaDataAccessor
e: file:///Users/aiw.robson/Documents/Projects/ElectricalAge2/src/main/kotlin/mods/eln/integration/waila/SixNodeWailaProvider.kt:32:39 Unresolved reference: IWailaConfigHandler
e: file:///Users/aiw.robson/Documents/Projects/ElectricalAge2/src/main/kotlin/mods/eln/integration/waila/SixNodeWailaProvider.kt:34:42 Unresolved reference: SpecialChars
e: file:///Users/aiw.robson/Documents/Projects/ElectricalAge2/src/main/kotlin/mods/eln/integration/waila/SixNodeWailaProvider.kt:40:5 'getWailaStack' overrides nothing
e: file:///Users/aiw.robson/Documents/Projects/ElectricalAge2/src/main/kotlin/mods/eln/integration/waila/SixNodeWailaProvider.kt:40:42 Unresolved reference: IWailaDataAccessor
e: file:///Users/aiw.robson/Documents/Projects/ElectricalAge2/src/main/kotlin/mods/eln/integration/waila/SixNodeWailaProvider.kt:40:70 Unresolved reference: IWailaConfigHandler
e: file:///Users/aiw.robson/Documents/Projects/ElectricalAge2/src/main/kotlin/mods/eln/integration/waila/SixNodeWailaProvider.kt:43:5 'getWailaTail' overrides nothing
e: file:///Users/aiw.robson/Documents/Projects/ElectricalAge2/src/main/kotlin/mods/eln/integration/waila/SixNodeWailaProvider.kt:43:97 Unresolved reference: IWailaDataAccessor
e: file:///Users/aiw.robson/Documents/Projects/ElectricalAge2/src/main/kotlin/mods/eln/integration/waila/SixNodeWailaProvider.kt:44:39 Unresolved reference: IWailaConfigHandler
e: file:///Users/aiw.robson/Documents/Projects/ElectricalAge2/src/main/kotlin/mods/eln/integration/waila/SixNodeWailaProvider.kt:46:5 'getNBTData' overrides nothing
e: file:///Users/aiw.robson/Documents/Projects/ElectricalAge2/src/main/kotlin/mods/eln/integration/waila/SixNodeWailaProvider.kt:46:37 Unresolved reference: ServerPlayer
e: file:///Users/aiw.robson/Documents/Projects/ElectricalAge2/src/main/kotlin/mods/eln/integration/waila/SixNodeWailaProvider.kt:46:56 Unresolved reference: TileEntity
e: file:///Users/aiw.robson/Documents/Projects/ElectricalAge2/src/main/kotlin/mods/eln/integration/waila/SixNodeWailaProvider.kt:46:95 Unresolved reference: World
e: file:///Users/aiw.robson/Documents/Projects/ElectricalAge2/src/main/kotlin/mods/eln/integration/waila/SixNodeWailaProvider.kt:49:5 'getWailaHead' overrides nothing
e: file:///Users/aiw.robson/Documents/Projects/ElectricalAge2/src/main/kotlin/mods/eln/integration/waila/SixNodeWailaProvider.kt:49:97 Unresolved reference: IWailaDataAccessor
e: file:///Users/aiw.robson/Documents/Projects/ElectricalAge2/src/main/kotlin/mods/eln/integration/waila/SixNodeWailaProvider.kt:50:39 Unresolved reference: IWailaConfigHandler
e: file:///Users/aiw.robson/Documents/Projects/ElectricalAge2/src/main/kotlin/mods/eln/integration/waila/SixNodeWailaProvider.kt:51:26 Unresolved reference: SpecialChars
e: file:///Users/aiw.robson/Documents/Projects/ElectricalAge2/src/main/kotlin/mods/eln/integration/waila/TransparentNodeWailaProvider.kt:4:12 Unresolved reference: mobius
e: file:///Users/aiw.robson/Documents/Projects/ElectricalAge2/src/main/kotlin/mods/eln/integration/waila/TransparentNodeWailaProvider.kt:5:12 Unresolved reference: mobius
e: file:///Users/aiw.robson/Documents/Projects/ElectricalAge2/src/main/kotlin/mods/eln/integration/waila/TransparentNodeWailaProvider.kt:6:12 Unresolved reference: mobius
e: file:///Users/aiw.robson/Documents/Projects/ElectricalAge2/src/main/kotlin/mods/eln/integration/waila/TransparentNodeWailaProvider.kt:7:12 Unresolved reference: mobius
e: file:///Users/aiw.robson/Documents/Projects/ElectricalAge2/src/main/kotlin/mods/eln/integration/waila/TransparentNodeWailaProvider.kt:9:42 Unresolved reference: ServerPlayer
e: file:///Users/aiw.robson/Documents/Projects/ElectricalAge2/src/main/kotlin/mods/eln/integration/waila/TransparentNodeWailaProvider.kt:12:22 Unresolved reference: tileentity
e: file:///Users/aiw.robson/Documents/Projects/ElectricalAge2/src/main/kotlin/mods/eln/integration/waila/TransparentNodeWailaProvider.kt:15:2 Unresolved reference: Optional
e: file:///Users/aiw.robson/Documents/Projects/ElectricalAge2/src/main/kotlin/mods/eln/integration/waila/TransparentNodeWailaProvider.kt:16:38 Unresolved reference: IWailaDataProvider
e: file:///Users/aiw.robson/Documents/Projects/ElectricalAge2/src/main/kotlin/mods/eln/integration/waila/TransparentNodeWailaProvider.kt:17:5 'getWailaBody' overrides nothing
e: file:///Users/aiw.robson/Documents/Projects/ElectricalAge2/src/main/kotlin/mods/eln/integration/waila/TransparentNodeWailaProvider.kt:18:41 Unresolved reference: IWailaDataAccessor
e: file:///Users/aiw.robson/Documents/Projects/ElectricalAge2/src/main/kotlin/mods/eln/integration/waila/TransparentNodeWailaProvider.kt:18:69 Unresolved reference: IWailaConfigHandler
e: file:///Users/aiw.robson/Documents/Projects/ElectricalAge2/src/main/kotlin/mods/eln/integration/waila/TransparentNodeWailaProvider.kt:22:81 Unresolved reference: SpecialChars
e: file:///Users/aiw.robson/Documents/Projects/ElectricalAge2/src/main/kotlin/mods/eln/integration/waila/TransparentNodeWailaProvider.kt:30:5 'getWailaStack' overrides nothing
e: file:///Users/aiw.robson/Documents/Projects/ElectricalAge2/src/main/kotlin/mods/eln/integration/waila/TransparentNodeWailaProvider.kt:30:42 Unresolved reference: IWailaDataAccessor
e: file:///Users/aiw.robson/Documents/Projects/ElectricalAge2/src/main/kotlin/mods/eln/integration/waila/TransparentNodeWailaProvider.kt:30:71 Unresolved reference: IWailaConfigHandler
e: file:///Users/aiw.robson/Documents/Projects/ElectricalAge2/src/main/kotlin/mods/eln/integration/waila/TransparentNodeWailaProvider.kt:34:5 'getWailaTail' overrides nothing
e: file:///Users/aiw.robson/Documents/Projects/ElectricalAge2/src/main/kotlin/mods/eln/integration/waila/TransparentNodeWailaProvider.kt:34:98 Unresolved reference: IWailaDataAccessor
e: file:///Users/aiw.robson/Documents/Projects/ElectricalAge2/src/main/kotlin/mods/eln/integration/waila/TransparentNodeWailaProvider.kt:34:127 Unresolved reference: IWailaConfigHandler
e: file:///Users/aiw.robson/Documents/Projects/ElectricalAge2/src/main/kotlin/mods/eln/integration/waila/TransparentNodeWailaProvider.kt:38:5 'getNBTData' overrides nothing
e: file:///Users/aiw.robson/Documents/Projects/ElectricalAge2/src/main/kotlin/mods/eln/integration/waila/TransparentNodeWailaProvider.kt:38:37 Unresolved reference: ServerPlayer
e: file:///Users/aiw.robson/Documents/Projects/ElectricalAge2/src/main/kotlin/mods/eln/integration/waila/TransparentNodeWailaProvider.kt:38:56 Unresolved reference: TileEntity
e: file:///Users/aiw.robson/Documents/Projects/ElectricalAge2/src/main/kotlin/mods/eln/integration/waila/TransparentNodeWailaProvider.kt:38:95 Unresolved reference: World
e: file:///Users/aiw.robson/Documents/Projects/ElectricalAge2/src/main/kotlin/mods/eln/integration/waila/TransparentNodeWailaProvider.kt:42:5 'getWailaHead' overrides nothing
e: file:///Users/aiw.robson/Documents/Projects/ElectricalAge2/src/main/kotlin/mods/eln/integration/waila/TransparentNodeWailaProvider.kt:42:98 Unresolved reference: IWailaDataAccessor
e: file:///Users/aiw.robson/Documents/Projects/ElectricalAge2/src/main/kotlin/mods/eln/integration/waila/TransparentNodeWailaProvider.kt:42:127 Unresolved reference: IWailaConfigHandler
e: file:///Users/aiw.robson/Documents/Projects/ElectricalAge2/src/main/kotlin/mods/eln/integration/waila/WailaIntegration.kt:3:12 Unresolved reference: mobius
e: file:///Users/aiw.robson/Documents/Projects/ElectricalAge2/src/main/kotlin/mods/eln/integration/waila/WailaIntegration.kt:5:2 Unresolved reference: Optional
e: file:///Users/aiw.robson/Documents/Projects/ElectricalAge2/src/main/kotlin/mods/eln/integration/waila/WailaIntegration.kt:9:37 Unresolved reference: IWailaRegistrar
e: file:///Users/aiw.robson/Documents/Projects/ElectricalAge2/src/main/kotlin/mods/eln/item/BrushDescriptor.kt:10:22 Unresolved reference: item
e: file:///Users/aiw.robson/Documents/Projects/ElectricalAge2/src/main/kotlin/mods/eln/item/BrushDescriptor.kt:13:27 Unresolved reference: ResourceLocation
e: file:///Users/aiw.robson/Documents/Projects/ElectricalAge2/src/main/kotlin/mods/eln/item/BrushDescriptor.kt:14:34 Unresolved reference: IItemRenderer
e: file:///Users/aiw.robson/Documents/Projects/ElectricalAge2/src/main/kotlin/mods/eln/item/BrushDescriptor.kt:19:25 Unresolved reference: ResourceLocation
e: file:///Users/aiw.robson/Documents/Projects/ElectricalAge2/src/main/kotlin/mods/eln/item/BrushDescriptor.kt:22:5 'getName' overrides nothing
e: file:///Users/aiw.robson/Documents/Projects/ElectricalAge2/src/main/kotlin/mods/eln/item/BrushDescriptor.kt:23:34 Unresolved reference: getMinecraft
e: file:///Users/aiw.robson/Documents/Projects/ElectricalAge2/src/main/kotlin/mods/eln/item/BrushDescriptor.kt:26:76 Unresolved reference: getName
e: file:///Users/aiw.robson/Documents/Projects/ElectricalAge2/src/main/kotlin/mods/eln/item/BrushDescriptor.kt:26:102 Unresolved reference: getName
e: file:///Users/aiw.robson/Documents/Projects/ElectricalAge2/src/main/kotlin/mods/eln/item/BrushDescriptor.kt:29:5 'setParent' overrides nothing
e: file:///Users/aiw.robson/Documents/Projects/ElectricalAge2/src/main/kotlin/mods/eln/item/BrushDescriptor.kt:29:34 Unresolved reference: Item
e: file:///Users/aiw.robson/Documents/Projects/ElectricalAge2/src/main/kotlin/mods/eln/item/BrushDescriptor.kt:30:15 Unresolved reference: setParent
e: file:///Users/aiw.robson/Documents/Projects/ElectricalAge2/src/main/kotlin/mods/eln/item/BrushDescriptor.kt:34:44 Unresolved reference: itemDamage
e: file:///Users/aiw.robson/Documents/Projects/ElectricalAge2/src/main/kotlin/mods/eln/item/BrushDescriptor.kt:36:73 Unresolved reference: tagCompound
e: file:///Users/aiw.robson/Documents/Projects/ElectricalAge2/src/main/kotlin/mods/eln/item/BrushDescriptor.kt:39:15 Unresolved reference: tagCompound
e: file:///Users/aiw.robson/Documents/Projects/ElectricalAge2/src/main/kotlin/mods/eln/item/BrushDescriptor.kt:42:15 Unresolved reference: tagCompound
e: file:///Users/aiw.robson/Documents/Projects/ElectricalAge2/src/main/kotlin/mods/eln/item/BrushDescriptor.kt:45:5 'getDefaultNBT' overrides nothing
e: file:///Users/aiw.robson/Documents/Projects/ElectricalAge2/src/main/kotlin/mods/eln/item/BrushDescriptor.kt:47:13 Unresolved reference: setInteger
e: file:///Users/aiw.robson/Documents/Projects/ElectricalAge2/src/main/kotlin/mods/eln/item/BrushDescriptor.kt:55:38 Unresolved reference: getMinecraft
e: file:///Users/aiw.robson/Documents/Projects/ElectricalAge2/src/main/kotlin/mods/eln/item/BrushDescriptor.kt:56:22 Type mismatch: inferred type is String but Component was expected
e: file:///Users/aiw.robson/Documents/Projects/ElectricalAge2/src/main/kotlin/mods/eln/item/BrushDescriptor.kt:56:89 Unresolved reference: tagCompound
e: file:///Users/aiw.robson/Documents/Projects/ElectricalAge2/src/main/kotlin/mods/eln/item/BrushDescriptor.kt:62:37 Cannot access 'capabilities': it is invisible (private in a supertype) in 'Player'
e: file:///Users/aiw.robson/Documents/Projects/ElectricalAge2/src/main/kotlin/mods/eln/item/BrushDescriptor.kt:62:50 Unresolved reference: isCreativeMode
e: file:///Users/aiw.robson/Documents/Projects/ElectricalAge2/src/main/kotlin/mods/eln/item/BrushDescriptor.kt:63:26 Unresolved reference: tagCompound
e: file:///Users/aiw.robson/Documents/Projects/ElectricalAge2/src/main/kotlin/mods/eln/item/BrushDescriptor.kt:67:23 Unresolved reference: tagCompound
e: file:///Users/aiw.robson/Documents/Projects/ElectricalAge2/src/main/kotlin/mods/eln/item/BrushDescriptor.kt:76:5 'handleRenderType' overrides nothing
e: file:///Users/aiw.robson/Documents/Projects/ElectricalAge2/src/main/kotlin/mods/eln/item/BrushDescriptor.kt:76:59 Unresolved reference: IItemRenderer
e: file:///Users/aiw.robson/Documents/Projects/ElectricalAge2/src/main/kotlin/mods/eln/item/BrushDescriptor.kt:76:100 Unresolved reference: IItemRenderer
e: file:///Users/aiw.robson/Documents/Projects/ElectricalAge2/src/main/kotlin/mods/eln/item/BrushDescriptor.kt:78:5 'shouldUseRenderHelper' overrides nothing
e: file:///Users/aiw.robson/Documents/Projects/ElectricalAge2/src/main/kotlin/mods/eln/item/BrushDescriptor.kt:78:46 Unresolved reference: IItemRenderer
e: file:///Users/aiw.robson/Documents/Projects/ElectricalAge2/src/main/kotlin/mods/eln/item/BrushDescriptor.kt:78:103 Unresolved reference: IItemRenderer
e: file:///Users/aiw.robson/Documents/Projects/ElectricalAge2/src/main/kotlin/mods/eln/item/BrushDescriptor.kt:79:17 Unresolved reference: IItemRenderer
e: file:///Users/aiw.robson/Documents/Projects/ElectricalAge2/src/main/kotlin/mods/eln/item/BrushDescriptor.kt:81:5 'renderItem' overrides nothing
e: file:///Users/aiw.robson/Documents/Projects/ElectricalAge2/src/main/kotlin/mods/eln/item/BrushDescriptor.kt:81:35 Unresolved reference: IItemRenderer
e: file:///Users/aiw.robson/Documents/Projects/ElectricalAge2/src/main/kotlin/mods/eln/item/BrushDescriptor.kt:82:21 Unresolved reference: IItemRenderer
e: file:///Users/aiw.robson/Documents/Projects/ElectricalAge2/src/main/kotlin/mods/eln/item/BrushDescriptor.kt:83:38 Unresolved reference: getMinecraft
e: file:///Users/aiw.robson/Documents/Projects/ElectricalAge2/src/main/kotlin/mods/eln/item/BrushDescriptor.kt:91:19 Unresolved reference: renderItem
e: file:///Users/aiw.robson/Documents/Projects/ElectricalAge2/src/main/kotlin/mods/eln/item/BrushDescriptor.kt:96:34 Unresolved reference: ResourceLocation
e: file:///Users/aiw.robson/Documents/Projects/ElectricalAge2/src/main/kotlin/mods/eln/item/CaseItemDescriptor.kt:10:18 Type mismatch: inferred type is String but Component was expected
e: file:///Users/aiw.robson/Documents/Projects/ElectricalAge2/src/main/kotlin/mods/eln/item/ElectricalFuseDescriptor.kt:8:22 Unresolved reference: item
e: file:///Users/aiw.robson/Documents/Projects/ElectricalAge2/src/main/kotlin/mods/eln/item/ElectricalFuseDescriptor.kt:10:34 Unresolved reference: IItemRenderer
e: file:///Users/aiw.robson/Documents/Projects/ElectricalAge2/src/main/kotlin/mods/eln/item/ElectricalFuseDescriptor.kt:27:13 Unresolved reference: voltageLevelColor
e: file:///Users/aiw.robson/Documents/Projects/ElectricalAge2/src/main/kotlin/mods/eln/item/ElectricalFuseDescriptor.kt:30:13 Unresolved reference: voltageLevelColor
e: file:///Users/aiw.robson/Documents/Projects/ElectricalAge2/src/main/kotlin/mods/eln/item/ElectricalFuseDescriptor.kt:34:5 'shouldUseRenderHelper' overrides nothing
e: file:///Users/aiw.robson/Documents/Projects/ElectricalAge2/src/main/kotlin/mods/eln/item/ElectricalFuseDescriptor.kt:34:46 Unresolved reference: IItemRenderer
e: file:///Users/aiw.robson/Documents/Projects/ElectricalAge2/src/main/kotlin/mods/eln/item/ElectricalFuseDescriptor.kt:35:48 Unresolved reference: IItemRenderer
e: file:///Users/aiw.robson/Documents/Projects/ElectricalAge2/src/main/kotlin/mods/eln/item/ElectricalFuseDescriptor.kt:35:93 Unresolved reference: IItemRenderer
e: file:///Users/aiw.robson/Documents/Projects/ElectricalAge2/src/main/kotlin/mods/eln/item/ElectricalFuseDescriptor.kt:37:5 'renderItem' overrides nothing
e: file:///Users/aiw.robson/Documents/Projects/ElectricalAge2/src/main/kotlin/mods/eln/item/ElectricalFuseDescriptor.kt:37:35 Unresolved reference: IItemRenderer
e: file:///Users/aiw.robson/Documents/Projects/ElectricalAge2/src/main/kotlin/mods/eln/item/ElectricalFuseDescriptor.kt:39:13 Unresolved reference: IItemRenderer
e: file:///Users/aiw.robson/Documents/Projects/ElectricalAge2/src/main/kotlin/mods/eln/item/ElectricalFuseDescriptor.kt:39:61 Unresolved reference: renderItem
e: file:///Users/aiw.robson/Documents/Projects/ElectricalAge2/src/main/kotlin/mods/eln/item/ElectricalFuseDescriptor.kt:46:25 Unresolved reference: voltageLevelColor
e: file:///Users/aiw.robson/Documents/Projects/ElectricalAge2/src/main/kotlin/mods/eln/item/ElectricalFuseDescriptor.kt:59:34 Unresolved reference: Item
e: file:///Users/aiw.robson/Documents/Projects/ElectricalAge2/src/main/kotlin/mods/eln/item/FuelBurnerDescriptor.kt:3:25 Unresolved reference: GenericItemUsingDamage
e: file:///Users/aiw.robson/Documents/Projects/ElectricalAge2/src/main/kotlin/mods/eln/item/FuelBurnerDescriptor.kt:19:34 Unresolved reference: GenericItemUsingDamage
e: file:///Users/aiw.robson/Documents/Projects/ElectricalAge2/src/main/kotlin/mods/eln/item/FuelBurnerDescriptor.kt:28:18 Type mismatch: inferred type is String but Component was expected
e: file:///Users/aiw.robson/Documents/Projects/ElectricalAge2/src/main/kotlin/mods/eln/item/FuelBurnerDescriptor.kt:29:18 Type mismatch: inferred type is String but Component was expected
e: file:///Users/aiw.robson/Documents/Projects/ElectricalAge2/src/main/kotlin/mods/eln/item/GenericItemUsingDamageDescriptorResource.kt:8:5 'setParent' overrides nothing
e: file:///Users/aiw.robson/Documents/Projects/ElectricalAge2/src/main/kotlin/mods/eln/item/GenericItemUsingDamageDescriptorResource.kt:9:15 Unresolved reference: setParent
e: file:///Users/aiw.robson/Documents/Projects/ElectricalAge2/src/main/kotlin/mods/eln/item/GenericItemUsingDamageDescriptorUpgrade.kt:5:22 Unresolved reference: item
e: file:///Users/aiw.robson/Documents/Projects/ElectricalAge2/src/main/kotlin/mods/eln/item/GenericItemUsingDamageDescriptorUpgrade.kt:11:5 'setParent' overrides nothing
e: file:///Users/aiw.robson/Documents/Projects/ElectricalAge2/src/main/kotlin/mods/eln/item/GenericItemUsingDamageDescriptorUpgrade.kt:11:34 Unresolved reference: Item
e: file:///Users/aiw.robson/Documents/Projects/ElectricalAge2/src/main/kotlin/mods/eln/item/GenericItemUsingDamageDescriptorUpgrade.kt:12:15 Unresolved reference: setParent
e: file:///Users/aiw.robson/Documents/Projects/ElectricalAge2/src/main/kotlin/mods/eln/item/GenericItemUsingDamageDescriptorUpgrade.kt:13:14 Unresolved reference: addUpgrade
e: file:///Users/aiw.robson/Documents/Projects/ElectricalAge2/src/main/kotlin/mods/eln/item/HeatingCorpElement.kt:3:25 Unresolved reference: GenericItemUsingDamageDescriptorUpgrade
e: file:///Users/aiw.robson/Documents/Projects/ElectricalAge2/src/main/kotlin/mods/eln/item/LampDescriptor.kt:12:22 Unresolved reference: item
e: file:///Users/aiw.robson/Documents/Projects/ElectricalAge2/src/main/kotlin/mods/eln/item/LampDescriptor.kt:42:34 Unresolved reference: Item
e: file:///Users/aiw.robson/Documents/Projects/ElectricalAge2/src/main/kotlin/mods/eln/item/LampDescriptor.kt:51:20 Unresolved reference: hasTagCompound
e: file:///Users/aiw.robson/Documents/Projects/ElectricalAge2/src/main/kotlin/mods/eln/item/LampDescriptor.kt:51:44 Unresolved reference: tagCompound
e: file:///Users/aiw.robson/Documents/Projects/ElectricalAge2/src/main/kotlin/mods/eln/item/LampDescriptor.kt:52:26 Unresolved reference: tagCompound
e: file:///Users/aiw.robson/Documents/Projects/ElectricalAge2/src/main/kotlin/mods/eln/item/LampDescriptor.kt:52:60 Unresolved reference: tagCompound
e: file:///Users/aiw.robson/Documents/Projects/ElectricalAge2/src/main/kotlin/mods/eln/item/LampDescriptor.kt:58:20 Unresolved reference: hasTagCompound
e: file:///Users/aiw.robson/Documents/Projects/ElectricalAge2/src/main/kotlin/mods/eln/item/LampDescriptor.kt:58:44 Unresolved reference: tagCompound
e: file:///Users/aiw.robson/Documents/Projects/ElectricalAge2/src/main/kotlin/mods/eln/item/LampDescriptor.kt:59:15 Unresolved reference: tagCompound
e: file:///Users/aiw.robson/Documents/Projects/ElectricalAge2/src/main/kotlin/mods/eln/item/LampDescriptor.kt:62:5 'getDefaultNBT' overrides nothing
e: file:///Users/aiw.robson/Documents/Projects/ElectricalAge2/src/main/kotlin/mods/eln/item/LampDescriptor.kt:64:13 Unresolved reference: setDouble
e: file:///Users/aiw.robson/Documents/Projects/ElectricalAge2/src/main/kotlin/mods/eln/item/LampDescriptor.kt:68:5 'newItemStack' in 'GenericItemUsingDamageDescriptorUpgrade' is final and cannot be overridden
e: file:///Users/aiw.robson/Documents/Projects/ElectricalAge2/src/main/kotlin/mods/eln/item/LampDescriptor.kt:78:18 Type mismatch: inferred type is String but Component was expected
e: file:///Users/aiw.robson/Documents/Projects/ElectricalAge2/src/main/kotlin/mods/eln/item/LampDescriptor.kt:79:18 Type mismatch: inferred type is String but Component was expected
e: file:///Users/aiw.robson/Documents/Projects/ElectricalAge2/src/main/kotlin/mods/eln/item/LampDescriptor.kt:80:18 Type mismatch: inferred type is String but Component was expected
e: file:///Users/aiw.robson/Documents/Projects/ElectricalAge2/src/main/kotlin/mods/eln/item/LampDescriptor.kt:81:18 Type mismatch: inferred type is String but Component was expected
e: file:///Users/aiw.robson/Documents/Projects/ElectricalAge2/src/main/kotlin/mods/eln/item/LampDescriptor.kt:82:18 Type mismatch: inferred type is String but Component was expected
e: file:///Users/aiw.robson/Documents/Projects/ElectricalAge2/src/main/kotlin/mods/eln/item/LampDescriptor.kt:84:28 Unresolved reference: hasTagCompound
e: file:///Users/aiw.robson/Documents/Projects/ElectricalAge2/src/main/kotlin/mods/eln/item/LampDescriptor.kt:84:59 Unresolved reference: tagCompound
e: file:///Users/aiw.robson/Documents/Projects/ElectricalAge2/src/main/kotlin/mods/eln/item/LampDescriptor.kt:85:26 Type mismatch: inferred type is String but Component was expected
e: file:///Users/aiw.robson/Documents/Projects/ElectricalAge2/src/main/kotlin/mods/eln/item/LampDescriptor.kt:87:26 Type mismatch: inferred type is String but Component was expected
e: file:///Users/aiw.robson/Documents/Projects/ElectricalAge2/src/main/kotlin/mods/eln/item/LampDescriptor.kt:89:26 Type mismatch: inferred type is String but Component was expected
e: file:///Users/aiw.robson/Documents/Projects/ElectricalAge2/src/main/kotlin/mods/eln/item/LampDescriptor.kt:91:26 Type mismatch: inferred type is String but Component was expected
e: file:///Users/aiw.robson/Documents/Projects/ElectricalAge2/src/main/kotlin/mods/eln/item/LampDescriptor.kt:93:26 Type mismatch: inferred type is String but Component was expected
e: file:///Users/aiw.robson/Documents/Projects/ElectricalAge2/src/main/kotlin/mods/eln/item/LampDescriptor.kt:96:26 Type mismatch: inferred type is String but Component was expected
e: file:///Users/aiw.robson/Documents/Projects/ElectricalAge2/src/main/kotlin/mods/eln/item/LampDescriptor.kt:129:22 Unresolved reference: configShared
e: file:///Users/aiw.robson/Documents/Projects/ElectricalAge2/src/main/kotlin/mods/eln/item/LampDescriptor.kt:130:9 Unresolved reference: voltageLevelColor
e: file:///Users/aiw.robson/Documents/Projects/ElectricalAge2/src/main/kotlin/mods/eln/item/RegulatorSlot.kt:17:5 This type is final, so it cannot be inherited from
e: file:///Users/aiw.robson/Documents/Projects/ElectricalAge2/src/main/kotlin/mods/eln/item/RegulatorSlot.kt:29:47 Unresolved reference: getDescriptor
e: file:///Users/aiw.robson/Documents/Projects/ElectricalAge2/src/main/kotlin/mods/eln/item/RegulatorSlot.kt:30:44 Unresolved reference: type
e: file:///Users/aiw.robson/Documents/Projects/ElectricalAge2/src/main/kotlin/mods/eln/item/ThermalIsolatorElement.kt:12:18 Type mismatch: inferred type is String but Component was expected
e: file:///Users/aiw.robson/Documents/Projects/ElectricalAge2/src/main/kotlin/mods/eln/item/ThermalIsolatorElement.kt:13:18 Type mismatch: inferred type is String but Component was expected
e: file:///Users/aiw.robson/Documents/Projects/ElectricalAge2/src/main/kotlin/mods/eln/item/ThermalIsolatorElement.kt:14:18 Type mismatch: inferred type is String but Component was expected
e: file:///Users/aiw.robson/Documents/Projects/ElectricalAge2/src/main/kotlin/mods/eln/item/ThermalIsolatorElement.kt:15:18 Type mismatch: inferred type is String but Component was expected
e: file:///Users/aiw.robson/Documents/Projects/ElectricalAge2/src/main/kotlin/mods/eln/item/electricalitem/BatteryItem.kt:5:22 Unresolved reference: electricalinterface
e: file:///Users/aiw.robson/Documents/Projects/ElectricalAge2/src/main/kotlin/mods/eln/item/electricalitem/BatteryItem.kt:10:22 Unresolved reference: item
e: file:///Users/aiw.robson/Documents/Projects/ElectricalAge2/src/main/kotlin/mods/eln/item/electricalitem/BatteryItem.kt:13:27 Unresolved reference: ResourceLocation
e: file:///Users/aiw.robson/Documents/Projects/ElectricalAge2/src/main/kotlin/mods/eln/item/electricalitem/BatteryItem.kt:14:34 Unresolved reference: IItemRenderer
e: file:///Users/aiw.robson/Documents/Projects/ElectricalAge2/src/main/kotlin/mods/eln/item/electricalitem/BatteryItem.kt:15:34 Unresolved reference: IItemRenderer
e: file:///Users/aiw.robson/Documents/Projects/ElectricalAge2/src/main/kotlin/mods/eln/item/electricalitem/BatteryItem.kt:17:182 Unresolved reference: IItemEnergyBattery
e: file:///Users/aiw.robson/Documents/Projects/ElectricalAge2/src/main/kotlin/mods/eln/item/electricalitem/BatteryItem.kt:19:5 'setParent' overrides nothing
e: file:///Users/aiw.robson/Documents/Projects/ElectricalAge2/src/main/kotlin/mods/eln/item/electricalitem/BatteryItem.kt:19:34 Unresolved reference: Item
e: file:///Users/aiw.robson/Documents/Projects/ElectricalAge2/src/main/kotlin/mods/eln/item/electricalitem/BatteryItem.kt:20:15 Unresolved reference: setParent
e: file:///Users/aiw.robson/Documents/Projects/ElectricalAge2/src/main/kotlin/mods/eln/item/electricalitem/BatteryItem.kt:21:14 Unresolved reference: addPortable
e: file:///Users/aiw.robson/Documents/Projects/ElectricalAge2/src/main/kotlin/mods/eln/item/electricalitem/BatteryItem.kt:24:5 'getDefaultNBT' overrides nothing
e: file:///Users/aiw.robson/Documents/Projects/ElectricalAge2/src/main/kotlin/mods/eln/item/electricalitem/BatteryItem.kt:26:13 Unresolved reference: setDouble
e: file:///Users/aiw.robson/Documents/Projects/ElectricalAge2/src/main/kotlin/mods/eln/item/electricalitem/BatteryItem.kt:32:18 Type mismatch: inferred type is String but Component was expected
e: file:///Users/aiw.robson/Documents/Projects/ElectricalAge2/src/main/kotlin/mods/eln/item/electricalitem/BatteryItem.kt:33:18 Type mismatch: inferred type is String but Component was expected
e: file:///Users/aiw.robson/Documents/Projects/ElectricalAge2/src/main/kotlin/mods/eln/item/electricalitem/BatteryItem.kt:35:22 Type mismatch: inferred type is String but Component was expected
e: file:///Users/aiw.robson/Documents/Projects/ElectricalAge2/src/main/kotlin/mods/eln/item/electricalitem/BatteryItem.kt:40:5 'getEnergy' overrides nothing
e: file:///Users/aiw.robson/Documents/Projects/ElectricalAge2/src/main/kotlin/mods/eln/item/electricalitem/BatteryItem.kt:41:16 Unresolved reference: getNbt
e: file:///Users/aiw.robson/Documents/Projects/ElectricalAge2/src/main/kotlin/mods/eln/item/electricalitem/BatteryItem.kt:44:5 'setEnergy' overrides nothing
e: file:///Users/aiw.robson/Documents/Projects/ElectricalAge2/src/main/kotlin/mods/eln/item/electricalitem/BatteryItem.kt:45:9 Unresolved reference: getNbt
e: file:///Users/aiw.robson/Documents/Projects/ElectricalAge2/src/main/kotlin/mods/eln/item/electricalitem/BatteryItem.kt:48:5 'getEnergyMax' overrides nothing
e: file:///Users/aiw.robson/Documents/Projects/ElectricalAge2/src/main/kotlin/mods/eln/item/electricalitem/BatteryItem.kt:52:5 'getChargePower' overrides nothing
e: file:///Users/aiw.robson/Documents/Projects/ElectricalAge2/src/main/kotlin/mods/eln/item/electricalitem/BatteryItem.kt:56:5 'getDischagePower' overrides nothing
e: file:///Users/aiw.robson/Documents/Projects/ElectricalAge2/src/main/kotlin/mods/eln/item/electricalitem/BatteryItem.kt:60:5 'getPriority' overrides nothing
e: file:///Users/aiw.robson/Documents/Projects/ElectricalAge2/src/main/kotlin/mods/eln/item/electricalitem/BatteryItem.kt:64:5 'shouldUseRenderHelper' overrides nothing
e: file:///Users/aiw.robson/Documents/Projects/ElectricalAge2/src/main/kotlin/mods/eln/item/electricalitem/BatteryItem.kt:64:46 Unresolved reference: ItemRenderType
e: file:///Users/aiw.robson/Documents/Projects/ElectricalAge2/src/main/kotlin/mods/eln/item/electricalitem/BatteryItem.kt:64:89 Unresolved reference: ItemRendererHelper
e: file:///Users/aiw.robson/Documents/Projects/ElectricalAge2/src/main/kotlin/mods/eln/item/electricalitem/BatteryItem.kt:65:24 Unresolved reference: ItemRenderType
e: file:///Users/aiw.robson/Documents/Projects/ElectricalAge2/src/main/kotlin/mods/eln/item/electricalitem/BatteryItem.kt:68:5 'handleRenderType' overrides nothing
e: file:///Users/aiw.robson/Documents/Projects/ElectricalAge2/src/main/kotlin/mods/eln/item/electricalitem/BatteryItem.kt:68:59 Unresolved reference: ItemRenderType
e: file:///Users/aiw.robson/Documents/Projects/ElectricalAge2/src/main/kotlin/mods/eln/item/electricalitem/BatteryItem.kt:72:5 'renderItem' overrides nothing
e: file:///Users/aiw.robson/Documents/Projects/ElectricalAge2/src/main/kotlin/mods/eln/item/electricalitem/BatteryItem.kt:72:35 Unresolved reference: ItemRenderType
e: file:///Users/aiw.robson/Documents/Projects/ElectricalAge2/src/main/kotlin/mods/eln/item/electricalitem/BatteryItem.kt:73:15 Unresolved reference: renderItem
e: file:///Users/aiw.robson/Documents/Projects/ElectricalAge2/src/main/kotlin/mods/eln/item/electricalitem/BatteryItem.kt:74:21 Unresolved reference: ItemRenderType
e: file:///Users/aiw.robson/Documents/Projects/ElectricalAge2/src/main/kotlin/mods/eln/item/electricalitem/BatteryItem.kt:79:5 'electricalItemUpdate' overrides nothing
e: file:///Users/aiw.robson/Documents/Projects/ElectricalAge2/src/main/kotlin/mods/eln/item/electricalitem/ElectricalArmor.kt:5:22 Unresolved reference: electricalinterface
e: file:///Users/aiw.robson/Documents/Projects/ElectricalAge2/src/main/kotlin/mods/eln/item/electricalitem/ElectricalArmor.kt:12:27 Unresolved reference: DamageSource
e: file:///Users/aiw.robson/Documents/Projects/ElectricalAge2/src/main/kotlin/mods/eln/item/electricalitem/ElectricalArmor.kt:13:34 Unresolved reference: ISpecialArmor
e: file:///Users/aiw.robson/Documents/Projects/ElectricalAge2/src/main/kotlin/mods/eln/item/electricalitem/ElectricalArmor.kt:14:34 Unresolved reference: ISpecialArmor
e: file:///Users/aiw.robson/Documents/Projects/ElectricalAge2/src/main/kotlin/mods/eln/item/electricalitem/ElectricalArmor.kt:17:28 Unresolved reference: ArmorMaterial
e: file:///Users/aiw.robson/Documents/Projects/ElectricalAge2/src/main/kotlin/mods/eln/item/electricalitem/ElectricalArmor.kt:27:9 This type is final, so it cannot be inherited from
e: file:///Users/aiw.robson/Documents/Projects/ElectricalAge2/src/main/kotlin/mods/eln/item/electricalitem/ElectricalArmor.kt:27:55 Type mismatch: inferred type is genericArmorItem.ArmourType? but genericArmorItem.ArmourType was expected
e: file:///Users/aiw.robson/Documents/Projects/ElectricalAge2/src/main/kotlin/mods/eln/item/electricalitem/ElectricalArmor.kt:27:61 Type mismatch: inferred type is String? but String was expected
e: file:///Users/aiw.robson/Documents/Projects/ElectricalAge2/src/main/kotlin/mods/eln/item/electricalitem/ElectricalArmor.kt:27:65 Type mismatch: inferred type is String? but String was expected
e: file:///Users/aiw.robson/Documents/Projects/ElectricalAge2/src/main/kotlin/mods/eln/item/electricalitem/ElectricalArmor.kt:27:70 Unresolved reference: IItemEnergyBattery
e: file:///Users/aiw.robson/Documents/Projects/ElectricalAge2/src/main/kotlin/mods/eln/item/electricalitem/ElectricalArmor.kt:27:90 Unresolved reference: ISpecialArmor
e: file:///Users/aiw.robson/Documents/Projects/ElectricalAge2/src/main/kotlin/mods/eln/item/electricalitem/ElectricalArmor.kt:30:5 'getProperties' overrides nothing
e: file:///Users/aiw.robson/Documents/Projects/ElectricalAge2/src/main/kotlin/mods/eln/item/electricalitem/ElectricalArmor.kt:30:80 Unresolved reference: DamageSource
e: file:///Users/aiw.robson/Documents/Projects/ElectricalAge2/src/main/kotlin/mods/eln/item/electricalitem/ElectricalArmor.kt:30:122 Unresolved reference: ArmorProperties
e: file:///Users/aiw.robson/Documents/Projects/ElectricalAge2/src/main/kotlin/mods/eln/item/electricalitem/ElectricalArmor.kt:31:16 Unresolved reference: ArmorProperties
e: file:///Users/aiw.robson/Documents/Projects/ElectricalAge2/src/main/kotlin/mods/eln/item/electricalitem/ElectricalArmor.kt:34:5 'getArmorDisplay' overrides nothing
e: file:///Users/aiw.robson/Documents/Projects/ElectricalAge2/src/main/kotlin/mods/eln/item/electricalitem/ElectricalArmor.kt:38:5 'damageArmor' overrides nothing
e: file:///Users/aiw.robson/Documents/Projects/ElectricalAge2/src/main/kotlin/mods/eln/item/electricalitem/ElectricalArmor.kt:38:78 Unresolved reference: DamageSource
e: file:///Users/aiw.robson/Documents/Projects/ElectricalAge2/src/main/kotlin/mods/eln/item/electricalitem/ElectricalArmor.kt:45:5 'getIsRepairable' overrides nothing
e: file:///Users/aiw.robson/Documents/Projects/ElectricalAge2/src/main/kotlin/mods/eln/item/electricalitem/ElectricalArmor.kt:49:5 'hasColor' overrides nothing
e: file:///Users/aiw.robson/Documents/Projects/ElectricalAge2/src/main/kotlin/mods/eln/item/electricalitem/ElectricalArmor.kt:56:17 Unresolved reference: setDouble
e: file:///Users/aiw.robson/Documents/Projects/ElectricalAge2/src/main/kotlin/mods/eln/item/electricalitem/ElectricalArmor.kt:57:17 Unresolved reference: setBoolean
e: file:///Users/aiw.robson/Documents/Projects/ElectricalAge2/src/main/kotlin/mods/eln/item/electricalitem/ElectricalArmor.kt:58:17 Unresolved reference: setInteger
e: file:///Users/aiw.robson/Documents/Projects/ElectricalAge2/src/main/kotlin/mods/eln/item/electricalitem/ElectricalArmor.kt:63:25 Unresolved reference: tagCompound
e: file:///Users/aiw.robson/Documents/Projects/ElectricalAge2/src/main/kotlin/mods/eln/item/electricalitem/ElectricalArmor.kt:65:19 Unresolved reference: tagCompound
e: file:///Users/aiw.robson/Documents/Projects/ElectricalAge2/src/main/kotlin/mods/eln/item/electricalitem/ElectricalArmor.kt:75:25 Unresolved reference: setBoolean
e: file:///Users/aiw.robson/Documents/Projects/ElectricalAge2/src/main/kotlin/mods/eln/item/electricalitem/ElectricalArmor.kt:80:18 Type mismatch: inferred type is String but Component was expected
e: file:///Users/aiw.robson/Documents/Projects/ElectricalAge2/src/main/kotlin/mods/eln/item/electricalitem/ElectricalArmor.kt:81:18 Type mismatch: inferred type is String but Component was expected
e: file:///Users/aiw.robson/Documents/Projects/ElectricalAge2/src/main/kotlin/mods/eln/item/electricalitem/ElectricalArmor.kt:86:5 'getEnergy' overrides nothing
e: file:///Users/aiw.robson/Documents/Projects/ElectricalAge2/src/main/kotlin/mods/eln/item/electricalitem/ElectricalArmor.kt:90:5 'setEnergy' overrides nothing
e: file:///Users/aiw.robson/Documents/Projects/ElectricalAge2/src/main/kotlin/mods/eln/item/electricalitem/ElectricalArmor.kt:91:25 Unresolved reference: setDouble
e: file:///Users/aiw.robson/Documents/Projects/ElectricalAge2/src/main/kotlin/mods/eln/item/electricalitem/ElectricalArmor.kt:94:5 'getEnergyMax' overrides nothing
e: file:///Users/aiw.robson/Documents/Projects/ElectricalAge2/src/main/kotlin/mods/eln/item/electricalitem/ElectricalArmor.kt:98:5 'getChargePower' overrides nothing
e: file:///Users/aiw.robson/Documents/Projects/ElectricalAge2/src/main/kotlin/mods/eln/item/electricalitem/ElectricalArmor.kt:102:5 'getDischagePower' overrides nothing
e: file:///Users/aiw.robson/Documents/Projects/ElectricalAge2/src/main/kotlin/mods/eln/item/electricalitem/ElectricalArmor.kt:106:5 'getPriority' overrides nothing
e: file:///Users/aiw.robson/Documents/Projects/ElectricalAge2/src/main/kotlin/mods/eln/item/electricalitem/ElectricalArmor.kt:110:5 'electricalItemUpdate' overrides nothing
e: file:///Users/aiw.robson/Documents/Projects/ElectricalAge2/src/main/kotlin/mods/eln/item/electricalitem/ElectricalArmor.kt:112:5 'getItemEnchantability' overrides nothing
e: file:///Users/aiw.robson/Documents/Projects/ElectricalAge2/src/main/kotlin/mods/eln/item/electricalitem/ElectricalArmor.kt:118:14 Unresolved reference: addPortable
e: file:///Users/aiw.robson/Documents/Projects/ElectricalAge2/src/main/kotlin/mods/eln/item/electricalitem/ElectricalAxe.kt:8:22 Unresolved reference: block
e: file:///Users/aiw.robson/Documents/Projects/ElectricalAge2/src/main/kotlin/mods/eln/item/electricalitem/ElectricalAxe.kt:11:22 Unresolved reference: item
e: file:///Users/aiw.robson/Documents/Projects/ElectricalAge2/src/main/kotlin/mods/eln/item/electricalitem/ElectricalAxe.kt:13:27 Unresolved reference: ChunkCoordinates
e: file:///Users/aiw.robson/Documents/Projects/ElectricalAge2/src/main/kotlin/mods/eln/item/electricalitem/ElectricalAxe.kt:23:5 'setParent' overrides nothing
e: file:///Users/aiw.robson/Documents/Projects/ElectricalAge2/src/main/kotlin/mods/eln/item/electricalitem/ElectricalAxe.kt:23:34 Unresolved reference: Item
e: file:///Users/aiw.robson/Documents/Projects/ElectricalAge2/src/main/kotlin/mods/eln/item/electricalitem/ElectricalAxe.kt:24:15 Unresolved reference: setParent
e: file:///Users/aiw.robson/Documents/Projects/ElectricalAge2/src/main/kotlin/mods/eln/item/electricalitem/ElectricalAxe.kt:25:14 Unresolved reference: addPortable
e: file:///Users/aiw.robson/Documents/Projects/ElectricalAge2/src/main/kotlin/mods/eln/item/electricalitem/ElectricalAxe.kt:30:18 Type mismatch: inferred type is String but Component was expected
e: file:///Users/aiw.robson/Documents/Projects/ElectricalAge2/src/main/kotlin/mods/eln/item/electricalitem/ElectricalAxe.kt:33:5 'getStrVsBlock' overrides nothing
e: file:///Users/aiw.robson/Documents/Projects/ElectricalAge2/src/main/kotlin/mods/eln/item/electricalitem/ElectricalAxe.kt:35:37 Unresolved reference: material
e: file:///Users/aiw.robson/Documents/Projects/ElectricalAge2/src/main/kotlin/mods/eln/item/electricalitem/ElectricalAxe.kt:35:50 Unresolved reference: Material
e: file:///Users/aiw.robson/Documents/Projects/ElectricalAge2/src/main/kotlin/mods/eln/item/electricalitem/ElectricalAxe.kt:35:73 Unresolved reference: material
e: file:///Users/aiw.robson/Documents/Projects/ElectricalAge2/src/main/kotlin/mods/eln/item/electricalitem/ElectricalAxe.kt:35:86 Unresolved reference: Material
e: file:///Users/aiw.robson/Documents/Projects/ElectricalAge2/src/main/kotlin/mods/eln/item/electricalitem/ElectricalAxe.kt:35:111 Unresolved reference: material
e: file:///Users/aiw.robson/Documents/Projects/ElectricalAge2/src/main/kotlin/mods/eln/item/electricalitem/ElectricalAxe.kt:35:124 Unresolved reference: Material
e: file:///Users/aiw.robson/Documents/Projects/ElectricalAge2/src/main/kotlin/mods/eln/item/electricalitem/ElectricalAxe.kt:36:27 Unresolved reference: getStrVsBlock
e: file:///Users/aiw.robson/Documents/Projects/ElectricalAge2/src/main/kotlin/mods/eln/item/electricalitem/ElectricalAxe.kt:40:5 'onItemRightClick' overrides nothing
e: file:///Users/aiw.robson/Documents/Projects/ElectricalAge2/src/main/kotlin/mods/eln/item/electricalitem/ElectricalAxe.kt:40:52 Unresolved reference: World
e: file:///Users/aiw.robson/Documents/Projects/ElectricalAge2/src/main/kotlin/mods/eln/item/electricalitem/ElectricalAxe.kt:48:19 Unresolved reference: getNbt
e: file:///Users/aiw.robson/Documents/Projects/ElectricalAge2/src/main/kotlin/mods/eln/item/electricalitem/ElectricalAxe.kt:56:9 Unresolved reference: getNbt
e: file:///Users/aiw.robson/Documents/Projects/ElectricalAge2/src/main/kotlin/mods/eln/item/electricalitem/ElectricalAxe.kt:62:56 Unresolved reference: World
e: file:///Users/aiw.robson/Documents/Projects/ElectricalAge2/src/main/kotlin/mods/eln/item/electricalitem/ElectricalAxe.kt:70:30 Unresolved reference: ChunkCoordinates
e: file:///Users/aiw.robson/Documents/Projects/ElectricalAge2/src/main/kotlin/mods/eln/item/electricalitem/ElectricalAxe.kt:142:32 Unresolved reference: World
e: file:///Users/aiw.robson/Documents/Projects/ElectricalAge2/src/main/kotlin/mods/eln/item/electricalitem/ElectricalAxe.kt:142:89 Unresolved reference: ChunkCoordinates
e: file:///Users/aiw.robson/Documents/Projects/ElectricalAge2/src/main/kotlin/mods/eln/item/electricalitem/ElectricalAxe.kt:183:28 Unresolved reference: World
e: file:///Users/aiw.robson/Documents/Projects/ElectricalAge2/src/main/kotlin/mods/eln/item/electricalitem/ElectricalAxe.kt:195:29 Unresolved reference: ChunkCoordinates
e: file:///Users/aiw.robson/Documents/Projects/ElectricalAge2/src/main/kotlin/mods/eln/item/electricalitem/ElectricalAxe.kt:219:49 Unresolved reference: ChunkCoordinates
e: file:///Users/aiw.robson/Documents/Projects/ElectricalAge2/src/main/kotlin/mods/eln/item/electricalitem/ElectricalAxe.kt:300:32 Unresolved reference: ChunkCoordinates
e: file:///Users/aiw.robson/Documents/Projects/ElectricalAge2/src/main/kotlin/mods/eln/item/electricalitem/ElectricalAxe.kt:300:56 Unresolved reference: ChunkCoordinates
e: file:///Users/aiw.robson/Documents/Projects/ElectricalAge2/src/main/kotlin/mods/eln/item/electricalitem/ElectricalAxe.kt:301:36 Unresolved reference: ChunkCoordinates
e: file:///Users/aiw.robson/Documents/Projects/ElectricalAge2/src/main/kotlin/mods/eln/item/electricalitem/ElectricalAxe.kt:311:36 Unresolved reference: ChunkCoordinates
e: file:///Users/aiw.robson/Documents/Projects/ElectricalAge2/src/main/kotlin/mods/eln/item/electricalitem/ElectricalAxe.kt:335:30 Unresolved reference: ChunkCoordinates
e: file:///Users/aiw.robson/Documents/Projects/ElectricalAge2/src/main/kotlin/mods/eln/item/electricalitem/ElectricalAxe.kt:356:29 Overload resolution ambiguity: 
public final operator fun times(other: Byte): Int defined in kotlin.Int
public final operator fun times(other: Double): Double defined in kotlin.Int
public final operator fun times(other: Float): Float defined in kotlin.Int
public final operator fun times(other: Int): Int defined in kotlin.Int
public final operator fun times(other: Long): Long defined in kotlin.Int
public final operator fun times(other: Short): Int defined in kotlin.Int
e: file:///Users/aiw.robson/Documents/Projects/ElectricalAge2/src/main/kotlin/mods/eln/item/electricalitem/ElectricalAxe.kt:365:93 Unresolved reference: World
e: file:///Users/aiw.robson/Documents/Projects/ElectricalAge2/src/main/kotlin/mods/eln/item/electricalitem/ElectricalAxe.kt:376:25 Cannot access 'capabilities': it is invisible (private in a supertype) in 'Player'
e: file:///Users/aiw.robson/Documents/Projects/ElectricalAge2/src/main/kotlin/mods/eln/item/electricalitem/ElectricalAxe.kt:376:38 Unresolved reference: isCreativeMode
e: file:///Users/aiw.robson/Documents/Projects/ElectricalAge2/src/main/kotlin/mods/eln/item/electricalitem/ElectricalLampItem.kt:4:22 Unresolved reference: electricalinterface
e: file:///Users/aiw.robson/Documents/Projects/ElectricalAge2/src/main/kotlin/mods/eln/item/electricalitem/ElectricalLampItem.kt:9:42 Unresolved reference: ServerPlayer
e: file:///Users/aiw.robson/Documents/Projects/ElectricalAge2/src/main/kotlin/mods/eln/item/electricalitem/ElectricalLampItem.kt:10:22 Unresolved reference: item
e: file:///Users/aiw.robson/Documents/Projects/ElectricalAge2/src/main/kotlin/mods/eln/item/electricalitem/ElectricalLampItem.kt:13:27 Unresolved reference: ResourceLocation
e: file:///Users/aiw.robson/Documents/Projects/ElectricalAge2/src/main/kotlin/mods/eln/item/electricalitem/ElectricalLampItem.kt:15:34 Unresolved reference: IItemRenderer
e: file:///Users/aiw.robson/Documents/Projects/ElectricalAge2/src/main/kotlin/mods/eln/item/electricalitem/ElectricalLampItem.kt:16:34 Unresolved reference: IItemRenderer
e: file:///Users/aiw.robson/Documents/Projects/ElectricalAge2/src/main/kotlin/mods/eln/item/electricalitem/ElectricalLampItem.kt:19:125 Unresolved reference: IItemEnergyBattery
e: file:///Users/aiw.robson/Documents/Projects/ElectricalAge2/src/main/kotlin/mods/eln/item/electricalitem/ElectricalLampItem.kt:25:13 Unresolved reference: ResourceLocation
e: file:///Users/aiw.robson/Documents/Projects/ElectricalAge2/src/main/kotlin/mods/eln/item/electricalitem/ElectricalLampItem.kt:26:14 Unresolved reference: ResourceLocation
e: file:///Users/aiw.robson/Documents/Projects/ElectricalAge2/src/main/kotlin/mods/eln/item/electricalitem/ElectricalLampItem.kt:27:18 Unresolved reference: ResourceLocation
e: file:///Users/aiw.robson/Documents/Projects/ElectricalAge2/src/main/kotlin/mods/eln/item/electricalitem/ElectricalLampItem.kt:28:5 'setParent' overrides nothing
e: file:///Users/aiw.robson/Documents/Projects/ElectricalAge2/src/main/kotlin/mods/eln/item/electricalitem/ElectricalLampItem.kt:28:34 Unresolved reference: Item
e: file:///Users/aiw.robson/Documents/Projects/ElectricalAge2/src/main/kotlin/mods/eln/item/electricalitem/ElectricalLampItem.kt:29:15 Unresolved reference: setParent
e: file:///Users/aiw.robson/Documents/Projects/ElectricalAge2/src/main/kotlin/mods/eln/item/electricalitem/ElectricalLampItem.kt:30:14 Unresolved reference: addPortable
e: file:///Users/aiw.robson/Documents/Projects/ElectricalAge2/src/main/kotlin/mods/eln/item/electricalitem/ElectricalLampItem.kt:55:5 'getDefaultNBT' overrides nothing
e: file:///Users/aiw.robson/Documents/Projects/ElectricalAge2/src/main/kotlin/mods/eln/item/electricalitem/ElectricalLampItem.kt:57:13 Unresolved reference: setDouble
e: file:///Users/aiw.robson/Documents/Projects/ElectricalAge2/src/main/kotlin/mods/eln/item/electricalitem/ElectricalLampItem.kt:58:13 Unresolved reference: setBoolean
e: file:///Users/aiw.robson/Documents/Projects/ElectricalAge2/src/main/kotlin/mods/eln/item/electricalitem/ElectricalLampItem.kt:59:13 Unresolved reference: setInteger
e: file:///Users/aiw.robson/Documents/Projects/ElectricalAge2/src/main/kotlin/mods/eln/item/electricalitem/ElectricalLampItem.kt:64:16 Unresolved reference: getNbt
e: file:///Users/aiw.robson/Documents/Projects/ElectricalAge2/src/main/kotlin/mods/eln/item/electricalitem/ElectricalLampItem.kt:68:9 Unresolved reference: getNbt
e: file:///Users/aiw.robson/Documents/Projects/ElectricalAge2/src/main/kotlin/mods/eln/item/electricalitem/ElectricalLampItem.kt:75:5 'onItemRightClick' overrides nothing
e: file:///Users/aiw.robson/Documents/Projects/ElectricalAge2/src/main/kotlin/mods/eln/item/electricalitem/ElectricalLampItem.kt:75:52 Unresolved reference: World
e: file:///Users/aiw.robson/Documents/Projects/ElectricalAge2/src/main/kotlin/mods/eln/item/electricalitem/ElectricalLampItem.kt:80:48 Unresolved reference: ServerPlayer
e: file:///Users/aiw.robson/Documents/Projects/ElectricalAge2/src/main/kotlin/mods/eln/item/electricalitem/ElectricalLampItem.kt:81:48 Unresolved reference: ServerPlayer
e: file:///Users/aiw.robson/Documents/Projects/ElectricalAge2/src/main/kotlin/mods/eln/item/electricalitem/ElectricalLampItem.kt:82:48 Unresolved reference: ServerPlayer
e: file:///Users/aiw.robson/Documents/Projects/ElectricalAge2/src/main/kotlin/mods/eln/item/electricalitem/ElectricalLampItem.kt:93:18 Type mismatch: inferred type is String but Component was expected
e: file:///Users/aiw.robson/Documents/Projects/ElectricalAge2/src/main/kotlin/mods/eln/item/electricalitem/ElectricalLampItem.kt:95:22 Type mismatch: inferred type is String but Component was expected
e: file:///Users/aiw.robson/Documents/Projects/ElectricalAge2/src/main/kotlin/mods/eln/item/electricalitem/ElectricalLampItem.kt:97:22 Type mismatch: inferred type is String but Component was expected
e: file:///Users/aiw.robson/Documents/Projects/ElectricalAge2/src/main/kotlin/mods/eln/item/electricalitem/ElectricalLampItem.kt:114:5 'getEnergy' overrides nothing
e: file:///Users/aiw.robson/Documents/Projects/ElectricalAge2/src/main/kotlin/mods/eln/item/electricalitem/ElectricalLampItem.kt:115:16 Unresolved reference: getNbt
e: file:///Users/aiw.robson/Documents/Projects/ElectricalAge2/src/main/kotlin/mods/eln/item/electricalitem/ElectricalLampItem.kt:118:5 'setEnergy' overrides nothing
e: file:///Users/aiw.robson/Documents/Projects/ElectricalAge2/src/main/kotlin/mods/eln/item/electricalitem/ElectricalLampItem.kt:119:9 Unresolved reference: getNbt
e: file:///Users/aiw.robson/Documents/Projects/ElectricalAge2/src/main/kotlin/mods/eln/item/electricalitem/ElectricalLampItem.kt:122:5 'getEnergyMax' overrides nothing
e: file:///Users/aiw.robson/Documents/Projects/ElectricalAge2/src/main/kotlin/mods/eln/item/electricalitem/ElectricalLampItem.kt:126:5 'getChargePower' overrides nothing
e: file:///Users/aiw.robson/Documents/Projects/ElectricalAge2/src/main/kotlin/mods/eln/item/electricalitem/ElectricalLampItem.kt:130:5 'getDischagePower' overrides nothing
e: file:///Users/aiw.robson/Documents/Projects/ElectricalAge2/src/main/kotlin/mods/eln/item/electricalitem/ElectricalLampItem.kt:134:5 'getPriority' overrides nothing
e: file:///Users/aiw.robson/Documents/Projects/ElectricalAge2/src/main/kotlin/mods/eln/item/electricalitem/ElectricalLampItem.kt:138:5 'shouldUseRenderHelper' overrides nothing
e: file:///Users/aiw.robson/Documents/Projects/ElectricalAge2/src/main/kotlin/mods/eln/item/electricalitem/ElectricalLampItem.kt:138:46 Unresolved reference: ItemRenderType
e: file:///Users/aiw.robson/Documents/Projects/ElectricalAge2/src/main/kotlin/mods/eln/item/electricalitem/ElectricalLampItem.kt:138:89 Unresolved reference: ItemRendererHelper
e: file:///Users/aiw.robson/Documents/Projects/ElectricalAge2/src/main/kotlin/mods/eln/item/electricalitem/ElectricalLampItem.kt:139:28 Unresolved reference: ItemRenderType
e: file:///Users/aiw.robson/Documents/Projects/ElectricalAge2/src/main/kotlin/mods/eln/item/electricalitem/ElectricalLampItem.kt:142:5 'handleRenderType' overrides nothing
e: file:///Users/aiw.robson/Documents/Projects/ElectricalAge2/src/main/kotlin/mods/eln/item/electricalitem/ElectricalLampItem.kt:142:59 Unresolved reference: ItemRenderType
e: file:///Users/aiw.robson/Documents/Projects/ElectricalAge2/src/main/kotlin/mods/eln/item/electricalitem/ElectricalLampItem.kt:146:5 'renderItem' overrides nothing
e: file:///Users/aiw.robson/Documents/Projects/ElectricalAge2/src/main/kotlin/mods/eln/item/electricalitem/ElectricalLampItem.kt:146:35 Unresolved reference: ItemRenderType
e: file:///Users/aiw.robson/Documents/Projects/ElectricalAge2/src/main/kotlin/mods/eln/item/electricalitem/ElectricalLampItem.kt:155:21 Unresolved reference: ItemRenderType
e: file:///Users/aiw.robson/Documents/Projects/ElectricalAge2/src/main/kotlin/mods/eln/item/electricalitem/ElectricalLampItem.kt:160:5 'electricalItemUpdate' overrides nothing
e: file:///Users/aiw.robson/Documents/Projects/ElectricalAge2/src/main/kotlin/mods/eln/item/electricalitem/ElectricalLampItem.kt:183:19 Unresolved reference: ResourceLocation
e: file:///Users/aiw.robson/Documents/Projects/ElectricalAge2/src/main/kotlin/mods/eln/item/electricalitem/ElectricalLampItem.kt:184:14 Unresolved reference: ResourceLocation
e: file:///Users/aiw.robson/Documents/Projects/ElectricalAge2/src/main/kotlin/mods/eln/item/electricalitem/ElectricalLampItem.kt:185:15 Unresolved reference: ResourceLocation
e: file:///Users/aiw.robson/Documents/Projects/ElectricalAge2/src/main/kotlin/mods/eln/item/electricalitem/ElectricalPickaxe.kt:8:22 Unresolved reference: block
e: file:///Users/aiw.robson/Documents/Projects/ElectricalAge2/src/main/kotlin/mods/eln/item/electricalitem/ElectricalPickaxe.kt:11:22 Unresolved reference: item
e: file:///Users/aiw.robson/Documents/Projects/ElectricalAge2/src/main/kotlin/mods/eln/item/electricalitem/ElectricalPickaxe.kt:20:18 Type mismatch: inferred type is String but Component was expected
e: file:///Users/aiw.robson/Documents/Projects/ElectricalAge2/src/main/kotlin/mods/eln/item/electricalitem/ElectricalPickaxe.kt:23:5 'setParent' overrides nothing
e: file:///Users/aiw.robson/Documents/Projects/ElectricalAge2/src/main/kotlin/mods/eln/item/electricalitem/ElectricalPickaxe.kt:23:34 Unresolved reference: Item
e: file:///Users/aiw.robson/Documents/Projects/ElectricalAge2/src/main/kotlin/mods/eln/item/electricalitem/ElectricalPickaxe.kt:24:15 Unresolved reference: setParent
e: file:///Users/aiw.robson/Documents/Projects/ElectricalAge2/src/main/kotlin/mods/eln/item/electricalitem/ElectricalPickaxe.kt:25:14 Unresolved reference: addPortable
e: file:///Users/aiw.robson/Documents/Projects/ElectricalAge2/src/main/kotlin/mods/eln/item/electricalitem/ElectricalPickaxe.kt:28:5 'getStrVsBlock' overrides nothing
e: file:///Users/aiw.robson/Documents/Projects/ElectricalAge2/src/main/kotlin/mods/eln/item/electricalitem/ElectricalPickaxe.kt:30:37 Unresolved reference: material
e: file:///Users/aiw.robson/Documents/Projects/ElectricalAge2/src/main/kotlin/mods/eln/item/electricalitem/ElectricalPickaxe.kt:30:50 Unresolved reference: Material
e: file:///Users/aiw.robson/Documents/Projects/ElectricalAge2/src/main/kotlin/mods/eln/item/electricalitem/ElectricalPickaxe.kt:30:73 Unresolved reference: material
e: file:///Users/aiw.robson/Documents/Projects/ElectricalAge2/src/main/kotlin/mods/eln/item/electricalitem/ElectricalPickaxe.kt:30:86 Unresolved reference: Material
e: file:///Users/aiw.robson/Documents/Projects/ElectricalAge2/src/main/kotlin/mods/eln/item/electricalitem/ElectricalPickaxe.kt:30:110 Unresolved reference: material
e: file:///Users/aiw.robson/Documents/Projects/ElectricalAge2/src/main/kotlin/mods/eln/item/electricalitem/ElectricalPickaxe.kt:30:123 Unresolved reference: Material
e: file:///Users/aiw.robson/Documents/Projects/ElectricalAge2/src/main/kotlin/mods/eln/item/electricalitem/ElectricalPickaxe.kt:30:147 Unresolved reference: material
e: file:///Users/aiw.robson/Documents/Projects/ElectricalAge2/src/main/kotlin/mods/eln/item/electricalitem/ElectricalPickaxe.kt:30:160 Unresolved reference: Material
e: file:///Users/aiw.robson/Documents/Projects/ElectricalAge2/src/main/kotlin/mods/eln/item/electricalitem/ElectricalPickaxe.kt:31:27 Unresolved reference: getStrVsBlock
e: file:///Users/aiw.robson/Documents/Projects/ElectricalAge2/src/main/kotlin/mods/eln/item/electricalitem/ElectricalPickaxe.kt:33:42 Expression expected, but a package name found
e: file:///Users/aiw.robson/Documents/Projects/ElectricalAge2/src/main/kotlin/mods/eln/item/electricalitem/ElectricalPickaxe.kt:39:5 'onItemRightClick' overrides nothing
e: file:///Users/aiw.robson/Documents/Projects/ElectricalAge2/src/main/kotlin/mods/eln/item/electricalitem/ElectricalPickaxe.kt:39:52 Unresolved reference: World
e: file:///Users/aiw.robson/Documents/Projects/ElectricalAge2/src/main/kotlin/mods/eln/item/electricalitem/ElectricalPickaxe.kt:47:9 Unresolved reference: getNbt
e: file:///Users/aiw.robson/Documents/Projects/ElectricalAge2/src/main/kotlin/mods/eln/item/electricalitem/ElectricalPickaxe.kt:50:9 Unresolved reference: getNbt
e: file:///Users/aiw.robson/Documents/Projects/ElectricalAge2/src/main/kotlin/mods/eln/item/electricalitem/ElectricalPickaxe.kt:56:56 Unresolved reference: World
e: file:///Users/aiw.robson/Documents/Projects/ElectricalAge2/src/main/kotlin/mods/eln/item/electricalitem/ElectricalTool.kt:6:22 Unresolved reference: electricalinterface
e: file:///Users/aiw.robson/Documents/Projects/ElectricalAge2/src/main/kotlin/mods/eln/item/electricalitem/ElectricalTool.kt:15:27 Unresolved reference: ResourceLocation
e: file:///Users/aiw.robson/Documents/Projects/ElectricalAge2/src/main/kotlin/mods/eln/item/electricalitem/ElectricalTool.kt:17:34 Unresolved reference: IItemRenderer
e: file:///Users/aiw.robson/Documents/Projects/ElectricalAge2/src/main/kotlin/mods/eln/item/electricalitem/ElectricalTool.kt:18:34 Unresolved reference: IItemRenderer
e: file:///Users/aiw.robson/Documents/Projects/ElectricalAge2/src/main/kotlin/mods/eln/item/electricalitem/ElectricalTool.kt:21:149 Unresolved reference: IItemEnergyBattery
e: file:///Users/aiw.robson/Documents/Projects/ElectricalAge2/src/main/kotlin/mods/eln/item/electricalitem/ElectricalTool.kt:24:16 Unresolved reference: ResourceLocation
e: file:///Users/aiw.robson/Documents/Projects/ElectricalAge2/src/main/kotlin/mods/eln/item/electricalitem/ElectricalTool.kt:25:5 'onEntitySwing' overrides nothing
e: file:///Users/aiw.robson/Documents/Projects/ElectricalAge2/src/main/kotlin/mods/eln/item/electricalitem/ElectricalTool.kt:26:28 Cannot access 'level': it is invisible (private in a supertype) in 'LivingEntity'
e: file:///Users/aiw.robson/Documents/Projects/ElectricalAge2/src/main/kotlin/mods/eln/item/electricalitem/ElectricalTool.kt:26:34 Unresolved reference: isRemote
e: file:///Users/aiw.robson/Documents/Projects/ElectricalAge2/src/main/kotlin/mods/eln/item/electricalitem/ElectricalTool.kt:27:13 Unresolved reference: itemEnergyInventoryProcess
e: file:///Users/aiw.robson/Documents/Projects/ElectricalAge2/src/main/kotlin/mods/eln/item/electricalitem/ElectricalTool.kt:28:22 Unresolved reference: onEntitySwing
e: file:///Users/aiw.robson/Documents/Projects/ElectricalAge2/src/main/kotlin/mods/eln/item/electricalitem/ElectricalTool.kt:31:5 'onBlockDestroyed' overrides nothing
e: file:///Users/aiw.robson/Documents/Projects/ElectricalAge2/src/main/kotlin/mods/eln/item/electricalitem/ElectricalTool.kt:31:56 Unresolved reference: World
e: file:///Users/aiw.robson/Documents/Projects/ElectricalAge2/src/main/kotlin/mods/eln/item/electricalitem/ElectricalTool.kt:38:13 Unresolved reference: getStrVsBlock
e: file:///Users/aiw.robson/Documents/Projects/ElectricalAge2/src/main/kotlin/mods/eln/item/electricalitem/ElectricalTool.kt:49:5 'getDefaultNBT' overrides nothing
e: file:///Users/aiw.robson/Documents/Projects/ElectricalAge2/src/main/kotlin/mods/eln/item/electricalitem/ElectricalTool.kt:51:13 Unresolved reference: setDouble
e: file:///Users/aiw.robson/Documents/Projects/ElectricalAge2/src/main/kotlin/mods/eln/item/electricalitem/ElectricalTool.kt:52:13 Unresolved reference: setBoolean
e: file:///Users/aiw.robson/Documents/Projects/ElectricalAge2/src/main/kotlin/mods/eln/item/electricalitem/ElectricalTool.kt:53:13 Unresolved reference: setInteger
e: file:///Users/aiw.robson/Documents/Projects/ElectricalAge2/src/main/kotlin/mods/eln/item/electricalitem/ElectricalTool.kt:58:16 Unresolved reference: getNbt
e: file:///Users/aiw.robson/Documents/Projects/ElectricalAge2/src/main/kotlin/mods/eln/item/electricalitem/ElectricalTool.kt:62:9 Unresolved reference: getNbt
e: file:///Users/aiw.robson/Documents/Projects/ElectricalAge2/src/main/kotlin/mods/eln/item/electricalitem/ElectricalTool.kt:67:41 Type mismatch: inferred type is String but Component was expected
e: file:///Users/aiw.robson/Documents/Projects/ElectricalAge2/src/main/kotlin/mods/eln/item/electricalitem/ElectricalTool.kt:71:5 'getEnergy' overrides nothing
e: file:///Users/aiw.robson/Documents/Projects/ElectricalAge2/src/main/kotlin/mods/eln/item/electricalitem/ElectricalTool.kt:72:16 Unresolved reference: getNbt
e: file:///Users/aiw.robson/Documents/Projects/ElectricalAge2/src/main/kotlin/mods/eln/item/electricalitem/ElectricalTool.kt:75:5 'setEnergy' overrides nothing
e: file:///Users/aiw.robson/Documents/Projects/ElectricalAge2/src/main/kotlin/mods/eln/item/electricalitem/ElectricalTool.kt:76:9 Unresolved reference: getNbt
e: file:///Users/aiw.robson/Documents/Projects/ElectricalAge2/src/main/kotlin/mods/eln/item/electricalitem/ElectricalTool.kt:79:5 'getEnergyMax' overrides nothing
e: file:///Users/aiw.robson/Documents/Projects/ElectricalAge2/src/main/kotlin/mods/eln/item/electricalitem/ElectricalTool.kt:83:5 'getChargePower' overrides nothing
e: file:///Users/aiw.robson/Documents/Projects/ElectricalAge2/src/main/kotlin/mods/eln/item/electricalitem/ElectricalTool.kt:87:5 'getDischagePower' overrides nothing
e: file:///Users/aiw.robson/Documents/Projects/ElectricalAge2/src/main/kotlin/mods/eln/item/electricalitem/ElectricalTool.kt:91:5 'getPriority' overrides nothing
e: file:///Users/aiw.robson/Documents/Projects/ElectricalAge2/src/main/kotlin/mods/eln/item/electricalitem/ElectricalTool.kt:95:5 'shouldUseRenderHelper' overrides nothing
e: file:///Users/aiw.robson/Documents/Projects/ElectricalAge2/src/main/kotlin/mods/eln/item/electricalitem/ElectricalTool.kt:95:46 Unresolved reference: ItemRenderType
e: file:///Users/aiw.robson/Documents/Projects/ElectricalAge2/src/main/kotlin/mods/eln/item/electricalitem/ElectricalTool.kt:95:89 Unresolved reference: ItemRendererHelper
e: file:///Users/aiw.robson/Documents/Projects/ElectricalAge2/src/main/kotlin/mods/eln/item/electricalitem/ElectricalTool.kt:96:28 Unresolved reference: ItemRenderType
e: file:///Users/aiw.robson/Documents/Projects/ElectricalAge2/src/main/kotlin/mods/eln/item/electricalitem/ElectricalTool.kt:99:5 'handleRenderType' overrides nothing
e: file:///Users/aiw.robson/Documents/Projects/ElectricalAge2/src/main/kotlin/mods/eln/item/electricalitem/ElectricalTool.kt:99:59 Unresolved reference: ItemRenderType
e: file:///Users/aiw.robson/Documents/Projects/ElectricalAge2/src/main/kotlin/mods/eln/item/electricalitem/ElectricalTool.kt:103:5 'renderItem' overrides nothing
e: file:///Users/aiw.robson/Documents/Projects/ElectricalAge2/src/main/kotlin/mods/eln/item/electricalitem/ElectricalTool.kt:103:35 Unresolved reference: ItemRenderType
e: file:///Users/aiw.robson/Documents/Projects/ElectricalAge2/src/main/kotlin/mods/eln/item/electricalitem/ElectricalTool.kt:104:15 Unresolved reference: renderItem
e: file:///Users/aiw.robson/Documents/Projects/ElectricalAge2/src/main/kotlin/mods/eln/item/electricalitem/ElectricalTool.kt:105:21 Unresolved reference: ItemRenderType
e: file:///Users/aiw.robson/Documents/Projects/ElectricalAge2/src/main/kotlin/mods/eln/item/electricalitem/ElectricalTool.kt:110:5 'electricalItemUpdate' overrides nothing
e: file:///Users/aiw.robson/Documents/Projects/ElectricalAge2/src/main/kotlin/mods/eln/item/electricalitem/ElectricalTool.kt:113:53 Unresolved reference: grass
e: file:///Users/aiw.robson/Documents/Projects/ElectricalAge2/src/main/kotlin/mods/eln/item/electricalitem/ElectricalTool.kt:113:67 Unresolved reference: dirt
e: file:///Users/aiw.robson/Documents/Projects/ElectricalAge2/src/main/kotlin/mods/eln/item/electricalitem/ElectricalTool.kt:113:80 Unresolved reference: sand
e: file:///Users/aiw.robson/Documents/Projects/ElectricalAge2/src/main/kotlin/mods/eln/item/electricalitem/ElectricalTool.kt:113:93 Unresolved reference: gravel
e: file:///Users/aiw.robson/Documents/Projects/ElectricalAge2/src/main/kotlin/mods/eln/item/electricalitem/ElectricalTool.kt:113:108 Unresolved reference: snow
e: file:///Users/aiw.robson/Documents/Projects/ElectricalAge2/src/main/kotlin/mods/eln/item/electricalitem/ElectricalTool.kt:113:121 Unresolved reference: snow
e: file:///Users/aiw.robson/Documents/Projects/ElectricalAge2/src/main/kotlin/mods/eln/item/electricalitem/ElectricalTool.kt:113:134 Unresolved reference: clay
e: file:///Users/aiw.robson/Documents/Projects/ElectricalAge2/src/main/kotlin/mods/eln/item/electricalitem/ElectricalTool.kt:113:147 Unresolved reference: farmland
e: file:///Users/aiw.robson/Documents/Projects/ElectricalAge2/src/main/kotlin/mods/eln/item/electricalitem/ElectricalTool.kt:113:164 Unresolved reference: soul_sand
e: file:///Users/aiw.robson/Documents/Projects/ElectricalAge2/src/main/kotlin/mods/eln/item/electricalitem/ElectricalTool.kt:113:182 Unresolved reference: mycelium
e: file:///Users/aiw.robson/Documents/Projects/ElectricalAge2/src/main/kotlin/mods/eln/item/electricalitem/ElectricalTool.kt:117:17 Unresolved reference: ResourceLocation
e: file:///Users/aiw.robson/Documents/Projects/ElectricalAge2/src/main/kotlin/mods/eln/item/electricalitem/LampItem.kt:5:36 Unresolved reference: LightBlockEntity
e: file:///Users/aiw.robson/Documents/Projects/ElectricalAge2/src/main/kotlin/mods/eln/item/electricalitem/LampItem.kt:6:22 Unresolved reference: entity
e: file:///Users/aiw.robson/Documents/Projects/ElectricalAge2/src/main/kotlin/mods/eln/item/electricalitem/LampItem.kt:9:27 Unresolved reference: MathHelper
e: file:///Users/aiw.robson/Documents/Projects/ElectricalAge2/src/main/kotlin/mods/eln/item/electricalitem/LampItem.kt:16:5 'onUpdate' overrides nothing
e: file:///Users/aiw.robson/Documents/Projects/ElectricalAge2/src/main/kotlin/mods/eln/item/electricalitem/LampItem.kt:16:52 Unresolved reference: World
e: file:///Users/aiw.robson/Documents/Projects/ElectricalAge2/src/main/kotlin/mods/eln/item/electricalitem/LampItem.kt:16:67 Unresolved reference: Entity
e: file:///Users/aiw.robson/Documents/Projects/ElectricalAge2/src/main/kotlin/mods/eln/item/electricalitem/LampItem.kt:26:22 Function '<Error function>' should return Unit to be used by corresponding operator '*='
e: file:///Users/aiw.robson/Documents/Projects/ElectricalAge2/src/main/kotlin/mods/eln/item/electricalitem/LampItem.kt:27:22 Function '<Error function>' should return Unit to be used by corresponding operator '*='
e: file:///Users/aiw.robson/Documents/Projects/ElectricalAge2/src/main/kotlin/mods/eln/item/electricalitem/LampItem.kt:28:22 Function '<Error function>' should return Unit to be used by corresponding operator '*='
e: file:///Users/aiw.robson/Documents/Projects/ElectricalAge2/src/main/kotlin/mods/eln/item/electricalitem/LampItem.kt:32:19 Assignment operators ambiguity: 
public open fun `<Error function>`(): [Error type: Return type for function cannot be resolved] defined in root package
public open fun `<Error function>`(): [Error type: Return type for function cannot be resolved] defined in root package
e: file:///Users/aiw.robson/Documents/Projects/ElectricalAge2/src/main/kotlin/mods/eln/item/electricalitem/LampItem.kt:33:19 Assignment operators ambiguity: 
public open fun `<Error function>`(): [Error type: Return type for function cannot be resolved] defined in root package
public open fun `<Error function>`(): [Error type: Return type for function cannot be resolved] defined in root package
e: file:///Users/aiw.robson/Documents/Projects/ElectricalAge2/src/main/kotlin/mods/eln/item/electricalitem/LampItem.kt:34:19 Assignment operators ambiguity: 
public open fun `<Error function>`(): [Error type: Return type for function cannot be resolved] defined in root package
public open fun `<Error function>`(): [Error type: Return type for function cannot be resolved] defined in root package
e: file:///Users/aiw.robson/Documents/Projects/ElectricalAge2/src/main/kotlin/mods/eln/item/electricalitem/LampItem.kt:35:26 Unresolved reference: MathHelper
e: file:///Users/aiw.robson/Documents/Projects/ElectricalAge2/src/main/kotlin/mods/eln/item/electricalitem/LampItem.kt:36:26 Unresolved reference: MathHelper
e: file:///Users/aiw.robson/Documents/Projects/ElectricalAge2/src/main/kotlin/mods/eln/item/electricalitem/LampItem.kt:37:26 Unresolved reference: MathHelper
e: file:///Users/aiw.robson/Documents/Projects/ElectricalAge2/src/main/kotlin/mods/eln/item/electricalitem/LampItem.kt:40:23 Assignment operators ambiguity: 
public open fun `<Error function>`(): [Error type: Return type for function cannot be resolved] defined in root package
public open fun `<Error function>`(): [Error type: Return type for function cannot be resolved] defined in root package
e: file:///Users/aiw.robson/Documents/Projects/ElectricalAge2/src/main/kotlin/mods/eln/item/electricalitem/LampItem.kt:41:23 Assignment operators ambiguity: 
public open fun `<Error function>`(): [Error type: Return type for function cannot be resolved] defined in root package
public open fun `<Error function>`(): [Error type: Return type for function cannot be resolved] defined in root package
e: file:///Users/aiw.robson/Documents/Projects/ElectricalAge2/src/main/kotlin/mods/eln/item/electricalitem/LampItem.kt:42:23 Assignment operators ambiguity: 
public open fun `<Error function>`(): [Error type: Return type for function cannot be resolved] defined in root package
public open fun `<Error function>`(): [Error type: Return type for function cannot be resolved] defined in root package
e: file:///Users/aiw.robson/Documents/Projects/ElectricalAge2/src/main/kotlin/mods/eln/item/electricalitem/LampItem.kt:49:26 Unresolved reference: MathHelper
e: file:///Users/aiw.robson/Documents/Projects/ElectricalAge2/src/main/kotlin/mods/eln/item/electricalitem/LampItem.kt:50:26 Unresolved reference: MathHelper
e: file:///Users/aiw.robson/Documents/Projects/ElectricalAge2/src/main/kotlin/mods/eln/item/electricalitem/LampItem.kt:51:26 Unresolved reference: MathHelper
e: file:///Users/aiw.robson/Documents/Projects/ElectricalAge2/src/main/kotlin/mods/eln/item/electricalitem/LampItem.kt:54:21 Unresolved reference: LightBlockEntity
e: file:///Users/aiw.robson/Documents/Projects/ElectricalAge2/src/main/kotlin/mods/eln/item/electricalitem/LampItem.kt:57:19 Assignment operators ambiguity: 
public open fun `<Error function>`(): [Error type: Return type for function cannot be resolved] defined in root package
public open fun `<Error function>`(): [Error type: Return type for function cannot be resolved] defined in root package
e: file:///Users/aiw.robson/Documents/Projects/ElectricalAge2/src/main/kotlin/mods/eln/item/electricalitem/LampItem.kt:58:19 Assignment operators ambiguity: 
public open fun `<Error function>`(): [Error type: Return type for function cannot be resolved] defined in root package
public open fun `<Error function>`(): [Error type: Return type for function cannot be resolved] defined in root package
e: file:///Users/aiw.robson/Documents/Projects/ElectricalAge2/src/main/kotlin/mods/eln/item/electricalitem/LampItem.kt:59:19 Assignment operators ambiguity: 
public open fun `<Error function>`(): [Error type: Return type for function cannot be resolved] defined in root package
public open fun `<Error function>`(): [Error type: Return type for function cannot be resolved] defined in root package
e: file:///Users/aiw.robson/Documents/Projects/ElectricalAge2/src/main/kotlin/mods/eln/item/electricalitem/PortableOreScannerItem.kt:6:22 Unresolved reference: electricalinterface
e: file:///Users/aiw.robson/Documents/Projects/ElectricalAge2/src/main/kotlin/mods/eln/item/electricalitem/PortableOreScannerItem.kt:13:22 Unresolved reference: entity
e: file:///Users/aiw.robson/Documents/Projects/ElectricalAge2/src/main/kotlin/mods/eln/item/electricalitem/PortableOreScannerItem.kt:15:42 Unresolved reference: ServerPlayer
e: file:///Users/aiw.robson/Documents/Projects/ElectricalAge2/src/main/kotlin/mods/eln/item/electricalitem/PortableOreScannerItem.kt:17:22 Unresolved reference: item
e: file:///Users/aiw.robson/Documents/Projects/ElectricalAge2/src/main/kotlin/mods/eln/item/electricalitem/PortableOreScannerItem.kt:20:27 Unresolved reference: MathHelper
e: file:///Users/aiw.robson/Documents/Projects/ElectricalAge2/src/main/kotlin/mods/eln/item/electricalitem/PortableOreScannerItem.kt:22:34 Unresolved reference: IItemRenderer
e: file:///Users/aiw.robson/Documents/Projects/ElectricalAge2/src/main/kotlin/mods/eln/item/electricalitem/PortableOreScannerItem.kt:23:34 Unresolved reference: IItemRenderer
e: file:///Users/aiw.robson/Documents/Projects/ElectricalAge2/src/main/kotlin/mods/eln/item/electricalitem/PortableOreScannerItem.kt:29:158 Unresolved reference: IItemEnergyBattery
e: file:///Users/aiw.robson/Documents/Projects/ElectricalAge2/src/main/kotlin/mods/eln/item/electricalitem/PortableOreScannerItem.kt:42:5 'onUpdate' overrides nothing
e: file:///Users/aiw.robson/Documents/Projects/ElectricalAge2/src/main/kotlin/mods/eln/item/electricalitem/PortableOreScannerItem.kt:42:52 Unresolved reference: World
e: file:///Users/aiw.robson/Documents/Projects/ElectricalAge2/src/main/kotlin/mods/eln/item/electricalitem/PortableOreScannerItem.kt:42:67 Unresolved reference: Entity
e: file:///Users/aiw.robson/Documents/Projects/ElectricalAge2/src/main/kotlin/mods/eln/item/electricalitem/PortableOreScannerItem.kt:44:24 Unresolved reference: ServerPlayer
e: file:///Users/aiw.robson/Documents/Projects/ElectricalAge2/src/main/kotlin/mods/eln/item/electricalitem/PortableOreScannerItem.kt:69:5 'onItemRightClick' overrides nothing
e: file:///Users/aiw.robson/Documents/Projects/ElectricalAge2/src/main/kotlin/mods/eln/item/electricalitem/PortableOreScannerItem.kt:69:52 Unresolved reference: World
e: file:///Users/aiw.robson/Documents/Projects/ElectricalAge2/src/main/kotlin/mods/eln/item/electricalitem/PortableOreScannerItem.kt:88:5 'setParent' overrides nothing
e: file:///Users/aiw.robson/Documents/Projects/ElectricalAge2/src/main/kotlin/mods/eln/item/electricalitem/PortableOreScannerItem.kt:88:34 Unresolved reference: Item
e: file:///Users/aiw.robson/Documents/Projects/ElectricalAge2/src/main/kotlin/mods/eln/item/electricalitem/PortableOreScannerItem.kt:89:15 Unresolved reference: setParent
e: file:///Users/aiw.robson/Documents/Projects/ElectricalAge2/src/main/kotlin/mods/eln/item/electricalitem/PortableOreScannerItem.kt:90:14 Unresolved reference: addPortable
e: file:///Users/aiw.robson/Documents/Projects/ElectricalAge2/src/main/kotlin/mods/eln/item/electricalitem/PortableOreScannerItem.kt:93:5 'getDefaultNBT' overrides nothing
e: file:///Users/aiw.robson/Documents/Projects/ElectricalAge2/src/main/kotlin/mods/eln/item/electricalitem/PortableOreScannerItem.kt:95:13 Unresolved reference: setDouble
e: file:///Users/aiw.robson/Documents/Projects/ElectricalAge2/src/main/kotlin/mods/eln/item/electricalitem/PortableOreScannerItem.kt:96:13 Unresolved reference: setByte
e: file:///Users/aiw.robson/Documents/Projects/ElectricalAge2/src/main/kotlin/mods/eln/item/electricalitem/PortableOreScannerItem.kt:97:13 Unresolved reference: setShort
e: file:///Users/aiw.robson/Documents/Projects/ElectricalAge2/src/main/kotlin/mods/eln/item/electricalitem/PortableOreScannerItem.kt:98:13 Unresolved reference: setByte
e: file:///Users/aiw.robson/Documents/Projects/ElectricalAge2/src/main/kotlin/mods/eln/item/electricalitem/PortableOreScannerItem.kt:104:18 Type mismatch: inferred type is String but Component was expected
e: file:///Users/aiw.robson/Documents/Projects/ElectricalAge2/src/main/kotlin/mods/eln/item/electricalitem/PortableOreScannerItem.kt:106:22 Type mismatch: inferred type is String but Component was expected
e: file:///Users/aiw.robson/Documents/Projects/ElectricalAge2/src/main/kotlin/mods/eln/item/electricalitem/PortableOreScannerItem.kt:111:5 'getEnergy' overrides nothing
e: file:///Users/aiw.robson/Documents/Projects/ElectricalAge2/src/main/kotlin/mods/eln/item/electricalitem/PortableOreScannerItem.kt:112:16 Unresolved reference: getNbt
e: file:///Users/aiw.robson/Documents/Projects/ElectricalAge2/src/main/kotlin/mods/eln/item/electricalitem/PortableOreScannerItem.kt:115:5 'setEnergy' overrides nothing
e: file:///Users/aiw.robson/Documents/Projects/ElectricalAge2/src/main/kotlin/mods/eln/item/electricalitem/PortableOreScannerItem.kt:116:9 Unresolved reference: getNbt
e: file:///Users/aiw.robson/Documents/Projects/ElectricalAge2/src/main/kotlin/mods/eln/item/electricalitem/PortableOreScannerItem.kt:120:27 Unresolved reference: getNbt
e: file:///Users/aiw.robson/Documents/Projects/ElectricalAge2/src/main/kotlin/mods/eln/item/electricalitem/PortableOreScannerItem.kt:124:9 Unresolved reference: getNbt
e: file:///Users/aiw.robson/Documents/Projects/ElectricalAge2/src/main/kotlin/mods/eln/item/electricalitem/PortableOreScannerItem.kt:128:16 Unresolved reference: getNbt
e: file:///Users/aiw.robson/Documents/Projects/ElectricalAge2/src/main/kotlin/mods/eln/item/electricalitem/PortableOreScannerItem.kt:132:9 Unresolved reference: getNbt
e: file:///Users/aiw.robson/Documents/Projects/ElectricalAge2/src/main/kotlin/mods/eln/item/electricalitem/PortableOreScannerItem.kt:136:16 Unresolved reference: getNbt
e: file:///Users/aiw.robson/Documents/Projects/ElectricalAge2/src/main/kotlin/mods/eln/item/electricalitem/PortableOreScannerItem.kt:140:9 Unresolved reference: getNbt
e: file:///Users/aiw.robson/Documents/Projects/ElectricalAge2/src/main/kotlin/mods/eln/item/electricalitem/PortableOreScannerItem.kt:143:5 'onDroppedByPlayer' overrides nothing
e: file:///Users/aiw.robson/Documents/Projects/ElectricalAge2/src/main/kotlin/mods/eln/item/electricalitem/PortableOreScannerItem.kt:145:22 Unresolved reference: onDroppedByPlayer
e: file:///Users/aiw.robson/Documents/Projects/ElectricalAge2/src/main/kotlin/mods/eln/item/electricalitem/PortableOreScannerItem.kt:148:5 'getEnergyMax' overrides nothing
e: file:///Users/aiw.robson/Documents/Projects/ElectricalAge2/src/main/kotlin/mods/eln/item/electricalitem/PortableOreScannerItem.kt:152:5 'getChargePower' overrides nothing
e: file:///Users/aiw.robson/Documents/Projects/ElectricalAge2/src/main/kotlin/mods/eln/item/electricalitem/PortableOreScannerItem.kt:156:5 'getDischagePower' overrides nothing
e: file:///Users/aiw.robson/Documents/Projects/ElectricalAge2/src/main/kotlin/mods/eln/item/electricalitem/PortableOreScannerItem.kt:160:5 'getPriority' overrides nothing
e: file:///Users/aiw.robson/Documents/Projects/ElectricalAge2/src/main/kotlin/mods/eln/item/electricalitem/PortableOreScannerItem.kt:164:5 'handleRenderType' overrides nothing
e: file:///Users/aiw.robson/Documents/Projects/ElectricalAge2/src/main/kotlin/mods/eln/item/electricalitem/PortableOreScannerItem.kt:164:59 Unresolved reference: ItemRenderType
e: file:///Users/aiw.robson/Documents/Projects/ElectricalAge2/src/main/kotlin/mods/eln/item/electricalitem/PortableOreScannerItem.kt:168:5 'shouldUseRenderHelper' overrides nothing
e: file:///Users/aiw.robson/Documents/Projects/ElectricalAge2/src/main/kotlin/mods/eln/item/electricalitem/PortableOreScannerItem.kt:168:46 Unresolved reference: ItemRenderType
e: file:///Users/aiw.robson/Documents/Projects/ElectricalAge2/src/main/kotlin/mods/eln/item/electricalitem/PortableOreScannerItem.kt:168:89 Unresolved reference: ItemRendererHelper
e: file:///Users/aiw.robson/Documents/Projects/ElectricalAge2/src/main/kotlin/mods/eln/item/electricalitem/PortableOreScannerItem.kt:169:24 Unresolved reference: ItemRenderType
e: file:///Users/aiw.robson/Documents/Projects/ElectricalAge2/src/main/kotlin/mods/eln/item/electricalitem/PortableOreScannerItem.kt:172:5 'onBlockStartBreak' overrides nothing
e: file:///Users/aiw.robson/Documents/Projects/ElectricalAge2/src/main/kotlin/mods/eln/item/electricalitem/PortableOreScannerItem.kt:173:23 Cannot access 'level': it is invisible (private in a supertype) in 'Player'
e: file:///Users/aiw.robson/Documents/Projects/ElectricalAge2/src/main/kotlin/mods/eln/item/electricalitem/PortableOreScannerItem.kt:173:29 Unresolved reference: isRemote
e: file:///Users/aiw.robson/Documents/Projects/ElectricalAge2/src/main/kotlin/mods/eln/item/electricalitem/PortableOreScannerItem.kt:177:22 Unresolved reference: onBlockStartBreak
e: file:///Users/aiw.robson/Documents/Projects/ElectricalAge2/src/main/kotlin/mods/eln/item/electricalitem/PortableOreScannerItem.kt:180:5 'renderItem' overrides nothing
e: file:///Users/aiw.robson/Documents/Projects/ElectricalAge2/src/main/kotlin/mods/eln/item/electricalitem/PortableOreScannerItem.kt:180:35 Unresolved reference: ItemRenderType
e: file:///Users/aiw.robson/Documents/Projects/ElectricalAge2/src/main/kotlin/mods/eln/item/electricalitem/PortableOreScannerItem.kt:181:21 Unresolved reference: ItemRenderType
e: file:///Users/aiw.robson/Documents/Projects/ElectricalAge2/src/main/kotlin/mods/eln/item/electricalitem/PortableOreScannerItem.kt:182:19 Unresolved reference: renderItem
e: file:///Users/aiw.robson/Documents/Projects/ElectricalAge2/src/main/kotlin/mods/eln/item/electricalitem/PortableOreScannerItem.kt:189:16 Unresolved reference: Entity
e: file:///Users/aiw.robson/Documents/Projects/ElectricalAge2/src/main/kotlin/mods/eln/item/electricalitem/PortableOreScannerItem.kt:191:13 Unresolved reference: ItemRenderType
e: file:///Users/aiw.robson/Documents/Projects/ElectricalAge2/src/main/kotlin/mods/eln/item/electricalitem/PortableOreScannerItem.kt:196:13 Unresolved reference: ItemRenderType
e: file:///Users/aiw.robson/Documents/Projects/ElectricalAge2/src/main/kotlin/mods/eln/item/electricalitem/PortableOreScannerItem.kt:197:32 Unresolved reference: Entity
e: file:///Users/aiw.robson/Documents/Projects/ElectricalAge2/src/main/kotlin/mods/eln/item/electricalitem/PortableOreScannerItem.kt:204:13 Unresolved reference: ItemRenderType
e: file:///Users/aiw.robson/Documents/Projects/ElectricalAge2/src/main/kotlin/mods/eln/item/electricalitem/PortableOreScannerItem.kt:205:32 Unresolved reference: Entity
e: file:///Users/aiw.robson/Documents/Projects/ElectricalAge2/src/main/kotlin/mods/eln/item/electricalitem/PortableOreScannerItem.kt:211:13 Unresolved reference: ItemRenderType
e: file:///Users/aiw.robson/Documents/Projects/ElectricalAge2/src/main/kotlin/mods/eln/item/electricalitem/PortableOreScannerItem.kt:215:13 Unresolved reference: ItemRenderType
e: file:///Users/aiw.robson/Documents/Projects/ElectricalAge2/src/main/kotlin/mods/eln/item/electricalitem/PortableOreScannerItem.kt:218:51 Overload resolution ambiguity: 
public final fun clientDistanceTo(e: [Error type: Unresolved type for Entity]?): Double defined in mods.eln.misc.UtilsClient
public final fun clientDistanceTo(t: TransparentNodeEntity?): Double defined in mods.eln.misc.UtilsClient
e: file:///Users/aiw.robson/Documents/Projects/ElectricalAge2/src/main/kotlin/mods/eln/item/electricalitem/PortableOreScannerItem.kt:223:31 Unresolved reference: clientLiveDataManager
e: file:///Users/aiw.robson/Documents/Projects/ElectricalAge2/src/main/kotlin/mods/eln/item/electricalitem/PortableOreScannerItem.kt:224:48 Unresolved reference: clientLiveDataManager
e: file:///Users/aiw.robson/Documents/Projects/ElectricalAge2/src/main/kotlin/mods/eln/item/electricalitem/PortableOreScannerItem.kt:226:54 Unresolved reference: getHeadPosY
e: file:///Users/aiw.robson/Documents/Projects/ElectricalAge2/src/main/kotlin/mods/eln/item/electricalitem/PortableOreScannerItem.kt:253:25 Overload resolution ambiguity: 
public final fun drawHalo(halo: Obj3D.Obj3DPart?, r: Float, g: Float, b: Float, e: [Error type: Unresolved type for Entity], bilinear: Boolean): Unit defined in mods.eln.misc.UtilsClient
public final fun drawHalo(halo: Obj3D.Obj3DPart?, r: Float, g: Float, b: Float, e: TileEntity, bilinear: Boolean): Unit defined in mods.eln.misc.UtilsClient
e: file:///Users/aiw.robson/Documents/Projects/ElectricalAge2/src/main/kotlin/mods/eln/item/electricalitem/PortableOreScannerItem.kt:291:29 None of the following functions can be called with the arguments supplied: 
public final fun drawHaloNoLightSetup(halo: Obj3D.Obj3DPart?, r: Float, g: Float, b: Float, e: [Error type: Unresolved type for Entity], bilinear: Boolean): Unit defined in mods.eln.misc.UtilsClient
public final fun drawHaloNoLightSetup(halo: Obj3D.Obj3DPart?, r: Float, g: Float, b: Float, e: TileEntity, bilinear: Boolean): Unit defined in mods.eln.misc.UtilsClient
e: file:///Users/aiw.robson/Documents/Projects/ElectricalAge2/src/main/kotlin/mods/eln/item/electricalitem/PortableOreScannerItem.kt:333:25 Unresolved reference: World
e: file:///Users/aiw.robson/Documents/Projects/ElectricalAge2/src/main/kotlin/mods/eln/item/electricalitem/PortableOreScannerItem.kt:355:35 Unresolved reference: MathHelper
e: file:///Users/aiw.robson/Documents/Projects/ElectricalAge2/src/main/kotlin/mods/eln/item/electricalitem/PortableOreScannerItem.kt:356:35 Unresolved reference: MathHelper
e: file:///Users/aiw.robson/Documents/Projects/ElectricalAge2/src/main/kotlin/mods/eln/item/electricalitem/PortableOreScannerItem.kt:358:33 Overload resolution ambiguity: 
public final operator fun times(other: Byte): Float defined in kotlin.Float
public final operator fun times(other: Double): Double defined in kotlin.Float
public final operator fun times(other: Float): Float defined in kotlin.Float
public final operator fun times(other: Int): Float defined in kotlin.Float
public final operator fun times(other: Long): Float defined in kotlin.Float
public final operator fun times(other: Short): Float defined in kotlin.Float
e: file:///Users/aiw.robson/Documents/Projects/ElectricalAge2/src/main/kotlin/mods/eln/item/electricalitem/PortableOreScannerItem.kt:358:44 Overload resolution ambiguity: 
public final operator fun times(other: Byte): Float defined in kotlin.Float
public final operator fun times(other: Double): Double defined in kotlin.Float
public final operator fun times(other: Float): Float defined in kotlin.Float
public final operator fun times(other: Int): Float defined in kotlin.Float
public final operator fun times(other: Long): Float defined in kotlin.Float
public final operator fun times(other: Short): Float defined in kotlin.Float
e: file:///Users/aiw.robson/Documents/Projects/ElectricalAge2/src/main/kotlin/mods/eln/item/electricalitem/PortableOreScannerItem.kt:359:33 Overload resolution ambiguity: 
public final operator fun times(other: Byte): Float defined in kotlin.Float
public final operator fun times(other: Double): Double defined in kotlin.Float
public final operator fun times(other: Float): Float defined in kotlin.Float
public final operator fun times(other: Int): Float defined in kotlin.Float
public final operator fun times(other: Long): Float defined in kotlin.Float
public final operator fun times(other: Short): Float defined in kotlin.Float
e: file:///Users/aiw.robson/Documents/Projects/ElectricalAge2/src/main/kotlin/mods/eln/item/electricalitem/PortableOreScannerItem.kt:359:46 Overload resolution ambiguity: 
public final operator fun times(other: Byte): Float defined in kotlin.Float
public final operator fun times(other: Double): Double defined in kotlin.Float
public final operator fun times(other: Float): Float defined in kotlin.Float
public final operator fun times(other: Int): Float defined in kotlin.Float
public final operator fun times(other: Long): Float defined in kotlin.Float
public final operator fun times(other: Short): Float defined in kotlin.Float
e: file:///Users/aiw.robson/Documents/Projects/ElectricalAge2/src/main/kotlin/mods/eln/item/electricalitem/PortableOreScannerItem.kt:362:35 Unresolved reference: MathHelper
e: file:///Users/aiw.robson/Documents/Projects/ElectricalAge2/src/main/kotlin/mods/eln/item/electricalitem/PortableOreScannerItem.kt:363:35 Unresolved reference: MathHelper
e: file:///Users/aiw.robson/Documents/Projects/ElectricalAge2/src/main/kotlin/mods/eln/item/electricalitem/PortableOreScannerItem.kt:365:33 Overload resolution ambiguity: 
public final operator fun times(other: Byte): Float defined in kotlin.Float
public final operator fun times(other: Double): Double defined in kotlin.Float
public final operator fun times(other: Float): Float defined in kotlin.Float
public final operator fun times(other: Int): Float defined in kotlin.Float
public final operator fun times(other: Long): Float defined in kotlin.Float
public final operator fun times(other: Short): Float defined in kotlin.Float
e: file:///Users/aiw.robson/Documents/Projects/ElectricalAge2/src/main/kotlin/mods/eln/item/electricalitem/PortableOreScannerItem.kt:365:44 Overload resolution ambiguity: 
public final operator fun times(other: Byte): Float defined in kotlin.Float
public final operator fun times(other: Double): Double defined in kotlin.Float
public final operator fun times(other: Float): Float defined in kotlin.Float
public final operator fun times(other: Int): Float defined in kotlin.Float
public final operator fun times(other: Long): Float defined in kotlin.Float
public final operator fun times(other: Short): Float defined in kotlin.Float
e: file:///Users/aiw.robson/Documents/Projects/ElectricalAge2/src/main/kotlin/mods/eln/item/electricalitem/PortableOreScannerItem.kt:366:33 Overload resolution ambiguity: 
public final operator fun times(other: Byte): Float defined in kotlin.Float
public final operator fun times(other: Double): Double defined in kotlin.Float
public final operator fun times(other: Float): Float defined in kotlin.Float
public final operator fun times(other: Int): Float defined in kotlin.Float
public final operator fun times(other: Long): Float defined in kotlin.Float
public final operator fun times(other: Short): Float defined in kotlin.Float
e: file:///Users/aiw.robson/Documents/Projects/ElectricalAge2/src/main/kotlin/mods/eln/item/electricalitem/PortableOreScannerItem.kt:366:46 Overload resolution ambiguity: 
public final operator fun times(other: Byte): Float defined in kotlin.Float
public final operator fun times(other: Double): Double defined in kotlin.Float
public final operator fun times(other: Float): Float defined in kotlin.Float
public final operator fun times(other: Int): Float defined in kotlin.Float
public final operator fun times(other: Long): Float defined in kotlin.Float
public final operator fun times(other: Short): Float defined in kotlin.Float
e: file:///Users/aiw.robson/Documents/Projects/ElectricalAge2/src/main/kotlin/mods/eln/item/electricalitem/PortableOreScannerItem.kt:383:38 Unresolved reference: MathHelper
e: file:///Users/aiw.robson/Documents/Projects/ElectricalAge2/src/main/kotlin/mods/eln/item/electricalitem/PortableOreScannerItem.kt:384:38 Unresolved reference: MathHelper
e: file:///Users/aiw.robson/Documents/Projects/ElectricalAge2/src/main/kotlin/mods/eln/item/electricalitem/PortableOreScannerItem.kt:385:38 Unresolved reference: MathHelper
e: file:///Users/aiw.robson/Documents/Projects/ElectricalAge2/src/main/kotlin/mods/eln/item/electricalitem/PortableOreScannerItem.kt:386:36 Overload resolution ambiguity: 
public final operator fun minus(other: Byte): Float defined in kotlin.Float
public final operator fun minus(other: Double): Double defined in kotlin.Float
public final operator fun minus(other: Float): Float defined in kotlin.Float
public final operator fun minus(other: Int): Float defined in kotlin.Float
public final operator fun minus(other: Long): Float defined in kotlin.Float
public final operator fun minus(other: Short): Float defined in kotlin.Float
e: file:///Users/aiw.robson/Documents/Projects/ElectricalAge2/src/main/kotlin/mods/eln/item/electricalitem/PortableOreScannerItem.kt:387:36 Overload resolution ambiguity: 
public final operator fun minus(other: Byte): Float defined in kotlin.Float
public final operator fun minus(other: Double): Double defined in kotlin.Float
public final operator fun minus(other: Float): Float defined in kotlin.Float
public final operator fun minus(other: Int): Float defined in kotlin.Float
public final operator fun minus(other: Long): Float defined in kotlin.Float
public final operator fun minus(other: Short): Float defined in kotlin.Float
e: file:///Users/aiw.robson/Documents/Projects/ElectricalAge2/src/main/kotlin/mods/eln/item/electricalitem/PortableOreScannerItem.kt:388:36 Overload resolution ambiguity: 
public final operator fun minus(other: Byte): Float defined in kotlin.Float
public final operator fun minus(other: Double): Double defined in kotlin.Float
public final operator fun minus(other: Float): Float defined in kotlin.Float
public final operator fun minus(other: Int): Float defined in kotlin.Float
public final operator fun minus(other: Long): Float defined in kotlin.Float
public final operator fun minus(other: Short): Float defined in kotlin.Float
e: file:///Users/aiw.robson/Documents/Projects/ElectricalAge2/src/main/kotlin/mods/eln/item/electricalitem/PortableOreScannerItem.kt:389:45 Overload resolution ambiguity: 
public final operator fun minus(other: Byte): Int defined in kotlin.Int
public final operator fun minus(other: Double): Double defined in kotlin.Int
public final operator fun minus(other: Float): Float defined in kotlin.Int
public final operator fun minus(other: Int): Int defined in kotlin.Int
public final operator fun minus(other: Long): Long defined in kotlin.Int
public final operator fun minus(other: Short): Int defined in kotlin.Int
e: file:///Users/aiw.robson/Documents/Projects/ElectricalAge2/src/main/kotlin/mods/eln/item/electricalitem/PortableOreScannerItem.kt:390:45 Overload resolution ambiguity: 
public final operator fun minus(other: Byte): Int defined in kotlin.Int
public final operator fun minus(other: Double): Double defined in kotlin.Int
public final operator fun minus(other: Float): Float defined in kotlin.Int
public final operator fun minus(other: Int): Int defined in kotlin.Int
public final operator fun minus(other: Long): Long defined in kotlin.Int
public final operator fun minus(other: Short): Int defined in kotlin.Int
e: file:///Users/aiw.robson/Documents/Projects/ElectricalAge2/src/main/kotlin/mods/eln/item/electricalitem/PortableOreScannerItem.kt:391:45 Overload resolution ambiguity: 
public final operator fun minus(other: Byte): Int defined in kotlin.Int
public final operator fun minus(other: Double): Double defined in kotlin.Int
public final operator fun minus(other: Float): Float defined in kotlin.Int
public final operator fun minus(other: Int): Int defined in kotlin.Int
public final operator fun minus(other: Long): Long defined in kotlin.Int
public final operator fun minus(other: Short): Int defined in kotlin.Int
e: file:///Users/aiw.robson/Documents/Projects/ElectricalAge2/src/main/kotlin/mods/eln/item/electricalitem/PortableOreScannerItem.kt:392:51 Overload resolution ambiguity: 
public open fun min(p0: Double, p1: Double): Double defined in java.lang.Math
public open fun min(p0: Float, p1: Float): Float defined in java.lang.Math
public open fun min(p0: Int, p1: Int): Int defined in java.lang.Math
public open fun min(p0: Long, p1: Long): Long defined in java.lang.Math
e: file:///Users/aiw.robson/Documents/Projects/ElectricalAge2/src/main/kotlin/mods/eln/item/electricalitem/PortableOreScannerItem.kt:424:42 Overload resolution ambiguity: 
public final operator fun plus(other: Byte): Float defined in kotlin.Float
public final operator fun plus(other: Double): Double defined in kotlin.Float
public final operator fun plus(other: Float): Float defined in kotlin.Float
public final operator fun plus(other: Int): Float defined in kotlin.Float
public final operator fun plus(other: Long): Float defined in kotlin.Float
public final operator fun plus(other: Short): Float defined in kotlin.Float
e: file:///Users/aiw.robson/Documents/Projects/ElectricalAge2/src/main/kotlin/mods/eln/item/electricalitem/PortableOreScannerItem.kt:428:39 Unresolved reference: getBlockById
e: file:///Users/aiw.robson/Documents/Projects/ElectricalAge2/src/main/kotlin/mods/eln/item/electricalitem/PortableOreScannerItem.kt:429:42 Unresolved reference: air
e: file:///Users/aiw.robson/Documents/Projects/ElectricalAge2/src/main/kotlin/mods/eln/item/electricalitem/PortableOreScannerItem.kt:429:59 Unresolved reference: lightBlock
e: file:///Users/aiw.robson/Documents/Projects/ElectricalAge2/src/main/kotlin/mods/eln/item/electricalitem/PortableOreScannerItem.kt:432:33 Overload resolution ambiguity: 
public final operator fun times(other: Byte): Float defined in kotlin.Float
public final operator fun times(other: Double): Double defined in kotlin.Float
public final operator fun times(other: Float): Float defined in kotlin.Float
public final operator fun times(other: Int): Float defined in kotlin.Float
public final operator fun times(other: Long): Float defined in kotlin.Float
public final operator fun times(other: Short): Float defined in kotlin.Float
e: file:///Users/aiw.robson/Documents/Projects/ElectricalAge2/src/main/kotlin/mods/eln/item/electricalitem/PortableOreScannerItem.kt:433:33 Overload resolution ambiguity: 
public final operator fun times(other: Byte): Float defined in kotlin.Float
public final operator fun times(other: Double): Double defined in kotlin.Float
public final operator fun times(other: Float): Float defined in kotlin.Float
public final operator fun times(other: Int): Float defined in kotlin.Float
public final operator fun times(other: Long): Float defined in kotlin.Float
public final operator fun times(other: Short): Float defined in kotlin.Float
e: file:///Users/aiw.robson/Documents/Projects/ElectricalAge2/src/main/kotlin/mods/eln/item/electricalitem/PortableOreScannerItem.kt:434:33 Overload resolution ambiguity: 
public final operator fun times(other: Byte): Float defined in kotlin.Float
public final operator fun times(other: Double): Double defined in kotlin.Float
public final operator fun times(other: Float): Float defined in kotlin.Float
public final operator fun times(other: Int): Float defined in kotlin.Float
public final operator fun times(other: Long): Float defined in kotlin.Float
public final operator fun times(other: Short): Float defined in kotlin.Float
e: file:///Users/aiw.robson/Documents/Projects/ElectricalAge2/src/main/kotlin/mods/eln/item/electricalitem/PortableOreScannerItem.kt:435:27 Overload resolution ambiguity: 
public final operator fun plus(other: Byte): Float defined in kotlin.Float
public final operator fun plus(other: Double): Double defined in kotlin.Float
public final operator fun plus(other: Float): Float defined in kotlin.Float
public final operator fun plus(other: Int): Float defined in kotlin.Float
public final operator fun plus(other: Long): Float defined in kotlin.Float
public final operator fun plus(other: Short): Float defined in kotlin.Float
e: file:///Users/aiw.robson/Documents/Projects/ElectricalAge2/src/main/kotlin/mods/eln/item/electricalitem/PortableOreScannerItem.kt:479:5 'electricalItemUpdate' overrides nothing
e: file:///Users/aiw.robson/Documents/Projects/ElectricalAge2/src/main/kotlin/mods/eln/mechanical/Clutch.kt:5:25 Unresolved reference: GenericItemUsingDamage
e: file:///Users/aiw.robson/Documents/Projects/ElectricalAge2/src/main/kotlin/mods/eln/mechanical/Clutch.kt:24:33 Unresolved reference: Screen
e: file:///Users/aiw.robson/Documents/Projects/ElectricalAge2/src/main/kotlin/mods/eln/mechanical/Clutch.kt:39:5 'getDefaultNBT' overrides nothing
e: file:///Users/aiw.robson/Documents/Projects/ElectricalAge2/src/main/kotlin/mods/eln/mechanical/Clutch.kt:42:20 Unresolved reference: hasTagCompound
e: file:///Users/aiw.robson/Documents/Projects/ElectricalAge2/src/main/kotlin/mods/eln/mechanical/Clutch.kt:43:19 Unresolved reference: tagCompound
e: file:///Users/aiw.robson/Documents/Projects/ElectricalAge2/src/main/kotlin/mods/eln/mechanical/Clutch.kt:45:15 Unresolved reference: tagCompound
e: file:///Users/aiw.robson/Documents/Projects/ElectricalAge2/src/main/kotlin/mods/eln/mechanical/Clutch.kt:49:20 Unresolved reference: hasTagCompound
e: file:///Users/aiw.robson/Documents/Projects/ElectricalAge2/src/main/kotlin/mods/eln/mechanical/Clutch.kt:50:22 Unresolved reference: tagCompound
e: file:///Users/aiw.robson/Documents/Projects/ElectricalAge2/src/main/kotlin/mods/eln/mechanical/Clutch.kt:79:37 This type is final, so it cannot be inherited from
e: file:///Users/aiw.robson/Documents/Projects/ElectricalAge2/src/main/kotlin/mods/eln/mechanical/Clutch.kt:182:37 Unresolved reference: GenericItemUsingDamage
e: file:///Users/aiw.robson/Documents/Projects/ElectricalAge2/src/main/kotlin/mods/eln/mechanical/Clutch.kt:322:77 Unresolved reference: shaftEnergyFactor
e: file:///Users/aiw.robson/Documents/Projects/ElectricalAge2/src/main/kotlin/mods/eln/mechanical/Clutch.kt:323:79 Unresolved reference: shaftEnergyFactor
e: file:///Users/aiw.robson/Documents/Projects/ElectricalAge2/src/main/kotlin/mods/eln/mechanical/Clutch.kt:395:13 Unresolved reference: setBoolean
e: file:///Users/aiw.robson/Documents/Projects/ElectricalAge2/src/main/kotlin/mods/eln/mechanical/Clutch.kt:411:19 Unresolved reference: plotRads
e: file:///Users/aiw.robson/Documents/Projects/ElectricalAge2/src/main/kotlin/mods/eln/mechanical/Clutch.kt:493:23 Unresolved reference: setGlColorFromDye
e: file:///Users/aiw.robson/Documents/Projects/ElectricalAge2/src/main/kotlin/mods/eln/mechanical/Clutch.kt:538:63 Unresolved reference: Screen
e: file:///Users/aiw.robson/Documents/Projects/ElectricalAge2/src/main/kotlin/mods/eln/mechanical/Clutch.kt:543:87 Type mismatch: inferred type is Class<ClutchPlateItem> but Array<Class<*>> was expected
e: file:///Users/aiw.robson/Documents/Projects/ElectricalAge2/src/main/kotlin/mods/eln/mechanical/Clutch.kt:544:87 Type mismatch: inferred type is Class<ClutchPinItem> but Array<Class<*>> was expected
e: file:///Users/aiw.robson/Documents/Projects/ElectricalAge2/src/main/kotlin/mods/eln/mechanical/Clutch.kt:548:77 One type argument expected for class GuiContainerEln<T : AbstractContainerMenu>
e: file:///Users/aiw.robson/Documents/Projects/ElectricalAge2/src/main/kotlin/mods/eln/mechanical/Clutch.kt:549:5 'newHelper' overrides nothing
e: file:///Users/aiw.robson/Documents/Projects/ElectricalAge2/src/main/kotlin/mods/eln/mechanical/Clutch.kt:549:51 Type mismatch: inferred type is ClutchGui but IGuiObject was expected
e: file:///Users/aiw.robson/Documents/Projects/ElectricalAge2/src/main/kotlin/mods/eln/mechanical/CrankableShaft.kt:23:24 Unresolved reference: plotRads
e: file:///Users/aiw.robson/Documents/Projects/ElectricalAge2/src/main/kotlin/mods/eln/mechanical/CrankableShaft.kt:65:35 Unresolved reference: plotRads
e: file:///Users/aiw.robson/Documents/Projects/ElectricalAge2/src/main/kotlin/mods/eln/mechanical/Flywheel.kt:13:22 Unresolved reference: entity
e: file:///Users/aiw.robson/Documents/Projects/ElectricalAge2/src/main/kotlin/mods/eln/mechanical/Flywheel.kt:15:27 Unresolved reference: DamageSource
e: file:///Users/aiw.robson/Documents/Projects/ElectricalAge2/src/main/kotlin/mods/eln/mechanical/Flywheel.kt:25:34 Unresolved reference: flywheelMass
e: file:///Users/aiw.robson/Documents/Projects/ElectricalAge2/src/main/kotlin/mods/eln/mechanical/Flywheel.kt:50:41 Unresolved reference: getEntitiesWithinAABB
e: file:///Users/aiw.robson/Documents/Projects/ElectricalAge2/src/main/kotlin/mods/eln/mechanical/Flywheel.kt:50:63 Unresolved reference: Entity
e: file:///Users/aiw.robson/Documents/Projects/ElectricalAge2/src/main/kotlin/mods/eln/mechanical/Flywheel.kt:53:34 Unresolved reference: Entity
e: file:///Users/aiw.robson/Documents/Projects/ElectricalAge2/src/main/kotlin/mods/eln/mechanical/Flywheel.kt:89:38 Unresolved reference: DamageSource
e: file:///Users/aiw.robson/Documents/Projects/ElectricalAge2/src/main/kotlin/mods/eln/mechanical/Flywheel.kt:101:37 Unresolved reference: plotRads
e: file:///Users/aiw.robson/Documents/Projects/ElectricalAge2/src/main/kotlin/mods/eln/mechanical/Generator.kt:80:24 Unresolved reference: plotRads
e: file:///Users/aiw.robson/Documents/Projects/ElectricalAge2/src/main/kotlin/mods/eln/mechanical/Generator.kt:81:24 Unresolved reference: plotRads
e: file:///Users/aiw.robson/Documents/Projects/ElectricalAge2/src/main/kotlin/mods/eln/mechanical/Generator.kt:179:45 Type mismatch: inferred type is ThermalLoadWatchDog but ThermalLoad! was expected
e: file:///Users/aiw.robson/Documents/Projects/ElectricalAge2/src/main/kotlin/mods/eln/mechanical/Generator.kt:273:15 Unresolved reference: plotER
e: file:///Users/aiw.robson/Documents/Projects/ElectricalAge2/src/main/kotlin/mods/eln/mechanical/Generator.kt:289:37 Unresolved reference: plotRads
e: file:///Users/aiw.robson/Documents/Projects/ElectricalAge2/src/main/kotlin/mods/eln/mechanical/JointHub.kt:99:37 Unresolved reference: plotRads
e: file:///Users/aiw.robson/Documents/Projects/ElectricalAge2/src/main/kotlin/mods/eln/mechanical/Motor.kt:34:9 'name' hides member of supertype 'SimpleShaftDescriptor' and needs 'override' modifier
e: file:///Users/aiw.robson/Documents/Projects/ElectricalAge2/src/main/kotlin/mods/eln/mechanical/Motor.kt:89:24 Unresolved reference: plotRads
e: file:///Users/aiw.robson/Documents/Projects/ElectricalAge2/src/main/kotlin/mods/eln/mechanical/Motor.kt:90:24 Unresolved reference: plotRads
e: file:///Users/aiw.robson/Documents/Projects/ElectricalAge2/src/main/kotlin/mods/eln/mechanical/Motor.kt:198:45 Type mismatch: inferred type is ThermalLoadWatchDog but ThermalLoad! was expected
e: file:///Users/aiw.robson/Documents/Projects/ElectricalAge2/src/main/kotlin/mods/eln/mechanical/Motor.kt:294:15 Unresolved reference: plotER
e: file:///Users/aiw.robson/Documents/Projects/ElectricalAge2/src/main/kotlin/mods/eln/mechanical/Motor.kt:310:37 Unresolved reference: plotRads
e: file:///Users/aiw.robson/Documents/Projects/ElectricalAge2/src/main/kotlin/mods/eln/mechanical/RadialMotor.kt:74:18 Type mismatch: inferred type is String but Component was expected
e: file:///Users/aiw.robson/Documents/Projects/ElectricalAge2/src/main/kotlin/mods/eln/mechanical/RadialMotor.kt:75:18 Type mismatch: inferred type is String but Component was expected
e: file:///Users/aiw.robson/Documents/Projects/ElectricalAge2/src/main/kotlin/mods/eln/mechanical/RadialMotor.kt:76:18 Type mismatch: inferred type is String but Component was expected
e: file:///Users/aiw.robson/Documents/Projects/ElectricalAge2/src/main/kotlin/mods/eln/mechanical/RadialMotor.kt:78:22 Type mismatch: inferred type is String but Component was expected
e: file:///Users/aiw.robson/Documents/Projects/ElectricalAge2/src/main/kotlin/mods/eln/mechanical/RadialMotor.kt:80:22 Type mismatch: inferred type is String but Component was expected
e: file:///Users/aiw.robson/Documents/Projects/ElectricalAge2/src/main/kotlin/mods/eln/mechanical/RadialMotor.kt:83:22 Type mismatch: inferred type is String but Component was expected
e: file:///Users/aiw.robson/Documents/Projects/ElectricalAge2/src/main/kotlin/mods/eln/mechanical/RadialMotor.kt:85:24 Unresolved reference: plotRads
e: file:///Users/aiw.robson/Documents/Projects/ElectricalAge2/src/main/kotlin/mods/eln/mechanical/RadialMotor.kt:86:24 Unresolved reference: plotRads
e: file:///Users/aiw.robson/Documents/Projects/ElectricalAge2/src/main/kotlin/mods/eln/mechanical/RadialMotor.kt:125:42 Unresolved reference: heatEnergyPerMilliBucket
e: file:///Users/aiw.robson/Documents/Projects/ElectricalAge2/src/main/kotlin/mods/eln/mechanical/RadialMotor.kt:174:35 Unresolved reference: plotRads
e: file:///Users/aiw.robson/Documents/Projects/ElectricalAge2/src/main/kotlin/mods/eln/mechanical/RollingShaftMachine.kt:10:42 Unresolved reference: fromIntMinecraftSide
e: file:///Users/aiw.robson/Documents/Projects/ElectricalAge2/src/main/kotlin/mods/eln/mechanical/RollingShaftMachine.kt:13:33 Unresolved reference: Screen
e: file:///Users/aiw.robson/Documents/Projects/ElectricalAge2/src/main/kotlin/mods/eln/mechanical/RollingShaftMachine.kt:63:35 Unresolved reference: plotRads
e: file:///Users/aiw.robson/Documents/Projects/ElectricalAge2/src/main/kotlin/mods/eln/mechanical/RollingShaftMachine.kt:94:36 Unresolved reference: plateMachineRecipes
e: file:///Users/aiw.robson/Documents/Projects/ElectricalAge2/src/main/kotlin/mods/eln/mechanical/RollingShaftMachine.kt:107:63 Unresolved reference: Screen
e: file:///Users/aiw.robson/Documents/Projects/ElectricalAge2/src/main/kotlin/mods/eln/mechanical/RollingShaftMachine.kt:117:86 Unresolved reference: big
e: file:///Users/aiw.robson/Documents/Projects/ElectricalAge2/src/main/kotlin/mods/eln/mechanical/RollingShaftMachine.kt:123:103 One type argument expected for class GuiContainerEln<T : AbstractContainerMenu>
e: file:///Users/aiw.robson/Documents/Projects/ElectricalAge2/src/main/kotlin/mods/eln/mechanical/RollingShaftMachine.kt:124:5 'newHelper' overrides nothing
e: file:///Users/aiw.robson/Documents/Projects/ElectricalAge2/src/main/kotlin/mods/eln/mechanical/RollingShaftMachine.kt:124:51 Type mismatch: inferred type is RollingShaftMachineGui but IGuiObject was expected
e: file:///Users/aiw.robson/Documents/Projects/ElectricalAge2/src/main/kotlin/mods/eln/mechanical/RollingShaftMachine.kt:136:5 'getAccessibleSlotsFromSide' overrides nothing
e: file:///Users/aiw.robson/Documents/Projects/ElectricalAge2/src/main/kotlin/mods/eln/mechanical/RollingShaftMachine.kt:137:75 Unresolved reference: fromIntMinecraftSide
e: file:///Users/aiw.robson/Documents/Projects/ElectricalAge2/src/main/kotlin/mods/eln/mechanical/RollingShaftMachine.kt:138:13 Comparison of incompatible enums '[Error type: Unknown type]' and 'Direction' is always unsuccessful
e: file:///Users/aiw.robson/Documents/Projects/ElectricalAge2/src/main/kotlin/mods/eln/mechanical/RollingShaftMachine.kt:143:5 'canInsertItem' overrides nothing
e: file:///Users/aiw.robson/Documents/Projects/ElectricalAge2/src/main/kotlin/mods/eln/mechanical/RollingShaftMachine.kt:144:22 Unresolved reference: fromIntMinecraftSide
e: file:///Users/aiw.robson/Documents/Projects/ElectricalAge2/src/main/kotlin/mods/eln/mechanical/RollingShaftMachine.kt:145:13 Comparison of incompatible enums '[Error type: Unknown type]' and 'Direction' is always unsuccessful
e: file:///Users/aiw.robson/Documents/Projects/ElectricalAge2/src/main/kotlin/mods/eln/mechanical/RollingShaftMachine.kt:150:5 'canExtractItem' overrides nothing
e: file:///Users/aiw.robson/Documents/Projects/ElectricalAge2/src/main/kotlin/mods/eln/mechanical/RollingShaftMachine.kt:151:22 Unresolved reference: fromIntMinecraftSide
e: file:///Users/aiw.robson/Documents/Projects/ElectricalAge2/src/main/kotlin/mods/eln/mechanical/RollingShaftMachine.kt:152:13 Comparison of incompatible enums '[Error type: Unknown type]' and 'Direction' is always unsuccessful
e: file:///Users/aiw.robson/Documents/Projects/ElectricalAge2/src/main/kotlin/mods/eln/mechanical/ShaftNetwork.kt:80:88 Unresolved reference: shaftEnergyFactor
e: file:///Users/aiw.robson/Documents/Projects/ElectricalAge2/src/main/kotlin/mods/eln/mechanical/ShaftNetwork.kt:85:89 Unresolved reference: shaftEnergyFactor
e: file:///Users/aiw.robson/Documents/Projects/ElectricalAge2/src/main/kotlin/mods/eln/mechanical/ShaftNetwork.kt:124:25 Unresolved reference: Loader
e: file:///Users/aiw.robson/Documents/Projects/ElectricalAge2/src/main/kotlin/mods/eln/mechanical/ShaftNetwork.kt:124:58 Unresolved reference: LoaderState
e: file:///Users/aiw.robson/Documents/Projects/ElectricalAge2/src/main/kotlin/mods/eln/mechanical/ShaftNetwork.kt:275:15 Unresolved reference: copyFrom
e: file:///Users/aiw.robson/Documents/Projects/ElectricalAge2/src/main/kotlin/mods/eln/mechanical/ShaftNetwork.kt:280:30 Function invocation 'inverse()' expected
e: file:///Users/aiw.robson/Documents/Projects/ElectricalAge2/src/main/kotlin/mods/eln/mechanical/ShaftNetwork.kt:303:13 Unresolved reference: setFloat
e: file:///Users/aiw.robson/Documents/Projects/ElectricalAge2/src/main/kotlin/mods/eln/mechanical/SimpleShaft.kt:12:34 Unresolved reference: IItemRenderer
e: file:///Users/aiw.robson/Documents/Projects/ElectricalAge2/src/main/kotlin/mods/eln/mechanical/SimpleShaft.kt:57:5 'renderItem' overrides nothing
e: file:///Users/aiw.robson/Documents/Projects/ElectricalAge2/src/main/kotlin/mods/eln/mechanical/SimpleShaft.kt:57:35 Unresolved reference: IItemRenderer
e: file:///Users/aiw.robson/Documents/Projects/ElectricalAge2/src/main/kotlin/mods/eln/mechanical/SimpleShaft.kt:58:21 Unresolved reference: IItemRenderer
e: file:///Users/aiw.robson/Documents/Projects/ElectricalAge2/src/main/kotlin/mods/eln/mechanical/SimpleShaft.kt:59:19 Unresolved reference: renderItem
e: file:///Users/aiw.robson/Documents/Projects/ElectricalAge2/src/main/kotlin/mods/eln/mechanical/SimpleShaft.kt:71:5 'handleRenderType' overrides nothing
e: file:///Users/aiw.robson/Documents/Projects/ElectricalAge2/src/main/kotlin/mods/eln/mechanical/SimpleShaft.kt:71:58 Unresolved reference: IItemRenderer
e: file:///Users/aiw.robson/Documents/Projects/ElectricalAge2/src/main/kotlin/mods/eln/mechanical/SimpleShaft.kt:72:5 'shouldUseRenderHelper' overrides nothing
e: file:///Users/aiw.robson/Documents/Projects/ElectricalAge2/src/main/kotlin/mods/eln/mechanical/SimpleShaft.kt:72:46 Unresolved reference: IItemRenderer
e: file:///Users/aiw.robson/Documents/Projects/ElectricalAge2/src/main/kotlin/mods/eln/mechanical/SimpleShaft.kt:72:101 Unresolved reference: IItemRenderer
e: file:///Users/aiw.robson/Documents/Projects/ElectricalAge2/src/main/kotlin/mods/eln/mechanical/SimpleShaft.kt:73:17 Unresolved reference: IItemRenderer
e: file:///Users/aiw.robson/Documents/Projects/ElectricalAge2/src/main/kotlin/mods/eln/mechanical/SimpleShaft.kt:169:27 Unresolved reference: setGlColorFromDye
e: file:///Users/aiw.robson/Documents/Projects/ElectricalAge2/src/main/kotlin/mods/eln/mechanical/SimpleShaft.kt:171:48 Unresolved reference: getLRDUGoingTo
e: file:///Users/aiw.robson/Documents/Projects/ElectricalAge2/src/main/kotlin/mods/eln/mechanical/SimpleShaft.kt:171:108 Unresolved reference: getLRDUGoingTo
e: file:///Users/aiw.robson/Documents/Projects/ElectricalAge2/src/main/kotlin/mods/eln/mechanical/SimpleShaft.kt:249:22 Unresolved reference: plotER
e: file:///Users/aiw.robson/Documents/Projects/ElectricalAge2/src/main/kotlin/mods/eln/mechanical/StraightJoint.kt:28:37 Unresolved reference: plotRads
e: file:///Users/aiw.robson/Documents/Projects/ElectricalAge2/src/main/kotlin/mods/eln/mechanical/Tachometer.kt:28:33 Unresolved reference: GuiButton
e: file:///Users/aiw.robson/Documents/Projects/ElectricalAge2/src/main/kotlin/mods/eln/mechanical/Tachometer.kt:29:33 Unresolved reference: Screen
e: file:///Users/aiw.robson/Documents/Projects/ElectricalAge2/src/main/kotlin/mods/eln/mechanical/Tachometer.kt:71:107 Function invocation 'inverse()' expected
e: file:///Users/aiw.robson/Documents/Projects/ElectricalAge2/src/main/kotlin/mods/eln/mechanical/Tachometer.kt:107:13 Unresolved reference: setFloat
e: file:///Users/aiw.robson/Documents/Projects/ElectricalAge2/src/main/kotlin/mods/eln/mechanical/Tachometer.kt:108:13 Unresolved reference: setFloat
e: file:///Users/aiw.robson/Documents/Projects/ElectricalAge2/src/main/kotlin/mods/eln/mechanical/Tachometer.kt:120:21 Unresolved reference: hasKey
e: file:///Users/aiw.robson/Documents/Projects/ElectricalAge2/src/main/kotlin/mods/eln/mechanical/Tachometer.kt:122:21 Unresolved reference: hasKey
e: file:///Users/aiw.robson/Documents/Projects/ElectricalAge2/src/main/kotlin/mods/eln/mechanical/Tachometer.kt:128:18 Unresolved reference: setFloat
e: file:///Users/aiw.robson/Documents/Projects/ElectricalAge2/src/main/kotlin/mods/eln/mechanical/Tachometer.kt:129:18 Unresolved reference: setFloat
e: file:///Users/aiw.robson/Documents/Projects/ElectricalAge2/src/main/kotlin/mods/eln/mechanical/Tachometer.kt:130:18 Unresolved reference: setByte
e: file:///Users/aiw.robson/Documents/Projects/ElectricalAge2/src/main/kotlin/mods/eln/mechanical/Tachometer.kt:153:63 Unresolved reference: Screen
e: file:///Users/aiw.robson/Documents/Projects/ElectricalAge2/src/main/kotlin/mods/eln/mechanical/Tachometer.kt:157:19 Unresolved reference: GuiButton
e: file:///Users/aiw.robson/Documents/Projects/ElectricalAge2/src/main/kotlin/mods/eln/mechanical/Tachometer.kt:157:32 Property delegate must have a 'getValue(TachometerGui, KProperty<*>)' method. None of the following functions is suitable: 
public inline operator fun <T> Lazy<GuiButtonEln>.getValue(thisRef: Any?, property: KProperty<*>): GuiButtonEln defined in kotlin
e: file:///Users/aiw.robson/Documents/Projects/ElectricalAge2/src/main/kotlin/mods/eln/mechanical/Tachometer.kt:161:31 Return type of 'newHelper' is not a subtype of the return type of the overridden member 'public open fun newHelper(): GuiHelperContainer defined in mods.eln.gui.ScreenEln'
e: file:///Users/aiw.robson/Documents/Projects/ElectricalAge2/src/main/kotlin/mods/eln/mechanical/Tachometer.kt:165:18 Variable expected
e: file:///Users/aiw.robson/Documents/Projects/ElectricalAge2/src/main/kotlin/mods/eln/mechanical/Tachometer.kt:168:26 Type mismatch: inferred type is Float but String was expected
e: file:///Users/aiw.robson/Documents/Projects/ElectricalAge2/src/main/kotlin/mods/eln/mechanical/Tachometer.kt:169:27 Type mismatch: inferred type is Float but String was expected
e: file:///Users/aiw.robson/Documents/Projects/ElectricalAge2/src/main/kotlin/mods/eln/mechanical/Tachometer.kt:172:5 'guiObjectEvent' overrides nothing
e: file:///Users/aiw.robson/Documents/Projects/ElectricalAge2/src/main/kotlin/mods/eln/mechanical/Tachometer.kt:173:30 Type mismatch: inferred type is IGuiObject? but Int was expected
e: file:///Users/aiw.robson/Documents/Projects/ElectricalAge2/src/main/kotlin/mods/eln/mechanical/Turbines.kt:72:24 Unresolved reference: plotRads
e: file:///Users/aiw.robson/Documents/Projects/ElectricalAge2/src/main/kotlin/mods/eln/mechanical/Turbines.kt:73:24 Unresolved reference: plotRads
e: file:///Users/aiw.robson/Documents/Projects/ElectricalAge2/src/main/kotlin/mods/eln/mechanical/Turbines.kt:146:42 Unresolved reference: heatEnergyPerMilliBucket
e: file:///Users/aiw.robson/Documents/Projects/ElectricalAge2/src/main/kotlin/mods/eln/mechanical/Turbines.kt:192:37 Unresolved reference: plotRads
e: file:///Users/aiw.robson/Documents/Projects/ElectricalAge2/src/main/kotlin/mods/eln/mechanical/VerticalHub.kt:49:44 Unresolved reference: axes
e: file:///Users/aiw.robson/Documents/Projects/ElectricalAge2/src/main/kotlin/mods/eln/mechanical/VerticalHub.kt:51:26 Overload resolution ambiguity: 
public inline fun <T> Iterable<TypeVariable(T)>.forEach(action: (TypeVariable(T)) -> Unit): Unit defined in kotlin.collections
public inline fun <K, V> Map<out TypeVariable(K), TypeVariable(V)>.forEach(action: (Map.Entry<TypeVariable(K), TypeVariable(V)>) -> Unit): Unit defined in kotlin.collections
e: file:///Users/aiw.robson/Documents/Projects/ElectricalAge2/src/main/kotlin/mods/eln/mechanical/VerticalHub.kt:51:48 Expression expected, but a package name found
e: file:///Users/aiw.robson/Documents/Projects/ElectricalAge2/src/main/kotlin/mods/eln/mechanical/VerticalHub.kt:52:34 Function invocation 'all(...)' expected
e: file:///Users/aiw.robson/Documents/Projects/ElectricalAge2/src/main/kotlin/mods/eln/mechanical/VerticalHub.kt:52:34 Unresolved reference. None of the following candidates is applicable because of receiver type mismatch: 
public inline fun <T> Array<out TypeVariable(T)>.all(predicate: (TypeVariable(T)) -> Boolean): Boolean defined in kotlin.collections
public inline fun BooleanArray.all(predicate: (Boolean) -> Boolean): Boolean defined in kotlin.collections
public inline fun ByteArray.all(predicate: (Byte) -> Boolean): Boolean defined in kotlin.collections
public inline fun CharArray.all(predicate: (Char) -> Boolean): Boolean defined in kotlin.collections
public inline fun CharSequence.all(predicate: (Char) -> Boolean): Boolean defined in kotlin.text
public inline fun DoubleArray.all(predicate: (Double) -> Boolean): Boolean defined in kotlin.collections
public inline fun FloatArray.all(predicate: (Float) -> Boolean): Boolean defined in kotlin.collections
public inline fun IntArray.all(predicate: (Int) -> Boolean): Boolean defined in kotlin.collections
public inline fun LongArray.all(predicate: (Long) -> Boolean): Boolean defined in kotlin.collections
public inline fun ShortArray.all(predicate: (Short) -> Boolean): Boolean defined in kotlin.collections
public inline fun UByteArray.all(predicate: (UByte) -> Boolean): Boolean defined in kotlin.collections
public inline fun UIntArray.all(predicate: (UInt) -> Boolean): Boolean defined in kotlin.collections
public inline fun ULongArray.all(predicate: (ULong) -> Boolean): Boolean defined in kotlin.collections
public inline fun UShortArray.all(predicate: (UShort) -> Boolean): Boolean defined in kotlin.collections
public inline fun <T> Iterable<TypeVariable(T)>.all(predicate: (TypeVariable(T)) -> Boolean): Boolean defined in kotlin.collections
public inline fun <K, V> Map<out TypeVariable(K), TypeVariable(V)>.all(predicate: (Map.Entry<TypeVariable(K), TypeVariable(V)>) -> Boolean): Boolean defined in kotlin.collections
public inline fun <T> Sequence<TypeVariable(T)>.all(predicate: (TypeVariable(T)) -> Boolean): Boolean defined in kotlin.sequences
e: file:///Users/aiw.robson/Documents/Projects/ElectricalAge2/src/main/kotlin/mods/eln/mechanical/VerticalHub.kt:53:49 Expression expected, but a package name found
e: file:///Users/aiw.robson/Documents/Projects/ElectricalAge2/src/main/kotlin/mods/eln/mechanical/VerticalHub.kt:53:73 Expression expected, but a package name found
e: file:///Users/aiw.robson/Documents/Projects/ElectricalAge2/src/main/kotlin/mods/eln/mechanical/VerticalHub.kt:64:30 Function invocation 'all(...)' expected
e: file:///Users/aiw.robson/Documents/Projects/ElectricalAge2/src/main/kotlin/mods/eln/mechanical/VerticalHub.kt:64:30 Unresolved reference. None of the following candidates is applicable because of receiver type mismatch: 
public inline fun <T> Array<out TypeVariable(T)>.all(predicate: (TypeVariable(T)) -> Boolean): Boolean defined in kotlin.collections
public inline fun BooleanArray.all(predicate: (Boolean) -> Boolean): Boolean defined in kotlin.collections
public inline fun ByteArray.all(predicate: (Byte) -> Boolean): Boolean defined in kotlin.collections
public inline fun CharArray.all(predicate: (Char) -> Boolean): Boolean defined in kotlin.collections
public inline fun CharSequence.all(predicate: (Char) -> Boolean): Boolean defined in kotlin.text
public inline fun DoubleArray.all(predicate: (Double) -> Boolean): Boolean defined in kotlin.collections
public inline fun FloatArray.all(predicate: (Float) -> Boolean): Boolean defined in kotlin.collections
public inline fun IntArray.all(predicate: (Int) -> Boolean): Boolean defined in kotlin.collections
public inline fun LongArray.all(predicate: (Long) -> Boolean): Boolean defined in kotlin.collections
public inline fun ShortArray.all(predicate: (Short) -> Boolean): Boolean defined in kotlin.collections
public inline fun UByteArray.all(predicate: (UByte) -> Boolean): Boolean defined in kotlin.collections
public inline fun UIntArray.all(predicate: (UInt) -> Boolean): Boolean defined in kotlin.collections
public inline fun ULongArray.all(predicate: (ULong) -> Boolean): Boolean defined in kotlin.collections
public inline fun UShortArray.all(predicate: (UShort) -> Boolean): Boolean defined in kotlin.collections
public inline fun <T> Iterable<TypeVariable(T)>.all(predicate: (TypeVariable(T)) -> Boolean): Boolean defined in kotlin.collections
public inline fun <K, V> Map<out TypeVariable(K), TypeVariable(V)>.all(predicate: (Map.Entry<TypeVariable(K), TypeVariable(V)>) -> Boolean): Boolean defined in kotlin.collections
public inline fun <T> Sequence<TypeVariable(T)>.all(predicate: (TypeVariable(T)) -> Boolean): Boolean defined in kotlin.sequences
e: file:///Users/aiw.robson/Documents/Projects/ElectricalAge2/src/main/kotlin/mods/eln/mechanical/VerticalHub.kt:66:17 Comparison of incompatible enums '[Error type: Loop parameter has no type]' and 'Direction' is always unsuccessful
e: file:///Users/aiw.robson/Documents/Projects/ElectricalAge2/src/main/kotlin/mods/eln/mechanical/VerticalHub.kt:67:17 Comparison of incompatible enums '[Error type: Loop parameter has no type]' and 'Direction' is always unsuccessful
e: file:///Users/aiw.robson/Documents/Projects/ElectricalAge2/src/main/kotlin/mods/eln/mechanical/VerticalHub.kt:118:30 Function invocation 'all(...)' expected
e: file:///Users/aiw.robson/Documents/Projects/ElectricalAge2/src/main/kotlin/mods/eln/mechanical/VerticalHub.kt:118:30 Unresolved reference. None of the following candidates is applicable because of receiver type mismatch: 
public inline fun <T> Array<out TypeVariable(T)>.all(predicate: (TypeVariable(T)) -> Boolean): Boolean defined in kotlin.collections
public inline fun BooleanArray.all(predicate: (Boolean) -> Boolean): Boolean defined in kotlin.collections
public inline fun ByteArray.all(predicate: (Byte) -> Boolean): Boolean defined in kotlin.collections
public inline fun CharArray.all(predicate: (Char) -> Boolean): Boolean defined in kotlin.collections
public inline fun CharSequence.all(predicate: (Char) -> Boolean): Boolean defined in kotlin.text
public inline fun DoubleArray.all(predicate: (Double) -> Boolean): Boolean defined in kotlin.collections
public inline fun FloatArray.all(predicate: (Float) -> Boolean): Boolean defined in kotlin.collections
public inline fun IntArray.all(predicate: (Int) -> Boolean): Boolean defined in kotlin.collections
public inline fun LongArray.all(predicate: (Long) -> Boolean): Boolean defined in kotlin.collections
public inline fun ShortArray.all(predicate: (Short) -> Boolean): Boolean defined in kotlin.collections
public inline fun UByteArray.all(predicate: (UByte) -> Boolean): Boolean defined in kotlin.collections
public inline fun UIntArray.all(predicate: (UInt) -> Boolean): Boolean defined in kotlin.collections
public inline fun ULongArray.all(predicate: (ULong) -> Boolean): Boolean defined in kotlin.collections
public inline fun UShortArray.all(predicate: (UShort) -> Boolean): Boolean defined in kotlin.collections
public inline fun <T> Iterable<TypeVariable(T)>.all(predicate: (TypeVariable(T)) -> Boolean): Boolean defined in kotlin.collections
public inline fun <K, V> Map<out TypeVariable(K), TypeVariable(V)>.all(predicate: (Map.Entry<TypeVariable(K), TypeVariable(V)>) -> Boolean): Boolean defined in kotlin.collections
public inline fun <T> Sequence<TypeVariable(T)>.all(predicate: (TypeVariable(T)) -> Boolean): Boolean defined in kotlin.sequences
e: file:///Users/aiw.robson/Documents/Projects/ElectricalAge2/src/main/kotlin/mods/eln/mechanical/VerticalHub.kt:121:21 Unresolved reference: block
e: file:///Users/aiw.robson/Documents/Projects/ElectricalAge2/src/main/kotlin/mods/eln/misc/AnalyticsHandler.kt:34:29 Unresolved reference: getCurrentLanguage
e: file:///Users/aiw.robson/Documents/Projects/ElectricalAge2/src/main/kotlin/mods/eln/misc/AnalyticsHandler.kt:35:46 Unresolved reference: playerUUID
e: file:///Users/aiw.robson/Documents/Projects/ElectricalAge2/src/main/kotlin/mods/eln/misc/AnalyticsHandler.kt:60:29 Unresolved reference: getCurrentLanguage
e: file:///Users/aiw.robson/Documents/Projects/ElectricalAge2/src/main/kotlin/mods/eln/misc/AnalyticsHandler.kt:62:21 Unresolved reference: analyticsPlayerUUIDOptIn
e: file:///Users/aiw.robson/Documents/Projects/ElectricalAge2/src/main/kotlin/mods/eln/misc/AnalyticsHandler.kt:62:49 Unresolved reference: FMLCommonHandler
e: file:///Users/aiw.robson/Documents/Projects/ElectricalAge2/src/main/kotlin/mods/eln/misc/AnalyticsHandler.kt:62:94 Unresolved reference: Side
e: file:///Users/aiw.robson/Documents/Projects/ElectricalAge2/src/main/kotlin/mods/eln/misc/AnalyticsHandler.kt:67:25 Unresolved reference: analyticsURL
e: file:///Users/aiw.robson/Documents/Projects/ElectricalAge2/src/main/kotlin/mods/eln/misc/AnalyticsHandler.kt:70:31 Unresolved reference: getMinecraft
e: file:///Users/aiw.robson/Documents/Projects/ElectricalAge2/src/main/kotlin/mods/eln/misc/AnalyticsHandler.kt:71:31 Unresolved reference: getMinecraft
e: file:///Users/aiw.robson/Documents/Projects/ElectricalAge2/src/main/kotlin/mods/eln/misc/AnalyticsHandler.kt:76:52 Unresolved reference: analyticsURL
e: file:///Users/aiw.robson/Documents/Projects/ElectricalAge2/src/main/kotlin/mods/eln/misc/AnalyticsHandler.kt:76:85 Unresolved reference: playerUUID
e: file:///Users/aiw.robson/Documents/Projects/ElectricalAge2/src/main/kotlin/mods/eln/misc/BasicContainer.kt:71:13 Unresolved reference: flag
e: file:///Users/aiw.robson/Documents/Projects/ElectricalAge2/src/main/kotlin/mods/eln/misc/BasicContainer.kt:95:21 Unresolved reference: flag
e: file:///Users/aiw.robson/Documents/Projects/ElectricalAge2/src/main/kotlin/mods/eln/misc/BasicContainer.kt:103:21 Unresolved reference: flag
e: file:///Users/aiw.robson/Documents/Projects/ElectricalAge2/src/main/kotlin/mods/eln/misc/BasicContainer.kt:130:21 Unresolved reference: flag
e: file:///Users/aiw.robson/Documents/Projects/ElectricalAge2/src/main/kotlin/mods/eln/misc/BoundingBox.kt:4:27 Unresolved reference: Vec3
e: file:///Users/aiw.robson/Documents/Projects/ElectricalAge2/src/main/kotlin/mods/eln/misc/BoundingBox.kt:9:14 Unresolved reference: Vec3
e: file:///Users/aiw.robson/Documents/Projects/ElectricalAge2/src/main/kotlin/mods/eln/misc/BoundingBox.kt:9:21 Unresolved reference: Vec3
e: file:///Users/aiw.robson/Documents/Projects/ElectricalAge2/src/main/kotlin/mods/eln/misc/BoundingBox.kt:10:14 Unresolved reference: Vec3
e: file:///Users/aiw.robson/Documents/Projects/ElectricalAge2/src/main/kotlin/mods/eln/misc/BoundingBox.kt:10:21 Unresolved reference: Vec3
e: file:///Users/aiw.robson/Documents/Projects/ElectricalAge2/src/main/kotlin/mods/eln/misc/BoundingBox.kt:23:19 Unresolved reference: Vec3
e: file:///Users/aiw.robson/Documents/Projects/ElectricalAge2/src/main/kotlin/mods/eln/misc/BoundingBox.kt:24:16 Unresolved reference: Vec3
e: file:///Users/aiw.robson/Documents/Projects/ElectricalAge2/src/main/kotlin/mods/eln/misc/BoundingBox.kt:32:24 Unresolved reference: toStringHelper
e: file:///Users/aiw.robson/Documents/Projects/ElectricalAge2/src/main/kotlin/mods/eln/misc/Coordinate.kt:9:27 Unresolved reference: AABB
e: file:///Users/aiw.robson/Documents/Projects/ElectricalAge2/src/main/kotlin/mods/eln/misc/Coordinate.kt:10:27 Unresolved reference: Direction
e: file:///Users/aiw.robson/Documents/Projects/ElectricalAge2/src/main/kotlin/mods/eln/misc/Coordinate.kt:115:52 Unresolved reference: AABB
e: file:///Users/aiw.robson/Documents/Projects/ElectricalAge2/src/main/kotlin/mods/eln/misc/Coordinate.kt:116:35 Unresolved reference: AABB
e: file:///Users/aiw.robson/Documents/Projects/ElectricalAge2/src/main/kotlin/mods/eln/misc/Coordinate.kt:119:49 Unresolved reference: AABB
e: file:///Users/aiw.robson/Documents/Projects/ElectricalAge2/src/main/kotlin/mods/eln/misc/DirectionSet.kt:43:13 Unresolved reference: setInteger
e: file:///Users/aiw.robson/Documents/Projects/ElectricalAge2/src/main/kotlin/mods/eln/misc/DirectionSet.kt:47:21 Unresolved reference: getInteger
e: file:///Users/aiw.robson/Documents/Projects/ElectricalAge2/src/main/kotlin/mods/eln/misc/FakeSideInventory.kt:72:9 Expecting a top level declaration
e: file:///Users/aiw.robson/Documents/Projects/ElectricalAge2/src/main/kotlin/mods/eln/misc/FakeSideInventory.kt:72:16 Expecting a top level declaration
e: file:///Users/aiw.robson/Documents/Projects/ElectricalAge2/src/main/kotlin/mods/eln/misc/FakeSideInventory.kt:73:5 Expecting a top level declaration
e: file:///Users/aiw.robson/Documents/Projects/ElectricalAge2/src/main/kotlin/mods/eln/misc/FakeSideInventory.kt:111:21 Name expected
e: file:///Users/aiw.robson/Documents/Projects/ElectricalAge2/src/main/kotlin/mods/eln/misc/FakeSideInventory.kt:115:1 Expecting a top level declaration
e: file:///Users/aiw.robson/Documents/Projects/ElectricalAge2/src/main/kotlin/mods/eln/misc/FakeSideInventory.kt:75:5 Modifier 'override' is not applicable to 'top level function'
e: file:///Users/aiw.robson/Documents/Projects/ElectricalAge2/src/main/kotlin/mods/eln/misc/FakeSideInventory.kt:76:5 Modifier 'override' is not applicable to 'top level function'
e: file:///Users/aiw.robson/Documents/Projects/ElectricalAge2/src/main/kotlin/mods/eln/misc/FakeSideInventory.kt:80:5 Modifier 'override' is not applicable to 'top level function'
e: file:///Users/aiw.robson/Documents/Projects/ElectricalAge2/src/main/kotlin/mods/eln/misc/FakeSideInventory.kt:84:5 Modifier 'override' is not applicable to 'top level function'
e: file:///Users/aiw.robson/Documents/Projects/ElectricalAge2/src/main/kotlin/mods/eln/misc/FakeSideInventory.kt:88:5 Modifier 'override' is not applicable to 'top level function'
e: file:///Users/aiw.robson/Documents/Projects/ElectricalAge2/src/main/kotlin/mods/eln/misc/FakeSideInventory.kt:89:5 Modifier 'override' is not applicable to 'top level function'
e: file:///Users/aiw.robson/Documents/Projects/ElectricalAge2/src/main/kotlin/mods/eln/misc/FakeSideInventory.kt:93:5 Modifier 'override' is not applicable to 'top level function'
e: file:///Users/aiw.robson/Documents/Projects/ElectricalAge2/src/main/kotlin/mods/eln/misc/FakeSideInventory.kt:94:5 Modifier 'override' is not applicable to 'top level function'
e: file:///Users/aiw.robson/Documents/Projects/ElectricalAge2/src/main/kotlin/mods/eln/misc/FakeSideInventory.kt:95:5 Modifier 'override' is not applicable to 'top level function'
e: file:///Users/aiw.robson/Documents/Projects/ElectricalAge2/src/main/kotlin/mods/eln/misc/FakeSideInventory.kt:99:5 Modifier 'override' is not applicable to 'top level function'
e: file:///Users/aiw.robson/Documents/Projects/ElectricalAge2/src/main/kotlin/mods/eln/misc/FakeSideInventory.kt:103:5 Modifier 'override' is not applicable to 'top level function'
e: file:///Users/aiw.robson/Documents/Projects/ElectricalAge2/src/main/kotlin/mods/eln/misc/FakeSideInventory.kt:107:5 Modifier 'override' is not applicable to 'top level function'
e: file:///Users/aiw.robson/Documents/Projects/ElectricalAge2/src/main/kotlin/mods/eln/misc/FakeSideInventory.kt:111:5 Modifier 'companion' is not applicable inside 'file'
e: file:///Users/aiw.robson/Documents/Projects/ElectricalAge2/src/main/kotlin/mods/eln/misc/GhostPowerNode.kt:13:9 Unresolved reference: applyTransformation
e: file:///Users/aiw.robson/Documents/Projects/ElectricalAge2/src/main/kotlin/mods/eln/misc/LRDU.kt:4:27 Unresolved reference: Vec3
e: file:///Users/aiw.robson/Documents/Projects/ElectricalAge2/src/main/kotlin/mods/eln/misc/LRDU.kt:116:27 Unresolved reference: Vec3
e: file:///Users/aiw.robson/Documents/Projects/ElectricalAge2/src/main/kotlin/mods/eln/misc/LRDU.kt:123:19 Variable expected
e: file:///Users/aiw.robson/Documents/Projects/ElectricalAge2/src/main/kotlin/mods/eln/misc/LRDU.kt:124:19 Variable expected
e: file:///Users/aiw.robson/Documents/Projects/ElectricalAge2/src/main/kotlin/mods/eln/misc/LRDU.kt:127:19 Variable expected
e: file:///Users/aiw.robson/Documents/Projects/ElectricalAge2/src/main/kotlin/mods/eln/misc/LRDU.kt:128:19 Variable expected
e: file:///Users/aiw.robson/Documents/Projects/ElectricalAge2/src/main/kotlin/mods/eln/misc/LRDU.kt:131:19 Variable expected
e: file:///Users/aiw.robson/Documents/Projects/ElectricalAge2/src/main/kotlin/mods/eln/misc/LRDU.kt:132:19 Variable expected
e: file:///Users/aiw.robson/Documents/Projects/ElectricalAge2/src/main/kotlin/mods/eln/misc/LRDU.kt:156:13 Unresolved reference: setByte
e: file:///Users/aiw.robson/Documents/Projects/ElectricalAge2/src/main/kotlin/mods/eln/misc/LRDUCubeMask.kt:31:39 Unresolved reference: getLRDUGoingTo
e: file:///Users/aiw.robson/Documents/Projects/ElectricalAge2/src/main/kotlin/mods/eln/misc/LiveDataManager.kt:31:6 Unresolved reference: SubscribeEvent
e: file:///Users/aiw.robson/Documents/Projects/ElectricalAge2/src/main/kotlin/mods/eln/misc/LiveDataManager.kt:32:21 Unresolved reference: RenderTickEvent
e: file:///Users/aiw.robson/Documents/Projects/ElectricalAge2/src/main/kotlin/mods/eln/misc/LiveDataManager.kt:33:28 Unresolved reference: TickEvent
e: file:///Users/aiw.robson/Documents/Projects/ElectricalAge2/src/main/kotlin/mods/eln/misc/LiveDataManager.kt:48:9 Unresolved reference: FMLCommonHandler
e: file:///Users/aiw.robson/Documents/Projects/ElectricalAge2/src/main/kotlin/mods/eln/misc/Player.kt:5:30 Unresolved reference: play
e: file:///Users/aiw.robson/Documents/Projects/ElectricalAge2/src/main/kotlin/mods/eln/misc/Player.kt:6:42 Unresolved reference: ServerPlayer
e: file:///Users/aiw.robson/Documents/Projects/ElectricalAge2/src/main/kotlin/mods/eln/misc/Player.kt:13:22 Unresolved reference: mainInventory
e: file:///Users/aiw.robson/Documents/Projects/ElectricalAge2/src/main/kotlin/mods/eln/misc/Player.kt:15:22 Unresolved reference: isItemEqual
e: file:///Users/aiw.robson/Documents/Projects/ElectricalAge2/src/main/kotlin/mods/eln/misc/Player.kt:16:21 Unresolved reference: count
e: file:///Users/aiw.robson/Documents/Projects/ElectricalAge2/src/main/kotlin/mods/eln/misc/Player.kt:20:14 Unresolved reference: isCreative
e: file:///Users/aiw.robson/Documents/Projects/ElectricalAge2/src/main/kotlin/mods/eln/misc/Player.kt:20:33 Unresolved reference: ServerPlayer
e: file:///Users/aiw.robson/Documents/Projects/ElectricalAge2/src/main/kotlin/mods/eln/misc/Player.kt:24:19 Unresolved reference: mainInventory
e: file:///Users/aiw.robson/Documents/Projects/ElectricalAge2/src/main/kotlin/mods/eln/misc/Player.kt:24:52 Overload resolution ambiguity: 
public inline fun <T> Iterable<TypeVariable(T)>.forEach(action: (TypeVariable(T)) -> Unit): Unit defined in kotlin.collections
public inline fun <K, V> Map<out TypeVariable(K), TypeVariable(V)>.forEach(action: (Map.Entry<TypeVariable(K), TypeVariable(V)>) -> Unit): Unit defined in kotlin.collections
e: file:///Users/aiw.robson/Documents/Projects/ElectricalAge2/src/main/kotlin/mods/eln/misc/Player.kt:24:62 Cannot infer a type for this parameter. Please specify it explicitly.
e: file:///Users/aiw.robson/Documents/Projects/ElectricalAge2/src/main/kotlin/mods/eln/misc/Player.kt:25:38 Unresolved reference: mainInventory
e: file:///Users/aiw.robson/Documents/Projects/ElectricalAge2/src/main/kotlin/mods/eln/misc/Player.kt:30:28 Unresolved reference: openContainer
e: file:///Users/aiw.robson/Documents/Projects/ElectricalAge2/src/main/kotlin/mods/eln/misc/Player.kt:31:17 Unresolved reference: playerNetServerHandler
e: file:///Users/aiw.robson/Documents/Projects/ElectricalAge2/src/main/kotlin/mods/eln/misc/Player.kt:31:51 Unresolved reference: S2FPacketSetSlot
e: file:///Users/aiw.robson/Documents/Projects/ElectricalAge2/src/main/kotlin/mods/eln/misc/Player.kt:31:68 Unresolved reference: openContainer
e: file:///Users/aiw.robson/Documents/Projects/ElectricalAge2/src/main/kotlin/mods/eln/misc/Player.kt:32:32 'return' is not allowed here
e: file:///Users/aiw.robson/Documents/Projects/ElectricalAge2/src/main/kotlin/mods/eln/misc/PlayerUtil.kt:8:24 Unresolved reference: currentEquippedItem
e: file:///Users/aiw.robson/Documents/Projects/ElectricalAge2/src/main/kotlin/mods/eln/misc/PlayerUtil.kt:9:35 Unresolved reference: checkSameItemStack
e: file:///Users/aiw.robson/Documents/Projects/ElectricalAge2/src/main/kotlin/mods/eln/misc/PlayerUtil.kt:10:35 Unresolved reference: checkSameItemStack
e: file:///Users/aiw.robson/Documents/Projects/ElectricalAge2/src/main/kotlin/mods/eln/misc/PlayerUtil.kt:11:32 Unresolved reference: checkSameItemStack
e: file:///Users/aiw.robson/Documents/Projects/ElectricalAge2/src/main/kotlin/mods/eln/misc/RcInterpolator.kt:28:34 Unresolved reference: hasKey
e: file:///Users/aiw.robson/Documents/Projects/ElectricalAge2/src/main/kotlin/mods/eln/misc/RcInterpolator.kt:36:13 Unresolved reference: setFloat
e: file:///Users/aiw.robson/Documents/Projects/ElectricalAge2/src/main/kotlin/mods/eln/misc/RcInterpolator.kt:37:13 Unresolved reference: setFloat
e: file:///Users/aiw.robson/Documents/Projects/ElectricalAge2/src/main/kotlin/mods/eln/misc/RcRcInterpolator.kt:32:13 Unresolved reference: setFloat
e: file:///Users/aiw.robson/Documents/Projects/ElectricalAge2/src/main/kotlin/mods/eln/misc/RcRcInterpolator.kt:33:13 Unresolved reference: setFloat
e: file:///Users/aiw.robson/Documents/Projects/ElectricalAge2/src/main/kotlin/mods/eln/misc/RcRcInterpolator.kt:34:13 Unresolved reference: setFloat
e: file:///Users/aiw.robson/Documents/Projects/ElectricalAge2/src/main/kotlin/mods/eln/misc/TileEntityDestructor.kt:3:22 Unresolved reference: tileentity
e: file:///Users/aiw.robson/Documents/Projects/ElectricalAge2/src/main/kotlin/mods/eln/misc/TileEntityDestructor.kt:16:6 Unresolved reference: SubscribeEvent
e: file:///Users/aiw.robson/Documents/Projects/ElectricalAge2/src/main/kotlin/mods/eln/misc/TileEntityDestructor.kt:17:21 Unresolved reference: ServerTickEvent
e: file:///Users/aiw.robson/Documents/Projects/ElectricalAge2/src/main/kotlin/mods/eln/misc/TileEntityDestructor.kt:18:28 Unresolved reference: TickEvent
e: file:///Users/aiw.robson/Documents/Projects/ElectricalAge2/src/main/kotlin/mods/eln/misc/TileEntityDestructor.kt:20:19 Unresolved reference: level
e: file:///Users/aiw.robson/Documents/Projects/ElectricalAge2/src/main/kotlin/mods/eln/misc/TileEntityDestructor.kt:20:38 Unresolved reference: level
e: file:///Users/aiw.robson/Documents/Projects/ElectricalAge2/src/main/kotlin/mods/eln/misc/TileEntityDestructor.kt:20:60 Unresolved reference: xCoord
e: file:///Users/aiw.robson/Documents/Projects/ElectricalAge2/src/main/kotlin/mods/eln/misc/TileEntityDestructor.kt:20:70 Unresolved reference: yCoord
e: file:///Users/aiw.robson/Documents/Projects/ElectricalAge2/src/main/kotlin/mods/eln/misc/TileEntityDestructor.kt:20:80 Unresolved reference: zCoord
e: file:///Users/aiw.robson/Documents/Projects/ElectricalAge2/src/main/kotlin/mods/eln/misc/TileEntityDestructor.kt:21:19 Unresolved reference: level
e: file:///Users/aiw.robson/Documents/Projects/ElectricalAge2/src/main/kotlin/mods/eln/misc/TileEntityDestructor.kt:21:41 Unresolved reference: xCoord
e: file:///Users/aiw.robson/Documents/Projects/ElectricalAge2/src/main/kotlin/mods/eln/misc/TileEntityDestructor.kt:21:51 Unresolved reference: yCoord
e: file:///Users/aiw.robson/Documents/Projects/ElectricalAge2/src/main/kotlin/mods/eln/misc/TileEntityDestructor.kt:21:61 Unresolved reference: zCoord
e: file:///Users/aiw.robson/Documents/Projects/ElectricalAge2/src/main/kotlin/mods/eln/misc/TileEntityDestructor.kt:22:55 Unresolved reference: xCoord
e: file:///Users/aiw.robson/Documents/Projects/ElectricalAge2/src/main/kotlin/mods/eln/misc/TileEntityDestructor.kt:22:72 Unresolved reference: yCoord
e: file:///Users/aiw.robson/Documents/Projects/ElectricalAge2/src/main/kotlin/mods/eln/misc/TileEntityDestructor.kt:22:89 Unresolved reference: zCoord
e: file:///Users/aiw.robson/Documents/Projects/ElectricalAge2/src/main/kotlin/mods/eln/misc/TileEntityDestructor.kt:29:9 Unresolved reference: FMLCommonHandler
e: file:///Users/aiw.robson/Documents/Projects/ElectricalAge2/src/main/kotlin/mods/eln/misc/Utils.kt:6:27 Unresolved reference: AABB
e: file:///Users/aiw.robson/Documents/Projects/ElectricalAge2/src/main/kotlin/mods/eln/misc/Utils.kt:14:13 Unresolved reference: LOGGER
e: file:///Users/aiw.robson/Documents/Projects/ElectricalAge2/src/main/kotlin/mods/eln/misc/Utils.kt:179:53 Unresolved reference: SubSystem
e: file:///Users/aiw.robson/Documents/Projects/ElectricalAge2/src/main/kotlin/mods/eln/misc/Utils.kt:179:82 Unresolved reference: SubSystem
e: file:///Users/aiw.robson/Documents/Projects/ElectricalAge2/src/main/kotlin/mods/eln/misc/Utils.kt:186:54 Unresolved reference: SubSystem
e: file:///Users/aiw.robson/Documents/Projects/ElectricalAge2/src/main/kotlin/mods/eln/misc/Utils.kt:192:44 Unresolved reference: AABB
e: file:///Users/aiw.robson/Documents/Projects/ElectricalAge2/src/main/kotlin/mods/eln/misc/UtilsClient.kt:5:17 Unresolved reference: GuiHandler
e: file:///Users/aiw.robson/Documents/Projects/ElectricalAge2/src/main/kotlin/mods/eln/misc/UtilsClient.kt:11:29 Unresolved reference: entity
e: file:///Users/aiw.robson/Documents/Projects/ElectricalAge2/src/main/kotlin/mods/eln/misc/UtilsClient.kt:12:33 Unresolved reference: FontRenderer
e: file:///Users/aiw.robson/Documents/Projects/ElectricalAge2/src/main/kotlin/mods/eln/misc/UtilsClient.kt:13:33 Unresolved reference: Screen
e: file:///Users/aiw.robson/Documents/Projects/ElectricalAge2/src/main/kotlin/mods/eln/misc/UtilsClient.kt:14:38 Unresolved reference: OpenGlHelper
e: file:///Users/aiw.robson/Documents/Projects/ElectricalAge2/src/main/kotlin/mods/eln/misc/UtilsClient.kt:15:38 Unresolved reference: RenderHelper
e: file:///Users/aiw.robson/Documents/Projects/ElectricalAge2/src/main/kotlin/mods/eln/misc/UtilsClient.kt:16:45 Unresolved reference: Render
e: file:///Users/aiw.robson/Documents/Projects/ElectricalAge2/src/main/kotlin/mods/eln/misc/UtilsClient.kt:17:45 Unresolved reference: RenderItem
e: file:///Users/aiw.robson/Documents/Projects/ElectricalAge2/src/main/kotlin/mods/eln/misc/UtilsClient.kt:18:45 Unresolved reference: RenderManager
e: file:///Users/aiw.robson/Documents/Projects/ElectricalAge2/src/main/kotlin/mods/eln/misc/UtilsClient.kt:19:22 Unresolved reference: entity
e: file:///Users/aiw.robson/Documents/Projects/ElectricalAge2/src/main/kotlin/mods/eln/misc/UtilsClient.kt:22:30 Unresolved reference: play
e: file:///Users/aiw.robson/Documents/Projects/ElectricalAge2/src/main/kotlin/mods/eln/misc/UtilsClient.kt:23:22 Unresolved reference: tileentity
e: file:///Users/aiw.robson/Documents/Projects/ElectricalAge2/src/main/kotlin/mods/eln/misc/UtilsClient.kt:24:27 Unresolved reference: MathHelper
e: file:///Users/aiw.robson/Documents/Projects/ElectricalAge2/src/main/kotlin/mods/eln/misc/UtilsClient.kt:25:27 Unresolved reference: ResourceLocation
e: file:///Users/aiw.robson/Documents/Projects/ElectricalAge2/src/main/kotlin/mods/eln/misc/UtilsClient.kt:26:28 Unresolved reference: EnumSkyBlock
e: file:///Users/aiw.robson/Documents/Projects/ElectricalAge2/src/main/kotlin/mods/eln/misc/UtilsClient.kt:28:34 Unresolved reference: IItemRenderer
e: file:///Users/aiw.robson/Documents/Projects/ElectricalAge2/src/main/kotlin/mods/eln/misc/UtilsClient.kt:29:18 Unresolved reference: input
e: file:///Users/aiw.robson/Documents/Projects/ElectricalAge2/src/main/kotlin/mods/eln/misc/UtilsClient.kt:38:22 Unresolved reference: Screen
e: file:///Users/aiw.robson/Documents/Projects/ElectricalAge2/src/main/kotlin/mods/eln/misc/UtilsClient.kt:40:32 Unresolved reference: RenderItem
e: file:///Users/aiw.robson/Documents/Projects/ElectricalAge2/src/main/kotlin/mods/eln/misc/UtilsClient.kt:48:24 Unresolved reference: ResourceLocation
e: file:///Users/aiw.robson/Documents/Projects/ElectricalAge2/src/main/kotlin/mods/eln/misc/UtilsClient.kt:49:42 Unresolved reference: ResourceLocation
e: file:///Users/aiw.robson/Documents/Projects/ElectricalAge2/src/main/kotlin/mods/eln/misc/UtilsClient.kt:50:71 Unresolved reference: World
e: file:///Users/aiw.robson/Documents/Projects/ElectricalAge2/src/main/kotlin/mods/eln/misc/UtilsClient.kt:51:32 Unresolved reference: getMinecraft
e: file:///Users/aiw.robson/Documents/Projects/ElectricalAge2/src/main/kotlin/mods/eln/misc/UtilsClient.kt:57:70 Unresolved reference: xCoord
e: file:///Users/aiw.robson/Documents/Projects/ElectricalAge2/src/main/kotlin/mods/eln/misc/UtilsClient.kt:57:89 Unresolved reference: yCoord
e: file:///Users/aiw.robson/Documents/Projects/ElectricalAge2/src/main/kotlin/mods/eln/misc/UtilsClient.kt:57:108 Unresolved reference: zCoord
e: file:///Users/aiw.robson/Documents/Projects/ElectricalAge2/src/main/kotlin/mods/eln/misc/UtilsClient.kt:60:23 Unresolved reference: EntityClientServerPlayer
e: file:///Users/aiw.robson/Documents/Projects/ElectricalAge2/src/main/kotlin/mods/eln/misc/UtilsClient.kt:61:27 Unresolved reference: getMinecraft
e: file:///Users/aiw.robson/Documents/Projects/ElectricalAge2/src/main/kotlin/mods/eln/misc/UtilsClient.kt:63:81 Unresolved reference: World
e: file:///Users/aiw.robson/Documents/Projects/ElectricalAge2/src/main/kotlin/mods/eln/misc/UtilsClient.kt:67:16 Unresolved reference: Entity
e: file:///Users/aiw.robson/Documents/Projects/ElectricalAge2/src/main/kotlin/mods/eln/misc/UtilsClient.kt:76:28 Unresolved reference: Screen
e: file:///Users/aiw.robson/Documents/Projects/ElectricalAge2/src/main/kotlin/mods/eln/misc/UtilsClient.kt:79:44 Unresolved reference: GuiHandler
e: file:///Users/aiw.robson/Documents/Projects/ElectricalAge2/src/main/kotlin/mods/eln/misc/UtilsClient.kt:83:69 Unresolved reference: World
e: file:///Users/aiw.robson/Documents/Projects/ElectricalAge2/src/main/kotlin/mods/eln/misc/UtilsClient.kt:93:47 Unresolved reference: level
e: file:///Users/aiw.robson/Documents/Projects/ElectricalAge2/src/main/kotlin/mods/eln/misc/UtilsClient.kt:93:56 Unresolved reference: xCoord
e: file:///Users/aiw.robson/Documents/Projects/ElectricalAge2/src/main/kotlin/mods/eln/misc/UtilsClient.kt:93:66 Unresolved reference: yCoord
e: file:///Users/aiw.robson/Documents/Projects/ElectricalAge2/src/main/kotlin/mods/eln/misc/UtilsClient.kt:93:76 Unresolved reference: zCoord
e: file:///Users/aiw.robson/Documents/Projects/ElectricalAge2/src/main/kotlin/mods/eln/misc/UtilsClient.kt:98:35 Unresolved reference: level
e: file:///Users/aiw.robson/Documents/Projects/ElectricalAge2/src/main/kotlin/mods/eln/misc/UtilsClient.kt:98:44 Unresolved reference: xCoord
e: file:///Users/aiw.robson/Documents/Projects/ElectricalAge2/src/main/kotlin/mods/eln/misc/UtilsClient.kt:98:54 Unresolved reference: yCoord
e: file:///Users/aiw.robson/Documents/Projects/ElectricalAge2/src/main/kotlin/mods/eln/misc/UtilsClient.kt:98:64 Unresolved reference: zCoord
e: file:///Users/aiw.robson/Documents/Projects/ElectricalAge2/src/main/kotlin/mods/eln/misc/UtilsClient.kt:119:81 Unresolved reference: Entity
e: file:///Users/aiw.robson/Documents/Projects/ElectricalAge2/src/main/kotlin/mods/eln/misc/UtilsClient.kt:122:39 Unresolved reference: MathHelper
e: file:///Users/aiw.robson/Documents/Projects/ElectricalAge2/src/main/kotlin/mods/eln/misc/UtilsClient.kt:122:72 Unresolved reference: MathHelper
e: file:///Users/aiw.robson/Documents/Projects/ElectricalAge2/src/main/kotlin/mods/eln/misc/UtilsClient.kt:122:105 Unresolved reference: MathHelper
e: file:///Users/aiw.robson/Documents/Projects/ElectricalAge2/src/main/kotlin/mods/eln/misc/UtilsClient.kt:134:69 Unresolved reference: Entity
e: file:///Users/aiw.robson/Documents/Projects/ElectricalAge2/src/main/kotlin/mods/eln/misc/UtilsClient.kt:137:9 Overload resolution ambiguity: 
public final fun drawHaloNoLightSetup(halo: Obj3D.Obj3DPart?, r: Float, g: Float, b: Float, e: [Error type: Unresolved type for Entity], bilinear: Boolean): Unit defined in mods.eln.misc.UtilsClient
public final fun drawHaloNoLightSetup(halo: Obj3D.Obj3DPart?, r: Float, g: Float, b: Float, e: TileEntity, bilinear: Boolean): Unit defined in mods.eln.misc.UtilsClient
e: file:///Users/aiw.robson/Documents/Projects/ElectricalAge2/src/main/kotlin/mods/eln/misc/UtilsClient.kt:177:9 Unresolved reference: OpenGlHelper
e: file:///Users/aiw.robson/Documents/Projects/ElectricalAge2/src/main/kotlin/mods/eln/misc/UtilsClient.kt:177:39 Unresolved reference: OpenGlHelper
e: file:///Users/aiw.robson/Documents/Projects/ElectricalAge2/src/main/kotlin/mods/eln/misc/UtilsClient.kt:180:9 Unresolved reference: OpenGlHelper
e: file:///Users/aiw.robson/Documents/Projects/ElectricalAge2/src/main/kotlin/mods/eln/misc/UtilsClient.kt:180:39 Unresolved reference: OpenGlHelper
e: file:///Users/aiw.robson/Documents/Projects/ElectricalAge2/src/main/kotlin/mods/eln/misc/UtilsClient.kt:186:9 Unresolved reference: OpenGlHelper
e: file:///Users/aiw.robson/Documents/Projects/ElectricalAge2/src/main/kotlin/mods/eln/misc/UtilsClient.kt:186:39 Unresolved reference: OpenGlHelper
e: file:///Users/aiw.robson/Documents/Projects/ElectricalAge2/src/main/kotlin/mods/eln/misc/UtilsClient.kt:188:9 Unresolved reference: OpenGlHelper
e: file:///Users/aiw.robson/Documents/Projects/ElectricalAge2/src/main/kotlin/mods/eln/misc/UtilsClient.kt:188:39 Unresolved reference: OpenGlHelper
e: file:///Users/aiw.robson/Documents/Projects/ElectricalAge2/src/main/kotlin/mods/eln/misc/UtilsClient.kt:226:24 Unresolved reference: ItemRenderType
e: file:///Users/aiw.robson/Documents/Projects/ElectricalAge2/src/main/kotlin/mods/eln/misc/UtilsClient.kt:229:13 Unresolved reference: ItemRenderType
e: file:///Users/aiw.robson/Documents/Projects/ElectricalAge2/src/main/kotlin/mods/eln/misc/UtilsClient.kt:243:13 Unresolved reference: ItemRenderType
e: file:///Users/aiw.robson/Documents/Projects/ElectricalAge2/src/main/kotlin/mods/eln/misc/UtilsClient.kt:277:24 Unresolved reference: ItemRenderType
e: file:///Users/aiw.robson/Documents/Projects/ElectricalAge2/src/main/kotlin/mods/eln/misc/UtilsClient.kt:277:46 Unresolved reference: ResourceLocation
e: file:///Users/aiw.robson/Documents/Projects/ElectricalAge2/src/main/kotlin/mods/eln/misc/UtilsClient.kt:282:30 Unresolved reference: ItemRenderType
e: file:///Users/aiw.robson/Documents/Projects/ElectricalAge2/src/main/kotlin/mods/eln/misc/UtilsClient.kt:306:31 Unresolved reference: ResourceLocation
e: file:///Users/aiw.robson/Documents/Projects/ElectricalAge2/src/main/kotlin/mods/eln/misc/UtilsClient.kt:307:19 Unresolved reference: getMinecraft
e: file:///Users/aiw.robson/Documents/Projects/ElectricalAge2/src/main/kotlin/mods/eln/misc/UtilsClient.kt:343:38 Unresolved reference: ResourceLocation
e: file:///Users/aiw.robson/Documents/Projects/ElectricalAge2/src/main/kotlin/mods/eln/misc/UtilsClient.kt:343:68 Unresolved reference: Screen
e: file:///Users/aiw.robson/Documents/Projects/ElectricalAge2/src/main/kotlin/mods/eln/misc/UtilsClient.kt:368:20 Unresolved reference: hoverStart
e: file:///Users/aiw.robson/Documents/Projects/ElectricalAge2/src/main/kotlin/mods/eln/misc/UtilsClient.kt:369:20 Unresolved reference: rotationYaw
e: file:///Users/aiw.robson/Documents/Projects/ElectricalAge2/src/main/kotlin/mods/eln/misc/UtilsClient.kt:370:20 Unresolved reference: motionX
e: file:///Users/aiw.robson/Documents/Projects/ElectricalAge2/src/main/kotlin/mods/eln/misc/UtilsClient.kt:371:20 Unresolved reference: motionY
e: file:///Users/aiw.robson/Documents/Projects/ElectricalAge2/src/main/kotlin/mods/eln/misc/UtilsClient.kt:372:20 Unresolved reference: motionZ
e: file:///Users/aiw.robson/Documents/Projects/ElectricalAge2/src/main/kotlin/mods/eln/misc/UtilsClient.kt:373:20 Unresolved reference: Render
e: file:///Users/aiw.robson/Documents/Projects/ElectricalAge2/src/main/kotlin/mods/eln/misc/UtilsClient.kt:373:29 Unresolved reference: RenderManager
e: file:///Users/aiw.robson/Documents/Projects/ElectricalAge2/src/main/kotlin/mods/eln/misc/UtilsClient.kt:445:21 Unresolved reference: RenderItem
e: file:///Users/aiw.robson/Documents/Projects/ElectricalAge2/src/main/kotlin/mods/eln/misc/UtilsClient.kt:447:54 Unresolved reference: RenderItem
e: file:///Users/aiw.robson/Documents/Projects/ElectricalAge2/src/main/kotlin/mods/eln/misc/UtilsClient.kt:452:26 Unresolved reference: getMinecraft
e: file:///Users/aiw.robson/Documents/Projects/ElectricalAge2/src/main/kotlin/mods/eln/misc/UtilsClient.kt:469:13 Unresolved reference: RenderHelper
e: file:///Users/aiw.robson/Documents/Projects/ElectricalAge2/src/main/kotlin/mods/eln/misc/UtilsClient.kt:473:24 Variable expected
e: file:///Users/aiw.robson/Documents/Projects/ElectricalAge2/src/main/kotlin/mods/eln/misc/UtilsClient.kt:475:19 Unresolved reference: FontRenderer
e: file:///Users/aiw.robson/Documents/Projects/ElectricalAge2/src/main/kotlin/mods/eln/misc/UtilsClient.kt:478:22 Unresolved reference: getFontRenderer
e: file:///Users/aiw.robson/Documents/Projects/ElectricalAge2/src/main/kotlin/mods/eln/misc/UtilsClient.kt:480:39 Unresolved reference: fontRenderer
e: file:///Users/aiw.robson/Documents/Projects/ElectricalAge2/src/main/kotlin/mods/eln/misc/UtilsClient.kt:483:22 Variable expected
e: file:///Users/aiw.robson/Documents/Projects/ElectricalAge2/src/main/kotlin/mods/eln/misc/UtilsClient.kt:485:13 Unresolved reference: RenderHelper
e: file:///Users/aiw.robson/Documents/Projects/ElectricalAge2/src/main/kotlin/mods/eln/misc/UtilsClient.kt:493:23 Unresolved reference: getMinecraft
e: file:///Users/aiw.robson/Documents/Projects/ElectricalAge2/src/main/kotlin/mods/eln/misc/UtilsClient.kt:499:29 Unresolved reference: Entity
e: file:///Users/aiw.robson/Documents/Projects/ElectricalAge2/src/main/kotlin/mods/eln/misc/UtilsClient.kt:501:16 Unresolved reference: Entity
e: file:///Users/aiw.robson/Documents/Projects/ElectricalAge2/src/main/kotlin/mods/eln/misc/UtilsClient.kt:501:35 Unresolved reference: getMinecraft
e: file:///Users/aiw.robson/Documents/Projects/ElectricalAge2/src/main/kotlin/mods/eln/misc/UtilsClient.kt:511:16 Unresolved reference: Entity
e: file:///Users/aiw.robson/Documents/Projects/ElectricalAge2/src/main/kotlin/mods/eln/misc/UtilsClient.kt:511:35 Unresolved reference: getMinecraft
e: file:///Users/aiw.robson/Documents/Projects/ElectricalAge2/src/main/kotlin/mods/eln/misc/UtilsClient.kt:512:28 Unresolved reference: xCoord
e: file:///Users/aiw.robson/Documents/Projects/ElectricalAge2/src/main/kotlin/mods/eln/misc/UtilsClient.kt:513:28 Unresolved reference: yCoord
e: file:///Users/aiw.robson/Documents/Projects/ElectricalAge2/src/main/kotlin/mods/eln/misc/UtilsClient.kt:514:28 Unresolved reference: zCoord
e: file:///Users/aiw.robson/Documents/Projects/ElectricalAge2/src/main/kotlin/mods/eln/misc/UtilsClient.kt:518:21 Unresolved reference: World
e: file:///Users/aiw.robson/Documents/Projects/ElectricalAge2/src/main/kotlin/mods/eln/misc/UtilsClient.kt:519:45 Unresolved reference: EnumSkyBlock
e: file:///Users/aiw.robson/Documents/Projects/ElectricalAge2/src/main/kotlin/mods/eln/misc/UtilsClient.kt:520:45 Unresolved reference: EnumSkyBlock
e: file:///Users/aiw.robson/Documents/Projects/ElectricalAge2/src/main/kotlin/mods/eln/misc/UtilsClient.kt:536:22 Unresolved reference: C17PacketCustomPayload
e: file:///Users/aiw.robson/Documents/Projects/ElectricalAge2/src/main/kotlin/mods/eln/misc/UtilsClient.kt:536:49 Unresolved reference: channelName
e: file:///Users/aiw.robson/Documents/Projects/ElectricalAge2/src/main/kotlin/mods/eln/misc/UtilsClient.kt:537:13 Unresolved reference: eventChannel
e: file:///Users/aiw.robson/Documents/Projects/ElectricalAge2/src/main/kotlin/mods/eln/misc/UtilsClient.kt:537:39 Unresolved reference: FMLProxyPacket
e: file:///Users/aiw.robson/Documents/Projects/ElectricalAge2/src/main/kotlin/mods/eln/misc/UtilsClient.kt:598:16 Unresolved reference: Keyboard
e: file:///Users/aiw.robson/Documents/Projects/ElectricalAge2/src/main/kotlin/mods/eln/misc/UtilsClient.kt:598:35 Unresolved reference: Keyboard
e: file:///Users/aiw.robson/Documents/Projects/ElectricalAge2/src/main/kotlin/mods/eln/misc/UtilsClient.kt:598:59 Unresolved reference: Keyboard
e: file:///Users/aiw.robson/Documents/Projects/ElectricalAge2/src/main/kotlin/mods/eln/misc/UtilsClient.kt:598:78 Unresolved reference: Keyboard
e: file:///Users/aiw.robson/Documents/Projects/ElectricalAge2/src/main/kotlin/mods/eln/misc/UtilsClient.kt:602:16 Unresolved reference: Keyboard
e: file:///Users/aiw.robson/Documents/Projects/ElectricalAge2/src/main/kotlin/mods/eln/misc/UtilsClient.kt:602:35 Unresolved reference: Keyboard
e: file:///Users/aiw.robson/Documents/Projects/ElectricalAge2/src/main/kotlin/mods/eln/misc/UtilsClient.kt:602:61 Unresolved reference: Keyboard
e: file:///Users/aiw.robson/Documents/Projects/ElectricalAge2/src/main/kotlin/mods/eln/misc/UtilsClient.kt:602:80 Unresolved reference: Keyboard
e: file:///Users/aiw.robson/Documents/Projects/ElectricalAge2/src/main/kotlin/mods/eln/misc/UtilsClient.kt:606:27 Unresolved reference: World
e: file:///Users/aiw.robson/Documents/Projects/ElectricalAge2/src/main/kotlin/mods/eln/misc/Version.kt:5:12 Unresolved reference: semver4j
e: file:///Users/aiw.robson/Documents/Projects/ElectricalAge2/src/main/kotlin/mods/eln/misc/Version.kt:18:18 Unresolved reference: Semver
e: file:///Users/aiw.robson/Documents/Projects/ElectricalAge2/src/main/kotlin/mods/eln/misc/Version.kt:19:9 Unresolved reference: Semver
e: file:///Users/aiw.robson/Documents/Projects/ElectricalAge2/src/main/kotlin/mods/eln/misc/Version.kt:50:34 Overload resolution ambiguity: 
public final operator fun times(other: Byte): Int defined in kotlin.Int
public final operator fun times(other: Double): Double defined in kotlin.Int
public final operator fun times(other: Float): Float defined in kotlin.Int
public final operator fun times(other: Int): Int defined in kotlin.Int
public final operator fun times(other: Long): Long defined in kotlin.Int
public final operator fun times(other: Short): Int defined in kotlin.Int
e: file:///Users/aiw.robson/Documents/Projects/ElectricalAge2/src/main/kotlin/mods/eln/misc/Version.kt:50:49 Overload resolution ambiguity: 
public final operator fun times(other: Byte): Int defined in kotlin.Int
public final operator fun times(other: Double): Double defined in kotlin.Int
public final operator fun times(other: Float): Float defined in kotlin.Int
public final operator fun times(other: Int): Int defined in kotlin.Int
public final operator fun times(other: Long): Long defined in kotlin.Int
public final operator fun times(other: Short): Int defined in kotlin.Int
e: file:///Users/aiw.robson/Documents/Projects/ElectricalAge2/src/main/kotlin/mods/eln/misc/WindProcess.kt:48:17 Unresolved reference: hasKey
e: file:///Users/aiw.robson/Documents/Projects/ElectricalAge2/src/main/kotlin/mods/eln/misc/WindProcess.kt:56:13 Unresolved reference: setDouble
e: file:///Users/aiw.robson/Documents/Projects/ElectricalAge2/src/main/kotlin/mods/eln/misc/WindProcess.kt:57:13 Unresolved reference: setDouble
e: file:///Users/aiw.robson/Documents/Projects/ElectricalAge2/src/main/kotlin/mods/eln/misc/WindProcess.kt:58:13 Unresolved reference: setDouble
e: file:///Users/aiw.robson/Documents/Projects/ElectricalAge2/src/main/kotlin/mods/eln/misc/WindProcess.kt:59:13 Unresolved reference: setFloat
e: file:///Users/aiw.robson/Documents/Projects/ElectricalAge2/src/main/kotlin/mods/eln/node/AutoAcceptInventoryProxy.kt:6:22 Unresolved reference: electricalinterface
e: file:///Users/aiw.robson/Documents/Projects/ElectricalAge2/src/main/kotlin/mods/eln/node/AutoAcceptInventoryProxy.kt:7:22 Unresolved reference: entity
e: file:///Users/aiw.robson/Documents/Projects/ElectricalAge2/src/main/kotlin/mods/eln/node/AutoAcceptInventoryProxy.kt:34:39 Unresolved reference: IItemEnergyBattery
e: file:///Users/aiw.robson/Documents/Projects/ElectricalAge2/src/main/kotlin/mods/eln/node/AutoAcceptInventoryProxy.kt:34:69 Unresolved reference: setEnergy
e: file:///Users/aiw.robson/Documents/Projects/ElectricalAge2/src/main/kotlin/mods/eln/node/AutoAcceptInventoryProxy.kt:34:96 Unresolved reference: getEnergy
e: file:///Users/aiw.robson/Documents/Projects/ElectricalAge2/src/main/kotlin/mods/eln/node/AutoAcceptInventoryProxy.kt:41:59 Unresolved reference: getDescriptor
e: file:///Users/aiw.robson/Documents/Projects/ElectricalAge2/src/main/kotlin/mods/eln/node/AutoAcceptInventoryProxy.kt:41:91 Cannot infer a type for this parameter. Please specify it explicitly.
e: file:///Users/aiw.robson/Documents/Projects/ElectricalAge2/src/main/kotlin/mods/eln/node/AutoAcceptInventoryProxy.kt:45:29 'return' is not allowed here
e: file:///Users/aiw.robson/Documents/Projects/ElectricalAge2/src/main/kotlin/mods/eln/node/AutoAcceptInventoryProxy.kt:73:86 Unresolved reference: getDescriptor
e: file:///Users/aiw.robson/Documents/Projects/ElectricalAge2/src/main/kotlin/mods/eln/node/AutoAcceptInventoryProxy.kt:74:77 Unresolved reference: getDescriptor
e: file:///Users/aiw.robson/Documents/Projects/ElectricalAge2/src/main/kotlin/mods/eln/node/AutoAcceptInventoryProxy.kt:105:51 Unresolved reference: getDescriptor
e: file:///Users/aiw.robson/Documents/Projects/ElectricalAge2/src/main/kotlin/mods/eln/node/AutoAcceptInventoryProxy.kt:106:47 Unresolved reference: javaClass
e: file:///Users/aiw.robson/Documents/Projects/ElectricalAge2/src/main/kotlin/mods/eln/node/AutoAcceptInventoryProxy.kt:109:49 Unresolved reference: newItemStack
e: file:///Users/aiw.robson/Documents/Projects/ElectricalAge2/src/main/kotlin/mods/eln/node/AutoAcceptInventoryProxy.kt:110:21 'return' is not allowed here
e: file:///Users/aiw.robson/Documents/Projects/ElectricalAge2/src/main/kotlin/mods/eln/node/AutoAcceptInventoryProxy.kt:118:78 Unresolved reference: sizeInventory
e: file:///Users/aiw.robson/Documents/Projects/ElectricalAge2/src/main/kotlin/mods/eln/node/AutoAcceptInventoryProxy.kt:157:23 Unresolved reference: InventoryPlayer
e: file:///Users/aiw.robson/Documents/Projects/ElectricalAge2/src/main/kotlin/mods/eln/node/AutoAcceptInventoryProxy.kt:170:30 Unresolved reference: syncEntireInventory
e: file:///Users/aiw.robson/Documents/Projects/ElectricalAge2/src/main/kotlin/mods/eln/node/INodeEntity.kt:4:33 Unresolved reference: Screen
e: file:///Users/aiw.robson/Documents/Projects/ElectricalAge2/src/main/kotlin/mods/eln/node/INodeEntity.kt:14:6 Unresolved reference: SideOnly
e: file:///Users/aiw.robson/Documents/Projects/ElectricalAge2/src/main/kotlin/mods/eln/node/INodeEntity.kt:14:15 Unresolved reference: Side
e: file:///Users/aiw.robson/Documents/Projects/ElectricalAge2/src/main/kotlin/mods/eln/node/INodeEntity.kt:15:54 Unresolved reference: Screen
e: file:///Users/aiw.robson/Documents/Projects/ElectricalAge2/src/main/kotlin/mods/eln/node/INodeEntity.kt:16:56 Unresolved reference: Container
e: file:///Users/aiw.robson/Documents/Projects/ElectricalAge2/src/main/kotlin/mods/eln/node/Node.kt:6:28 Unresolved reference: EnumSkyBlock
e: file:///Users/aiw.robson/Documents/Projects/ElectricalAge2/src/main/kotlin/mods/eln/node/Node.kt:20:36 Unresolved reference: updateLightByType
e: file:///Users/aiw.robson/Documents/Projects/ElectricalAge2/src/main/kotlin/mods/eln/node/Node.kt:20:54 Unresolved reference: EnumSkyBlock
e: file:///Users/aiw.robson/Documents/Projects/ElectricalAge2/src/main/kotlin/mods/eln/node/Node.kt:32:13 Unresolved reference: setByte
e: file:///Users/aiw.robson/Documents/Projects/ElectricalAge2/src/main/kotlin/mods/eln/node/Node.kt:49:36 Unresolved reference: getTileEntity
e: file:///Users/aiw.robson/Documents/Projects/ElectricalAge2/src/main/kotlin/mods/eln/node/NodeBase.kt:7:42 Unresolved reference: ServerPlayer
e: file:///Users/aiw.robson/Documents/Projects/ElectricalAge2/src/main/kotlin/mods/eln/node/NodeBase.kt:16:17 Unresolved reference: GuiHandler
e: file:///Users/aiw.robson/Documents/Projects/ElectricalAge2/src/main/kotlin/mods/eln/node/NodeBase.kt:27:34 Unresolved reference: LevelServer
e: file:///Users/aiw.robson/Documents/Projects/ElectricalAge2/src/main/kotlin/mods/eln/node/NodeBase.kt:37:22 Unresolved reference: entity
e: file:///Users/aiw.robson/Documents/Projects/ElectricalAge2/src/main/kotlin/mods/eln/node/NodeBase.kt:63:66 Unresolved reference: ServerPlayer
e: file:///Users/aiw.robson/Documents/Projects/ElectricalAge2/src/main/kotlin/mods/eln/node/NodeBase.kt:65:28 Unresolved reference: notifyBlockChange
e: file:///Users/aiw.robson/Documents/Projects/ElectricalAge2/src/main/kotlin/mods/eln/node/NodeBase.kt:65:99 Unresolved reference: block
e: file:///Users/aiw.robson/Documents/Projects/ElectricalAge2/src/main/kotlin/mods/eln/node/NodeBase.kt:81:23 Unresolved reference: applyTo
e: file:///Users/aiw.robson/Documents/Projects/ElectricalAge2/src/main/kotlin/mods/eln/node/NodeBase.kt:82:27 Unresolved reference: getBlock
e: file:///Users/aiw.robson/Documents/Projects/ElectricalAge2/src/main/kotlin/mods/eln/node/NodeBase.kt:114:28 Unresolved reference: setBlockToAir
e: file:///Users/aiw.robson/Documents/Projects/ElectricalAge2/src/main/kotlin/mods/eln/node/NodeBase.kt:117:32 Unresolved reference: createExplosion
e: file:///Users/aiw.robson/Documents/Projects/ElectricalAge2/src/main/kotlin/mods/eln/node/NodeBase.kt:117:56 Unresolved reference: Entity
e: file:///Users/aiw.robson/Documents/Projects/ElectricalAge2/src/main/kotlin/mods/eln/node/NodeBase.kt:126:81 Unresolved reference: itemDamage
e: file:///Users/aiw.robson/Documents/Projects/ElectricalAge2/src/main/kotlin/mods/eln/node/NodeBase.kt:136:19 Unresolved reference: applyTo
e: file:///Users/aiw.robson/Documents/Projects/ElectricalAge2/src/main/kotlin/mods/eln/node/NodeBase.kt:149:27 Cannot access 'level': it is invisible (private in a supertype) in 'Player'
e: file:///Users/aiw.robson/Documents/Projects/ElectricalAge2/src/main/kotlin/mods/eln/node/NodeBase.kt:149:33 Unresolved reference: isRemote
e: file:///Users/aiw.robson/Documents/Projects/ElectricalAge2/src/main/kotlin/mods/eln/node/NodeBase.kt:149:58 Unresolved reference: currentEquippedItem
e: file:///Users/aiw.robson/Documents/Projects/ElectricalAge2/src/main/kotlin/mods/eln/node/NodeBase.kt:150:41 Unresolved reference: currentEquippedItem
e: file:///Users/aiw.robson/Documents/Projects/ElectricalAge2/src/main/kotlin/mods/eln/node/NodeBase.kt:151:39 Unresolved reference: checkSameItemStack
e: file:///Users/aiw.robson/Documents/Projects/ElectricalAge2/src/main/kotlin/mods/eln/node/NodeBase.kt:156:40 Unresolved reference: checkSameItemStack
e: file:///Users/aiw.robson/Documents/Projects/ElectricalAge2/src/main/kotlin/mods/eln/node/NodeBase.kt:161:37 Unresolved reference: checkSameItemStack
e: file:///Users/aiw.robson/Documents/Projects/ElectricalAge2/src/main/kotlin/mods/eln/node/NodeBase.kt:170:43 Unresolved reference: checkSameItemStack
e: file:///Users/aiw.robson/Documents/Projects/ElectricalAge2/src/main/kotlin/mods/eln/node/NodeBase.kt:172:30 Variable expected
e: file:///Users/aiw.robson/Documents/Projects/ElectricalAge2/src/main/kotlin/mods/eln/node/NodeBase.kt:176:34 Unresolved reference: isSneaking
e: file:///Users/aiw.robson/Documents/Projects/ElectricalAge2/src/main/kotlin/mods/eln/node/NodeBase.kt:184:34 Unresolved reference: posX
e: file:///Users/aiw.robson/Documents/Projects/ElectricalAge2/src/main/kotlin/mods/eln/node/NodeBase.kt:185:34 Unresolved reference: posY
e: file:///Users/aiw.robson/Documents/Projects/ElectricalAge2/src/main/kotlin/mods/eln/node/NodeBase.kt:186:34 Unresolved reference: posZ
e: file:///Users/aiw.robson/Documents/Projects/ElectricalAge2/src/main/kotlin/mods/eln/node/NodeBase.kt:187:34 Cannot access 'level': it is invisible (private in a supertype) in 'Player'
e: file:///Users/aiw.robson/Documents/Projects/ElectricalAge2/src/main/kotlin/mods/eln/node/NodeBase.kt:194:26 Unresolved reference: openGui
e: file:///Users/aiw.robson/Documents/Projects/ElectricalAge2/src/main/kotlin/mods/eln/node/NodeBase.kt:194:48 Unresolved reference: GuiHandler
e: file:///Users/aiw.robson/Documents/Projects/ElectricalAge2/src/main/kotlin/mods/eln/node/NodeBase.kt:219:31 Unresolved reference: applyTo
e: file:///Users/aiw.robson/Documents/Projects/ElectricalAge2/src/main/kotlin/mods/eln/node/NodeBase.kt:225:37 Unresolved reference: applyTo
e: file:///Users/aiw.robson/Documents/Projects/ElectricalAge2/src/main/kotlin/mods/eln/node/NodeBase.kt:228:58 Function invocation 'inverse()' expected
e: file:///Users/aiw.robson/Documents/Projects/ElectricalAge2/src/main/kotlin/mods/eln/node/NodeBase.kt:229:56 Unresolved reference: getLRDUGoingTo
e: file:///Users/aiw.robson/Documents/Projects/ElectricalAge2/src/main/kotlin/mods/eln/node/NodeBase.kt:242:75 Function invocation 'inverse()' expected
e: file:///Users/aiw.robson/Documents/Projects/ElectricalAge2/src/main/kotlin/mods/eln/node/NodeBase.kt:306:13 Unresolved reference: setByte
e: file:///Users/aiw.robson/Documents/Projects/ElectricalAge2/src/main/kotlin/mods/eln/node/NodeBase.kt:307:13 Unresolved reference: setByte
e: file:///Users/aiw.robson/Documents/Projects/ElectricalAge2/src/main/kotlin/mods/eln/node/NodeBase.kt:338:34 Unresolved reference: packetForClientNode
e: file:///Users/aiw.robson/Documents/Projects/ElectricalAge2/src/main/kotlin/mods/eln/node/NodeBase.kt:349:65 Unresolved reference: ServerPlayer
e: file:///Users/aiw.robson/Documents/Projects/ElectricalAge2/src/main/kotlin/mods/eln/node/NodeBase.kt:355:22 Unresolved reference: FMLCommonHandler
e: file:///Users/aiw.robson/Documents/Projects/ElectricalAge2/src/main/kotlin/mods/eln/node/NodeBase.kt:357:33 Unresolved reference: ServerPlayer
e: file:///Users/aiw.robson/Documents/Projects/ElectricalAge2/src/main/kotlin/mods/eln/node/NodeBase.kt:358:47 Unresolved reference: getServer
e: file:///Users/aiw.robson/Documents/Projects/ElectricalAge2/src/main/kotlin/mods/eln/node/NodeBase.kt:358:106 Unresolved reference: WorldServer
e: file:///Users/aiw.robson/Documents/Projects/ElectricalAge2/src/main/kotlin/mods/eln/node/NodeBase.kt:362:28 Unresolved reference: distanceTo
e: file:///Users/aiw.robson/Documents/Projects/ElectricalAge2/src/main/kotlin/mods/eln/node/NodeBase.kt:372:38 Unresolved reference: packetNodeSingleSerialized
e: file:///Users/aiw.robson/Documents/Projects/ElectricalAge2/src/main/kotlin/mods/eln/node/NodeBase.kt:387:22 Unresolved reference: FMLCommonHandler
e: file:///Users/aiw.robson/Documents/Projects/ElectricalAge2/src/main/kotlin/mods/eln/node/NodeBase.kt:389:33 Unresolved reference: ServerPlayer
e: file:///Users/aiw.robson/Documents/Projects/ElectricalAge2/src/main/kotlin/mods/eln/node/NodeBase.kt:390:47 Unresolved reference: getServer
e: file:///Users/aiw.robson/Documents/Projects/ElectricalAge2/src/main/kotlin/mods/eln/node/NodeBase.kt:390:106 Unresolved reference: WorldServer
e: file:///Users/aiw.robson/Documents/Projects/ElectricalAge2/src/main/kotlin/mods/eln/node/NodeBase.kt:403:33 Unresolved reference: ServerPlayer
e: file:///Users/aiw.robson/Documents/Projects/ElectricalAge2/src/main/kotlin/mods/eln/node/NodeBase.kt:409:42 Unresolved reference: getGameRuleBooleanValue
e: file:///Users/aiw.robson/Documents/Projects/ElectricalAge2/src/main/kotlin/mods/eln/node/NodeBase.kt:411:44 Unresolved reference: rand
e: file:///Users/aiw.robson/Documents/Projects/ElectricalAge2/src/main/kotlin/mods/eln/node/NodeBase.kt:412:44 Unresolved reference: rand
e: file:///Users/aiw.robson/Documents/Projects/ElectricalAge2/src/main/kotlin/mods/eln/node/NodeBase.kt:413:45 Unresolved reference: rand
e: file:///Users/aiw.robson/Documents/Projects/ElectricalAge2/src/main/kotlin/mods/eln/node/NodeBase.kt:414:80 Overload resolution ambiguity: 
public final operator fun plus(other: Byte): Double defined in kotlin.Double
public final operator fun plus(other: Double): Double defined in kotlin.Double
public final operator fun plus(other: Float): Double defined in kotlin.Double
public final operator fun plus(other: Int): Double defined in kotlin.Double
public final operator fun plus(other: Long): Double defined in kotlin.Double
public final operator fun plus(other: Short): Double defined in kotlin.Double
e: file:///Users/aiw.robson/Documents/Projects/ElectricalAge2/src/main/kotlin/mods/eln/node/NodeBase.kt:414:112 Overload resolution ambiguity: 
public final operator fun plus(other: Byte): Double defined in kotlin.Double
public final operator fun plus(other: Double): Double defined in kotlin.Double
public final operator fun plus(other: Float): Double defined in kotlin.Double
public final operator fun plus(other: Int): Double defined in kotlin.Double
public final operator fun plus(other: Long): Double defined in kotlin.Double
public final operator fun plus(other: Short): Double defined in kotlin.Double
e: file:///Users/aiw.robson/Documents/Projects/ElectricalAge2/src/main/kotlin/mods/eln/node/NodeBase.kt:414:144 Overload resolution ambiguity: 
public final operator fun plus(other: Byte): Double defined in kotlin.Double
public final operator fun plus(other: Double): Double defined in kotlin.Double
public final operator fun plus(other: Float): Double defined in kotlin.Double
public final operator fun plus(other: Int): Double defined in kotlin.Double
public final operator fun plus(other: Long): Double defined in kotlin.Double
public final operator fun plus(other: Short): Double defined in kotlin.Double
e: file:///Users/aiw.robson/Documents/Projects/ElectricalAge2/src/main/kotlin/mods/eln/node/NodeBase.kt:415:19 Unresolved reference: delayBeforeCanPickup
e: file:///Users/aiw.robson/Documents/Projects/ElectricalAge2/src/main/kotlin/mods/eln/node/NodeBase.kt:416:32 Unresolved reference: spawnEntityInWorld
e: file:///Users/aiw.robson/Documents/Projects/ElectricalAge2/src/main/kotlin/mods/eln/node/NodeBase.kt:422:39 Unresolved reference: sizeInventory
e: file:///Users/aiw.robson/Documents/Projects/ElectricalAge2/src/main/kotlin/mods/eln/node/NodeBase.kt:460:47 Unresolved reference: World
e: file:///Users/aiw.robson/Documents/Projects/ElectricalAge2/src/main/kotlin/mods/eln/node/NodeBase.kt:461:23 Unresolved reference: isReplaceable
e: file:///Users/aiw.robson/Documents/Projects/ElectricalAge2/src/main/kotlin/mods/eln/node/NodeBase.kt:462:34 Unresolved reference: air
e: file:///Users/aiw.robson/Documents/Projects/ElectricalAge2/src/main/kotlin/mods/eln/node/NodeBase.kt:463:31 Unresolved reference: sixNodeBlock
e: file:///Users/aiw.robson/Documents/Projects/ElectricalAge2/src/main/kotlin/mods/eln/node/NodeBase.kt:465:34 Unresolved reference: torch
e: file:///Users/aiw.robson/Documents/Projects/ElectricalAge2/src/main/kotlin/mods/eln/node/NodeBase.kt:466:34 Unresolved reference: redstone_torch
e: file:///Users/aiw.robson/Documents/Projects/ElectricalAge2/src/main/kotlin/mods/eln/node/NodeBase.kt:467:34 Unresolved reference: unlit_redstone_torch
e: file:///Users/aiw.robson/Documents/Projects/ElectricalAge2/src/main/kotlin/mods/eln/node/NodeBase.kt:468:37 Unresolved reference: redstone_wire
e: file:///Users/aiw.robson/Documents/Projects/ElectricalAge2/src/main/kotlin/mods/eln/node/NodeBlock.kt:4:42 Unresolved reference: fromIntMinecraftSide
e: file:///Users/aiw.robson/Documents/Projects/ElectricalAge2/src/main/kotlin/mods/eln/node/NodeBlock.kt:5:28 Unresolved reference: isRemote
e: file:///Users/aiw.robson/Documents/Projects/ElectricalAge2/src/main/kotlin/mods/eln/node/NodeBlock.kt:27:44 Unresolved reference: fromIntMinecraftSide
e: file:///Users/aiw.robson/Documents/Projects/ElectricalAge2/src/main/kotlin/mods/eln/node/NodeBlock.kt:66:52 Unresolved reference: fromIntMinecraftSide
e: file:///Users/aiw.robson/Documents/Projects/ElectricalAge2/src/main/kotlin/mods/eln/node/NodeBlockEntity.kt:9:28 Unresolved reference: fatal
e: file:///Users/aiw.robson/Documents/Projects/ElectricalAge2/src/main/kotlin/mods/eln/node/NodeBlockEntity.kt:10:28 Unresolved reference: notifyNeighbor
e: file:///Users/aiw.robson/Documents/Projects/ElectricalAge2/src/main/kotlin/mods/eln/node/NodeBlockEntity.kt:15:33 Unresolved reference: Screen
e: file:///Users/aiw.robson/Documents/Projects/ElectricalAge2/src/main/kotlin/mods/eln/node/NodeBlockEntity.kt:20:30 Unresolved reference: Packet
e: file:///Users/aiw.robson/Documents/Projects/ElectricalAge2/src/main/kotlin/mods/eln/node/NodeBlockEntity.kt:35:17 Unresolved reference: getBlockType
e: file:///Users/aiw.robson/Documents/Projects/ElectricalAge2/src/main/kotlin/mods/eln/node/NodeBlockEntity.kt:44:17 Unresolved reference: notifyNeighbor
e: file:///Users/aiw.robson/Documents/Projects/ElectricalAge2/src/main/kotlin/mods/eln/node/NodeBlockEntity.kt:51:23 Unresolved reference: notifyBlockChange
e: file:///Users/aiw.robson/Documents/Projects/ElectricalAge2/src/main/kotlin/mods/eln/node/NodeBlockEntity.kt:51:41 Unresolved reference: xCoord
e: file:///Users/aiw.robson/Documents/Projects/ElectricalAge2/src/main/kotlin/mods/eln/node/NodeBlockEntity.kt:51:49 Unresolved reference: yCoord
e: file:///Users/aiw.robson/Documents/Projects/ElectricalAge2/src/main/kotlin/mods/eln/node/NodeBlockEntity.kt:51:57 Unresolved reference: zCoord
e: file:///Users/aiw.robson/Documents/Projects/ElectricalAge2/src/main/kotlin/mods/eln/node/NodeBlockEntity.kt:51:65 Unresolved reference: getBlockType
e: file:///Users/aiw.robson/Documents/Projects/ElectricalAge2/src/main/kotlin/mods/eln/node/NodeBlockEntity.kt:64:19 Unresolved reference: updateLightByType
e: file:///Users/aiw.robson/Documents/Projects/ElectricalAge2/src/main/kotlin/mods/eln/node/NodeBlockEntity.kt:64:37 Unresolved reference: EnumSkyBlock
e: file:///Users/aiw.robson/Documents/Projects/ElectricalAge2/src/main/kotlin/mods/eln/node/NodeBlockEntity.kt:64:57 Unresolved reference: xCoord
e: file:///Users/aiw.robson/Documents/Projects/ElectricalAge2/src/main/kotlin/mods/eln/node/NodeBlockEntity.kt:64:65 Unresolved reference: yCoord
e: file:///Users/aiw.robson/Documents/Projects/ElectricalAge2/src/main/kotlin/mods/eln/node/NodeBlockEntity.kt:64:73 Unresolved reference: zCoord
e: file:///Users/aiw.robson/Documents/Projects/ElectricalAge2/src/main/kotlin/mods/eln/node/NodeBlockEntity.kt:76:23 Unresolved reference: isRemote
e: file:///Users/aiw.robson/Documents/Projects/ElectricalAge2/src/main/kotlin/mods/eln/node/NodeBlockEntity.kt:77:17 Unresolved reference: fatal
e: file:///Users/aiw.robson/Documents/Projects/ElectricalAge2/src/main/kotlin/mods/eln/node/NodeBlockEntity.kt:80:98 Unresolved reference: xCoord
e: file:///Users/aiw.robson/Documents/Projects/ElectricalAge2/src/main/kotlin/mods/eln/node/NodeBlockEntity.kt:80:106 Unresolved reference: yCoord
e: file:///Users/aiw.robson/Documents/Projects/ElectricalAge2/src/main/kotlin/mods/eln/node/NodeBlockEntity.kt:80:114 Unresolved reference: zCoord
e: file:///Users/aiw.robson/Documents/Projects/ElectricalAge2/src/main/kotlin/mods/eln/node/NodeBlockEntity.kt:80:122 Type mismatch: inferred type is Level? but Int was expected
e: file:///Users/aiw.robson/Documents/Projects/ElectricalAge2/src/main/kotlin/mods/eln/node/NodeBlockEntity.kt:84:83 Unresolved reference: xCoord
e: file:///Users/aiw.robson/Documents/Projects/ElectricalAge2/src/main/kotlin/mods/eln/node/NodeBlockEntity.kt:84:91 Unresolved reference: yCoord
e: file:///Users/aiw.robson/Documents/Projects/ElectricalAge2/src/main/kotlin/mods/eln/node/NodeBlockEntity.kt:84:99 Unresolved reference: zCoord
e: file:///Users/aiw.robson/Documents/Projects/ElectricalAge2/src/main/kotlin/mods/eln/node/NodeBlockEntity.kt:84:107 Type mismatch: inferred type is Level? but Int was expected
e: file:///Users/aiw.robson/Documents/Projects/ElectricalAge2/src/main/kotlin/mods/eln/node/NodeBlockEntity.kt:88:36 Unresolved reference: xCoord
e: file:///Users/aiw.robson/Documents/Projects/ElectricalAge2/src/main/kotlin/mods/eln/node/NodeBlockEntity.kt:88:44 Unresolved reference: yCoord
e: file:///Users/aiw.robson/Documents/Projects/ElectricalAge2/src/main/kotlin/mods/eln/node/NodeBlockEntity.kt:88:52 Unresolved reference: zCoord
e: file:///Users/aiw.robson/Documents/Projects/ElectricalAge2/src/main/kotlin/mods/eln/node/NodeBlockEntity.kt:88:60 Type mismatch: inferred type is Level? but Int was expected
e: file:///Users/aiw.robson/Documents/Projects/ElectricalAge2/src/main/kotlin/mods/eln/node/NodeBlockEntity.kt:98:63 Unresolved reference: Screen
e: file:///Users/aiw.robson/Documents/Projects/ElectricalAge2/src/main/kotlin/mods/eln/node/NodeBlockEntity.kt:104:6 Unresolved reference: SideOnly
e: file:///Users/aiw.robson/Documents/Projects/ElectricalAge2/src/main/kotlin/mods/eln/node/NodeBlockEntity.kt:104:15 Unresolved reference: Side
e: file:///Users/aiw.robson/Documents/Projects/ElectricalAge2/src/main/kotlin/mods/eln/node/NodeBlockEntity.kt:107:18 Unresolved reference: getBoundingBox
e: file:///Users/aiw.robson/Documents/Projects/ElectricalAge2/src/main/kotlin/mods/eln/node/NodeBlockEntity.kt:107:34 Unresolved reference: xCoord
e: file:///Users/aiw.robson/Documents/Projects/ElectricalAge2/src/main/kotlin/mods/eln/node/NodeBlockEntity.kt:107:59 Unresolved reference: yCoord
e: file:///Users/aiw.robson/Documents/Projects/ElectricalAge2/src/main/kotlin/mods/eln/node/NodeBlockEntity.kt:107:84 Unresolved reference: zCoord
e: file:///Users/aiw.robson/Documents/Projects/ElectricalAge2/src/main/kotlin/mods/eln/node/NodeBlockEntity.kt:107:109 Unresolved reference: xCoord
e: file:///Users/aiw.robson/Documents/Projects/ElectricalAge2/src/main/kotlin/mods/eln/node/NodeBlockEntity.kt:107:134 Unresolved reference: yCoord
e: file:///Users/aiw.robson/Documents/Projects/ElectricalAge2/src/main/kotlin/mods/eln/node/NodeBlockEntity.kt:107:159 Unresolved reference: zCoord
e: file:///Users/aiw.robson/Documents/Projects/ElectricalAge2/src/main/kotlin/mods/eln/node/NodeBlockEntity.kt:118:27 Unresolved reference: isRemote
e: file:///Users/aiw.robson/Documents/Projects/ElectricalAge2/src/main/kotlin/mods/eln/node/NodeBlockEntity.kt:129:5 'readFromNBT' overrides nothing
e: file:///Users/aiw.robson/Documents/Projects/ElectricalAge2/src/main/kotlin/mods/eln/node/NodeBlockEntity.kt:130:15 Unresolved reference: readFromNBT
e: file:///Users/aiw.robson/Documents/Projects/ElectricalAge2/src/main/kotlin/mods/eln/node/NodeBlockEntity.kt:136:5 'writeToNBT' overrides nothing
e: file:///Users/aiw.robson/Documents/Projects/ElectricalAge2/src/main/kotlin/mods/eln/node/NodeBlockEntity.kt:137:15 Unresolved reference: writeToNBT
e: file:///Users/aiw.robson/Documents/Projects/ElectricalAge2/src/main/kotlin/mods/eln/node/NodeBlockEntity.kt:141:6 Unresolved reference: SideOnly
e: file:///Users/aiw.robson/Documents/Projects/ElectricalAge2/src/main/kotlin/mods/eln/node/NodeBlockEntity.kt:141:15 Unresolved reference: Side
e: file:///Users/aiw.robson/Documents/Projects/ElectricalAge2/src/main/kotlin/mods/eln/node/NodeBlockEntity.kt:142:5 'getMaxRenderDistanceSquared' overrides nothing
e: file:///Users/aiw.robson/Documents/Projects/ElectricalAge2/src/main/kotlin/mods/eln/node/NodeBlockEntity.kt:147:5 'canUpdate' overrides nothing
e: file:///Users/aiw.robson/Documents/Projects/ElectricalAge2/src/main/kotlin/mods/eln/node/NodeBlockEntity.kt:152:5 'updateEntity' overrides nothing
e: file:///Users/aiw.robson/Documents/Projects/ElectricalAge2/src/main/kotlin/mods/eln/node/NodeBlockEntity.kt:155:24 Unresolved reference: isRemote
e: file:///Users/aiw.robson/Documents/Projects/ElectricalAge2/src/main/kotlin/mods/eln/node/NodeBlockEntity.kt:164:20 Unresolved reference: isRemote
e: file:///Users/aiw.robson/Documents/Projects/ElectricalAge2/src/main/kotlin/mods/eln/node/NodeBlockEntity.kt:165:19 Unresolved reference: setBlockToAir
e: file:///Users/aiw.robson/Documents/Projects/ElectricalAge2/src/main/kotlin/mods/eln/node/NodeBlockEntity.kt:165:33 Unresolved reference: xCoord
e: file:///Users/aiw.robson/Documents/Projects/ElectricalAge2/src/main/kotlin/mods/eln/node/NodeBlockEntity.kt:165:41 Unresolved reference: yCoord
e: file:///Users/aiw.robson/Documents/Projects/ElectricalAge2/src/main/kotlin/mods/eln/node/NodeBlockEntity.kt:165:49 Unresolved reference: zCoord
e: file:///Users/aiw.robson/Documents/Projects/ElectricalAge2/src/main/kotlin/mods/eln/node/NodeBlockEntity.kt:170:20 Unresolved reference: isRemote
e: file:///Users/aiw.robson/Documents/Projects/ElectricalAge2/src/main/kotlin/mods/eln/node/NodeBlockEntity.kt:176:5 'onChunkUnload' overrides nothing
e: file:///Users/aiw.robson/Documents/Projects/ElectricalAge2/src/main/kotlin/mods/eln/node/NodeBlockEntity.kt:177:19 Unresolved reference: isRemote
e: file:///Users/aiw.robson/Documents/Projects/ElectricalAge2/src/main/kotlin/mods/eln/node/NodeBlockEntity.kt:187:5 'invalidate' overrides nothing
e: file:///Users/aiw.robson/Documents/Projects/ElectricalAge2/src/main/kotlin/mods/eln/node/NodeBlockEntity.kt:188:19 Unresolved reference: isRemote
e: file:///Users/aiw.robson/Documents/Projects/ElectricalAge2/src/main/kotlin/mods/eln/node/NodeBlockEntity.kt:191:15 Unresolved reference: invalidate
e: file:///Users/aiw.robson/Documents/Projects/ElectricalAge2/src/main/kotlin/mods/eln/node/NodeBlockEntity.kt:195:20 Unresolved reference: isRemote
e: file:///Users/aiw.robson/Documents/Projects/ElectricalAge2/src/main/kotlin/mods/eln/node/NodeBlockEntity.kt:206:20 Unresolved reference: isRemote
e: file:///Users/aiw.robson/Documents/Projects/ElectricalAge2/src/main/kotlin/mods/eln/node/NodeBlockEntity.kt:212:5 'getDescriptionPacket' overrides nothing
e: file:///Users/aiw.robson/Documents/Projects/ElectricalAge2/src/main/kotlin/mods/eln/node/NodeBlockEntity.kt:212:42 Unresolved reference: Packet
e: file:///Users/aiw.robson/Documents/Projects/ElectricalAge2/src/main/kotlin/mods/eln/node/NodeBlockEntity.kt:218:16 Unresolved reference: S3FPacketCustomPayload
e: file:///Users/aiw.robson/Documents/Projects/ElectricalAge2/src/main/kotlin/mods/eln/node/NodeBlockEntity.kt:218:43 Unresolved reference: channelName
e: file:///Users/aiw.robson/Documents/Projects/ElectricalAge2/src/main/kotlin/mods/eln/node/NodeBlockEntity.kt:223:34 Unresolved reference: packetPublishForNode
e: file:///Users/aiw.robson/Documents/Projects/ElectricalAge2/src/main/kotlin/mods/eln/node/NodeBlockEntity.kt:224:29 Unresolved reference: xCoord
e: file:///Users/aiw.robson/Documents/Projects/ElectricalAge2/src/main/kotlin/mods/eln/node/NodeBlockEntity.kt:225:29 Unresolved reference: yCoord
e: file:///Users/aiw.robson/Documents/Projects/ElectricalAge2/src/main/kotlin/mods/eln/node/NodeBlockEntity.kt:226:29 Unresolved reference: zCoord
e: file:///Users/aiw.robson/Documents/Projects/ElectricalAge2/src/main/kotlin/mods/eln/node/NodeBlockEntity.kt:227:36 Unresolved reference: provider
e: file:///Users/aiw.robson/Documents/Projects/ElectricalAge2/src/main/kotlin/mods/eln/node/NodeBlockEntity.kt:247:26 Unresolved reference: isRemote
e: file:///Users/aiw.robson/Documents/Projects/ElectricalAge2/src/main/kotlin/mods/eln/node/NodeBlockEntity.kt:259:25 Unresolved reference: TileEntity
e: file:///Users/aiw.robson/Documents/Projects/ElectricalAge2/src/main/kotlin/mods/eln/node/NodeBlockEntity.kt:260:27 Unresolved reference: getMinecraft
e: file:///Users/aiw.robson/Documents/Projects/ElectricalAge2/src/main/kotlin/mods/eln/node/NodeBlockEntity.kt:260:90 Expression expected, but a package name found
e: file:///Users/aiw.robson/Documents/Projects/ElectricalAge2/src/main/kotlin/mods/eln/node/NodeBlockEntity.kt:261:21 Variable 'entity' must be initialized
e: file:///Users/aiw.robson/Documents/Projects/ElectricalAge2/src/main/kotlin/mods/eln/node/NodeBlockItem.kt:5:22 Unresolved reference: item
e: file:///Users/aiw.robson/Documents/Projects/ElectricalAge2/src/main/kotlin/mods/eln/node/NodeBlockItem.kt:9:34 Unresolved reference: ItemBlock
e: file:///Users/aiw.robson/Documents/Projects/ElectricalAge2/src/main/kotlin/mods/eln/node/NodeBlockItem.kt:11:5 'getMetadata' overrides nothing
e: file:///Users/aiw.robson/Documents/Projects/ElectricalAge2/src/main/kotlin/mods/eln/node/NodeBlockItem.kt:16:23 Unresolved reference: getBlockFromItem
e: file:///Users/aiw.robson/Documents/Projects/ElectricalAge2/src/main/kotlin/mods/eln/node/NodeBlockItem.kt:19:9 Unresolved reference: unlocalizedName
e: file:///Users/aiw.robson/Documents/Projects/ElectricalAge2/src/main/kotlin/mods/eln/node/NodeEntityClientSender.kt:5:22 Unresolved reference: tileentity
e: file:///Users/aiw.robson/Documents/Projects/ElectricalAge2/src/main/kotlin/mods/eln/node/NodeEntityClientSender.kt:10:45 Unresolved reference: TileEntity
e: file:///Users/aiw.robson/Documents/Projects/ElectricalAge2/src/main/kotlin/mods/eln/node/NodeEntityClientSender.kt:13:34 Unresolved reference: packetPublishForNode
e: file:///Users/aiw.robson/Documents/Projects/ElectricalAge2/src/main/kotlin/mods/eln/node/NodeManager.kt:4:28 Unresolved reference: getTags
e: file:///Users/aiw.robson/Documents/Projects/ElectricalAge2/src/main/kotlin/mods/eln/node/NodeManager.kt:9:34 Unresolved reference: LevelSavedData
e: file:///Users/aiw.robson/Documents/Projects/ElectricalAge2/src/main/kotlin/mods/eln/node/NodeManager.kt:12:39 Unresolved reference: WorldSavedData
e: file:///Users/aiw.robson/Documents/Projects/ElectricalAge2/src/main/kotlin/mods/eln/node/NodeManager.kt:43:5 'isDirty' overrides nothing
e: file:///Users/aiw.robson/Documents/Projects/ElectricalAge2/src/main/kotlin/mods/eln/node/NodeManager.kt:47:5 'readFromNBT' overrides nothing
e: file:///Users/aiw.robson/Documents/Projects/ElectricalAge2/src/main/kotlin/mods/eln/node/NodeManager.kt:49:5 'writeToNBT' overrides nothing
e: file:///Users/aiw.robson/Documents/Projects/ElectricalAge2/src/main/kotlin/mods/eln/node/NodeManager.kt:69:19 Unresolved reference: getTags
e: file:///Users/aiw.robson/Documents/Projects/ElectricalAge2/src/main/kotlin/mods/eln/node/NodeManager.kt:96:25 Unresolved reference: setString
e: file:///Users/aiw.robson/Documents/Projects/ElectricalAge2/src/main/kotlin/mods/eln/node/NodeManager.kt:98:21 Unresolved reference: setTag
e: file:///Users/aiw.robson/Documents/Projects/ElectricalAge2/src/main/kotlin/mods/eln/node/NodeManagerNbt.kt:4:34 Unresolved reference: LevelSavedData
e: file:///Users/aiw.robson/Documents/Projects/ElectricalAge2/src/main/kotlin/mods/eln/node/NodeManagerNbt.kt:6:42 Unresolved reference: WorldSavedData
e: file:///Users/aiw.robson/Documents/Projects/ElectricalAge2/src/main/kotlin/mods/eln/node/NodeManagerNbt.kt:7:5 'isDirty' overrides nothing
e: file:///Users/aiw.robson/Documents/Projects/ElectricalAge2/src/main/kotlin/mods/eln/node/NodeManagerNbt.kt:11:5 'readFromNBT' overrides nothing
e: file:///Users/aiw.robson/Documents/Projects/ElectricalAge2/src/main/kotlin/mods/eln/node/NodeManagerNbt.kt:15:5 'writeToNBT' overrides nothing
e: file:///Users/aiw.robson/Documents/Projects/ElectricalAge2/src/main/kotlin/mods/eln/node/NodeServer.kt:3:42 Unresolved reference: ServerPlayer
e: file:///Users/aiw.robson/Documents/Projects/ElectricalAge2/src/main/kotlin/mods/eln/node/NodeServer.kt:15:6 Unresolved reference: SubscribeEvent
e: file:///Users/aiw.robson/Documents/Projects/ElectricalAge2/src/main/kotlin/mods/eln/node/NodeServer.kt:16:21 Unresolved reference: ServerTickEvent
e: file:///Users/aiw.robson/Documents/Projects/ElectricalAge2/src/main/kotlin/mods/eln/node/NodeServer.kt:17:28 Unresolved reference: TickEvent
e: file:///Users/aiw.robson/Documents/Projects/ElectricalAge2/src/main/kotlin/mods/eln/node/NodeServer.kt:18:22 Unresolved reference: FMLCommonHandler
e: file:///Users/aiw.robson/Documents/Projects/ElectricalAge2/src/main/kotlin/mods/eln/node/NodeServer.kt:26:37 Unresolved reference: ServerPlayer
e: file:///Users/aiw.robson/Documents/Projects/ElectricalAge2/src/main/kotlin/mods/eln/node/NodeServer.kt:44:9 Unresolved reference: FMLCommonHandler
e: file:///Users/aiw.robson/Documents/Projects/ElectricalAge2/src/main/kotlin/mods/eln/node/simple/SimpleNode.kt:5:42 Unresolved reference: readFromNBT
e: file:///Users/aiw.robson/Documents/Projects/ElectricalAge2/src/main/kotlin/mods/eln/node/simple/SimpleNode.kt:15:42 Unresolved reference: ServerPlayer
e: file:///Users/aiw.robson/Documents/Projects/ElectricalAge2/src/main/kotlin/mods/eln/node/simple/SimpleNode.kt:23:26 Unresolved reference: ServerPlayer
e: file:///Users/aiw.robson/Documents/Projects/ElectricalAge2/src/main/kotlin/mods/eln/node/simple/SimpleNode.kt:34:32 Unresolved reference: setMetadata
e: file:///Users/aiw.robson/Documents/Projects/ElectricalAge2/src/main/kotlin/mods/eln/node/simple/SimpleNode.kt:98:17 Type mismatch: inferred type is Unit but Direction? was expected
e: file:///Users/aiw.robson/Documents/Projects/ElectricalAge2/src/main/kotlin/mods/eln/node/simple/SimpleNode.kt:98:34 Too many arguments for public open fun readFromNBT(nbt: CompoundTag): Unit defined in mods.eln.node.simple.SimpleNode
e: file:///Users/aiw.robson/Documents/Projects/ElectricalAge2/src/main/kotlin/mods/eln/node/simple/SimpleNode.kt:123:17 Unresolved reference: writeToNBT
e: file:///Users/aiw.robson/Documents/Projects/ElectricalAge2/src/main/kotlin/mods/eln/node/simple/SimpleNode.kt:124:13 Unresolved reference: setString
e: file:///Users/aiw.robson/Documents/Projects/ElectricalAge2/src/main/kotlin/mods/eln/node/simple/SimpleNodeBlock.kt:4:42 Unresolved reference: fromIntMinecraftSide
e: file:///Users/aiw.robson/Documents/Projects/ElectricalAge2/src/main/kotlin/mods/eln/node/simple/SimpleNodeBlock.kt:6:28 Unresolved reference: isRemote
e: file:///Users/aiw.robson/Documents/Projects/ElectricalAge2/src/main/kotlin/mods/eln/node/simple/SimpleNodeBlock.kt:34:47 Function invocation 'inverse()' expected
e: file:///Users/aiw.robson/Documents/Projects/ElectricalAge2/src/main/kotlin/mods/eln/node/simple/SimpleNodeBlock.kt:87:63 Unresolved reference: fromIntMinecraftSide
e: file:///Users/aiw.robson/Documents/Projects/ElectricalAge2/src/main/kotlin/mods/eln/node/simple/SimpleNodeEntity.kt:7:28 Unresolved reference: fatal
e: file:///Users/aiw.robson/Documents/Projects/ElectricalAge2/src/main/kotlin/mods/eln/node/simple/SimpleNodeEntity.kt:14:33 Unresolved reference: Screen
e: file:///Users/aiw.robson/Documents/Projects/ElectricalAge2/src/main/kotlin/mods/eln/node/simple/SimpleNodeEntity.kt:17:30 Unresolved reference: Packet
e: file:///Users/aiw.robson/Documents/Projects/ElectricalAge2/src/main/kotlin/mods/eln/node/simple/SimpleNodeEntity.kt:18:30 Unresolved reference: play
e: file:///Users/aiw.robson/Documents/Projects/ElectricalAge2/src/main/kotlin/mods/eln/node/simple/SimpleNodeEntity.kt:19:22 Unresolved reference: tileentity
e: file:///Users/aiw.robson/Documents/Projects/ElectricalAge2/src/main/kotlin/mods/eln/node/simple/SimpleNodeEntity.kt:30:17 Unresolved reference: fatal
e: file:///Users/aiw.robson/Documents/Projects/ElectricalAge2/src/main/kotlin/mods/eln/node/simple/SimpleNodeEntity.kt:35:117 Type mismatch: inferred type is Level but Int was expected
e: file:///Users/aiw.robson/Documents/Projects/ElectricalAge2/src/main/kotlin/mods/eln/node/simple/SimpleNodeEntity.kt:37:72 Type mismatch: inferred type is Level but Int was expected
e: file:///Users/aiw.robson/Documents/Projects/ElectricalAge2/src/main/kotlin/mods/eln/node/simple/SimpleNodeEntity.kt:59:20 Unresolved reference: isRemote
e: file:///Users/aiw.robson/Documents/Projects/ElectricalAge2/src/main/kotlin/mods/eln/node/simple/SimpleNodeEntity.kt:65:5 'onChunkUnload' overrides nothing
e: file:///Users/aiw.robson/Documents/Projects/ElectricalAge2/src/main/kotlin/mods/eln/node/simple/SimpleNodeEntity.kt:66:15 Unresolved reference: onChunkUnload
e: file:///Users/aiw.robson/Documents/Projects/ElectricalAge2/src/main/kotlin/mods/eln/node/simple/SimpleNodeEntity.kt:67:19 Unresolved reference: isRemote
e: file:///Users/aiw.robson/Documents/Projects/ElectricalAge2/src/main/kotlin/mods/eln/node/simple/SimpleNodeEntity.kt:74:5 'invalidate' overrides nothing
e: file:///Users/aiw.robson/Documents/Projects/ElectricalAge2/src/main/kotlin/mods/eln/node/simple/SimpleNodeEntity.kt:75:19 Unresolved reference: isRemote
e: file:///Users/aiw.robson/Documents/Projects/ElectricalAge2/src/main/kotlin/mods/eln/node/simple/SimpleNodeEntity.kt:78:15 Unresolved reference: invalidate
e: file:///Users/aiw.robson/Documents/Projects/ElectricalAge2/src/main/kotlin/mods/eln/node/simple/SimpleNodeEntity.kt:82:20 Unresolved reference: isRemote
e: file:///Users/aiw.robson/Documents/Projects/ElectricalAge2/src/main/kotlin/mods/eln/node/simple/SimpleNodeEntity.kt:91:20 Unresolved reference: isRemote
e: file:///Users/aiw.robson/Documents/Projects/ElectricalAge2/src/main/kotlin/mods/eln/node/simple/SimpleNodeEntity.kt:100:21 Unresolved reference: getBlockType
e: file:///Users/aiw.robson/Documents/Projects/ElectricalAge2/src/main/kotlin/mods/eln/node/simple/SimpleNodeEntity.kt:109:23 Unresolved reference: markBlockForUpdate
e: file:///Users/aiw.robson/Documents/Projects/ElectricalAge2/src/main/kotlin/mods/eln/node/simple/SimpleNodeEntity.kt:109:42 Unresolved reference: xCoord
e: file:///Users/aiw.robson/Documents/Projects/ElectricalAge2/src/main/kotlin/mods/eln/node/simple/SimpleNodeEntity.kt:109:50 Unresolved reference: yCoord
e: file:///Users/aiw.robson/Documents/Projects/ElectricalAge2/src/main/kotlin/mods/eln/node/simple/SimpleNodeEntity.kt:109:58 Unresolved reference: zCoord
e: file:///Users/aiw.robson/Documents/Projects/ElectricalAge2/src/main/kotlin/mods/eln/node/simple/SimpleNodeEntity.kt:117:5 'getDescriptionPacket' overrides nothing
e: file:///Users/aiw.robson/Documents/Projects/ElectricalAge2/src/main/kotlin/mods/eln/node/simple/SimpleNodeEntity.kt:117:42 Unresolved reference: Packet
e: file:///Users/aiw.robson/Documents/Projects/ElectricalAge2/src/main/kotlin/mods/eln/node/simple/SimpleNodeEntity.kt:123:16 Unresolved reference: S3FPacketCustomPayload
e: file:///Users/aiw.robson/Documents/Projects/ElectricalAge2/src/main/kotlin/mods/eln/node/simple/SimpleNodeEntity.kt:123:43 Unresolved reference: channelName
e: file:///Users/aiw.robson/Documents/Projects/ElectricalAge2/src/main/kotlin/mods/eln/node/simple/SimpleNodeEntity.kt:138:6 Unresolved reference: SideOnly
e: file:///Users/aiw.robson/Documents/Projects/ElectricalAge2/src/main/kotlin/mods/eln/node/simple/SimpleNodeEntity.kt:138:15 Unresolved reference: Side
e: file:///Users/aiw.robson/Documents/Projects/ElectricalAge2/src/main/kotlin/mods/eln/node/simple/SimpleNodeEntity.kt:139:63 Unresolved reference: Screen
e: file:///Users/aiw.robson/Documents/Projects/ElectricalAge2/src/main/kotlin/mods/eln/node/simple/SimpleNodeItem.kt:6:22 Unresolved reference: item
e: file:///Users/aiw.robson/Documents/Projects/ElectricalAge2/src/main/kotlin/mods/eln/node/simple/SimpleNodeItem.kt:10:34 Unresolved reference: ItemBlock
e: file:///Users/aiw.robson/Documents/Projects/ElectricalAge2/src/main/kotlin/mods/eln/node/simple/SimpleNodeItem.kt:12:5 'placeBlockAt' overrides nothing
e: file:///Users/aiw.robson/Documents/Projects/ElectricalAge2/src/main/kotlin/mods/eln/node/simple/SimpleNodeItem.kt:12:72 Unresolved reference: World
e: file:///Users/aiw.robson/Documents/Projects/ElectricalAge2/src/main/kotlin/mods/eln/node/simple/SimpleNodeItem.kt:19:38 Unresolved reference: field_150939_a
e: file:///Users/aiw.robson/Documents/Projects/ElectricalAge2/src/main/kotlin/mods/eln/node/simple/SimpleNodeItem.kt:23:41 Unresolved reference: field_150939_a
e: file:///Users/aiw.robson/Documents/Projects/ElectricalAge2/src/main/kotlin/mods/eln/node/simple/SimpleNodeItem.kt:24:13 Unresolved reference: field_150939_a
e: file:///Users/aiw.robson/Documents/Projects/ElectricalAge2/src/main/kotlin/mods/eln/node/simple/SimpleNodeItem.kt:25:13 Unresolved reference: field_150939_a
e: file:///Users/aiw.robson/Documents/Projects/ElectricalAge2/src/main/kotlin/mods/eln/node/six/SixNode.kt:10:28 Unresolved reference: generateHeightMap
e: file:///Users/aiw.robson/Documents/Projects/ElectricalAge2/src/main/kotlin/mods/eln/node/six/SixNode.kt:11:28 Unresolved reference: isCreative
e: file:///Users/aiw.robson/Documents/Projects/ElectricalAge2/src/main/kotlin/mods/eln/node/six/SixNode.kt:12:28 Unresolved reference: newNbtTagCompund
e: file:///Users/aiw.robson/Documents/Projects/ElectricalAge2/src/main/kotlin/mods/eln/node/six/SixNode.kt:14:28 Unresolved reference: updateAllLightTypes
e: file:///Users/aiw.robson/Documents/Projects/ElectricalAge2/src/main/kotlin/mods/eln/node/six/SixNode.kt:15:28 Unresolved reference: updateSkylight
e: file:///Users/aiw.robson/Documents/Projects/ElectricalAge2/src/main/kotlin/mods/eln/node/six/SixNode.kt:26:42 Unresolved reference: ServerPlayer
e: file:///Users/aiw.robson/Documents/Projects/ElectricalAge2/src/main/kotlin/mods/eln/node/six/SixNode.kt:46:36 Unresolved reference: air
e: file:///Users/aiw.robson/Documents/Projects/ElectricalAge2/src/main/kotlin/mods/eln/node/six/SixNode.kt:79:58 Unresolved reference: itemDamage
e: file:///Users/aiw.robson/Documents/Projects/ElectricalAge2/src/main/kotlin/mods/eln/node/six/SixNode.kt:85:58 Unresolved reference: itemDamage
e: file:///Users/aiw.robson/Documents/Projects/ElectricalAge2/src/main/kotlin/mods/eln/node/six/SixNode.kt:106:48 Unresolved reference: ServerPlayer
e: file:///Users/aiw.robson/Documents/Projects/ElectricalAge2/src/main/kotlin/mods/eln/node/six/SixNode.kt:115:38 Unresolved reference: ServerPlayer
e: file:///Users/aiw.robson/Documents/Projects/ElectricalAge2/src/main/kotlin/mods/eln/node/six/SixNode.kt:138:31 Unresolved reference: getCompoundTag
e: file:///Users/aiw.robson/Documents/Projects/ElectricalAge2/src/main/kotlin/mods/eln/node/six/SixNode.kt:139:35 Unresolved reference: getBlockById
e: file:///Users/aiw.robson/Documents/Projects/ElectricalAge2/src/main/kotlin/mods/eln/node/six/SixNode.kt:139:52 Unresolved reference: getInteger
e: file:///Users/aiw.robson/Documents/Projects/ElectricalAge2/src/main/kotlin/mods/eln/node/six/SixNode.kt:153:60 Unresolved reference: getCompoundTag
e: file:///Users/aiw.robson/Documents/Projects/ElectricalAge2/src/main/kotlin/mods/eln/node/six/SixNode.kt:180:13 Unresolved reference: setInteger
e: file:///Users/aiw.robson/Documents/Projects/ElectricalAge2/src/main/kotlin/mods/eln/node/six/SixNode.kt:180:46 Unresolved reference: getIdFromBlock
e: file:///Users/aiw.robson/Documents/Projects/ElectricalAge2/src/main/kotlin/mods/eln/node/six/SixNode.kt:181:13 Unresolved reference: setByte
e: file:///Users/aiw.robson/Documents/Projects/ElectricalAge2/src/main/kotlin/mods/eln/node/six/SixNode.kt:184:21 Unresolved reference: setShort
e: file:///Users/aiw.robson/Documents/Projects/ElectricalAge2/src/main/kotlin/mods/eln/node/six/SixNode.kt:186:21 Unresolved reference: setShort
e: file:///Users/aiw.robson/Documents/Projects/ElectricalAge2/src/main/kotlin/mods/eln/node/six/SixNode.kt:187:40 Unresolved reference: newNbtTagCompund
e: file:///Users/aiw.robson/Documents/Projects/ElectricalAge2/src/main/kotlin/mods/eln/node/six/SixNode.kt:193:13 Unresolved reference: setTag
e: file:///Users/aiw.robson/Documents/Projects/ElectricalAge2/src/main/kotlin/mods/eln/node/six/SixNode.kt:203:54 Unresolved reference: getLRDUGoingTo
e: file:///Users/aiw.robson/Documents/Projects/ElectricalAge2/src/main/kotlin/mods/eln/node/six/SixNode.kt:209:51 Unresolved reference: getLRDUGoingTo
e: file:///Users/aiw.robson/Documents/Projects/ElectricalAge2/src/main/kotlin/mods/eln/node/six/SixNode.kt:215:54 Unresolved reference: getLRDUGoingTo
e: file:///Users/aiw.robson/Documents/Projects/ElectricalAge2/src/main/kotlin/mods/eln/node/six/SixNode.kt:231:55 Type mismatch: inferred type is CompoundTag? but CompoundTag was expected
e: file:///Users/aiw.robson/Documents/Projects/ElectricalAge2/src/main/kotlin/mods/eln/node/six/SixNode.kt:231:60 Type mismatch: inferred type is Player? but Player was expected
e: file:///Users/aiw.robson/Documents/Projects/ElectricalAge2/src/main/kotlin/mods/eln/node/six/SixNode.kt:240:56 Type mismatch: inferred type is CompoundTag? but CompoundTag was expected
e: file:///Users/aiw.robson/Documents/Projects/ElectricalAge2/src/main/kotlin/mods/eln/node/six/SixNode.kt:240:61 Type mismatch: inferred type is Player? but Player was expected
e: file:///Users/aiw.robson/Documents/Projects/ElectricalAge2/src/main/kotlin/mods/eln/node/six/SixNode.kt:250:35 Unresolved reference: getIdFromBlock
e: file:///Users/aiw.robson/Documents/Projects/ElectricalAge2/src/main/kotlin/mods/eln/node/six/SixNode.kt:271:58 Unresolved reference: parentItemDamage
e: file:///Users/aiw.robson/Documents/Projects/ElectricalAge2/src/main/kotlin/mods/eln/node/six/SixNode.kt:308:51 Unresolved reference: getLRDUGoingTo
e: file:///Users/aiw.robson/Documents/Projects/ElectricalAge2/src/main/kotlin/mods/eln/node/six/SixNode.kt:322:51 Unresolved reference: getLRDUGoingTo
e: file:///Users/aiw.robson/Documents/Projects/ElectricalAge2/src/main/kotlin/mods/eln/node/six/SixNode.kt:395:50 Unresolved reference: getLRDUGoingTo
e: file:///Users/aiw.robson/Documents/Projects/ElectricalAge2/src/main/kotlin/mods/eln/node/six/SixNode.kt:406:50 Unresolved reference: getLRDUGoingTo
e: file:///Users/aiw.robson/Documents/Projects/ElectricalAge2/src/main/kotlin/mods/eln/node/six/SixNode.kt:410:49 Unresolved reference: air
e: file:///Users/aiw.robson/Documents/Projects/ElectricalAge2/src/main/kotlin/mods/eln/node/six/SixNode.kt:413:38 Unresolved reference: currentEquippedItem
e: file:///Users/aiw.robson/Documents/Projects/ElectricalAge2/src/main/kotlin/mods/eln/node/six/SixNode.kt:414:28 Unresolved reference: air
e: file:///Users/aiw.robson/Documents/Projects/ElectricalAge2/src/main/kotlin/mods/eln/node/six/SixNode.kt:415:42 Unresolved reference: getBlockFromItem
e: file:///Users/aiw.robson/Documents/Projects/ElectricalAge2/src/main/kotlin/mods/eln/node/six/SixNode.kt:430:22 Unresolved reference: isCreative
e: file:///Users/aiw.robson/Documents/Projects/ElectricalAge2/src/main/kotlin/mods/eln/node/six/SixNode.kt:430:50 Unresolved reference: ServerPlayer
e: file:///Users/aiw.robson/Documents/Projects/ElectricalAge2/src/main/kotlin/mods/eln/node/six/SixNode.kt:430:89 Unresolved reference: decrStackSize
e: file:///Users/aiw.robson/Documents/Projects/ElectricalAge2/src/main/kotlin/mods/eln/node/six/SixNode.kt:430:126 Unresolved reference: currentItem
e: file:///Users/aiw.robson/Documents/Projects/ElectricalAge2/src/main/kotlin/mods/eln/node/six/SixNode.kt:433:52 Unresolved reference: getChunkFromBlockCoords
e: file:///Users/aiw.robson/Documents/Projects/ElectricalAge2/src/main/kotlin/mods/eln/node/six/SixNode.kt:434:21 Unresolved reference: generateHeightMap
e: file:///Users/aiw.robson/Documents/Projects/ElectricalAge2/src/main/kotlin/mods/eln/node/six/SixNode.kt:435:21 Unresolved reference: updateSkylight
e: file:///Users/aiw.robson/Documents/Projects/ElectricalAge2/src/main/kotlin/mods/eln/node/six/SixNode.kt:437:21 Unresolved reference: updateAllLightTypes
e: file:///Users/aiw.robson/Documents/Projects/ElectricalAge2/src/main/kotlin/mods/eln/node/six/SixNode.kt:456:65 Type mismatch: inferred type is AbstractContainerMenu? but Container? was expected
e: file:///Users/aiw.robson/Documents/Projects/ElectricalAge2/src/main/kotlin/mods/eln/node/six/SixNode.kt:473:70 Unresolved reference: ServerPlayer
e: file:///Users/aiw.robson/Documents/Projects/ElectricalAge2/src/main/kotlin/mods/eln/node/six/SixNode.kt:496:21 Unresolved reference: sixNodeBlock
e: file:///Users/aiw.robson/Documents/Projects/ElectricalAge2/src/main/kotlin/mods/eln/node/six/SixNodeBlock.kt:5:42 Unresolved reference: fromIntMinecraftSide
e: file:///Users/aiw.robson/Documents/Projects/ElectricalAge2/src/main/kotlin/mods/eln/node/six/SixNodeBlock.kt:6:28 Unresolved reference: generateHeightMap
e: file:///Users/aiw.robson/Documents/Projects/ElectricalAge2/src/main/kotlin/mods/eln/node/six/SixNodeBlock.kt:7:28 Unresolved reference: isCreative
e: file:///Users/aiw.robson/Documents/Projects/ElectricalAge2/src/main/kotlin/mods/eln/node/six/SixNodeBlock.kt:8:28 Unresolved reference: isRemote
e: file:///Users/aiw.robson/Documents/Projects/ElectricalAge2/src/main/kotlin/mods/eln/node/six/SixNodeBlock.kt:10:28 Unresolved reference: updateAllLightTypes
e: file:///Users/aiw.robson/Documents/Projects/ElectricalAge2/src/main/kotlin/mods/eln/node/six/SixNodeBlock.kt:11:28 Unresolved reference: updateSkylight
e: file:///Users/aiw.robson/Documents/Projects/ElectricalAge2/src/main/kotlin/mods/eln/node/six/SixNodeBlock.kt:15:22 Unresolved reference: block
e: file:///Users/aiw.robson/Documents/Projects/ElectricalAge2/src/main/kotlin/mods/eln/node/six/SixNodeBlock.kt:17:46 Unresolved reference: IIconRegister
e: file:///Users/aiw.robson/Documents/Projects/ElectricalAge2/src/main/kotlin/mods/eln/node/six/SixNodeBlock.kt:18:22 Unresolved reference: creativetab
e: file:///Users/aiw.robson/Documents/Projects/ElectricalAge2/src/main/kotlin/mods/eln/node/six/SixNodeBlock.kt:21:42 Unresolved reference: ServerPlayer
e: file:///Users/aiw.robson/Documents/Projects/ElectricalAge2/src/main/kotlin/mods/eln/node/six/SixNodeBlock.kt:23:22 Unresolved reference: item
e: file:///Users/aiw.robson/Documents/Projects/ElectricalAge2/src/main/kotlin/mods/eln/node/six/SixNodeBlock.kt:25:27 Unresolved reference: AABB
e: file:///Users/aiw.robson/Documents/Projects/ElectricalAge2/src/main/kotlin/mods/eln/node/six/SixNodeBlock.kt:26:27 Unresolved reference: IIcon
e: file:///Users/aiw.robson/Documents/Projects/ElectricalAge2/src/main/kotlin/mods/eln/node/six/SixNodeBlock.kt:27:27 Unresolved reference: MovingObjectPosition
e: file:///Users/aiw.robson/Documents/Projects/ElectricalAge2/src/main/kotlin/mods/eln/node/six/SixNodeBlock.kt:28:27 Unresolved reference: Vec3
e: file:///Users/aiw.robson/Documents/Projects/ElectricalAge2/src/main/kotlin/mods/eln/node/six/SixNodeBlock.kt:29:28 Unresolved reference: IBlockAccess
e: file:///Users/aiw.robson/Documents/Projects/ElectricalAge2/src/main/kotlin/mods/eln/node/six/SixNodeBlock.kt:35:12 Unresolved reference: Material
e: file:///Users/aiw.robson/Documents/Projects/ElectricalAge2/src/main/kotlin/mods/eln/node/six/SixNodeBlock.kt:35:73 Type mismatch: inferred type is Class<*> but (BlockPos, BlockState) -> BlockEntity was expected
e: file:///Users/aiw.robson/Documents/Projects/ElectricalAge2/src/main/kotlin/mods/eln/node/six/SixNodeBlock.kt:36:5 'getPickBlock' overrides nothing
e: file:///Users/aiw.robson/Documents/Projects/ElectricalAge2/src/main/kotlin/mods/eln/node/six/SixNodeBlock.kt:36:39 Unresolved reference: MovingObjectPosition
e: file:///Users/aiw.robson/Documents/Projects/ElectricalAge2/src/main/kotlin/mods/eln/node/six/SixNodeBlock.kt:36:68 Unresolved reference: World
e: file:///Users/aiw.robson/Documents/Projects/ElectricalAge2/src/main/kotlin/mods/eln/node/six/SixNodeBlock.kt:39:51 Unresolved reference: fromIntMinecraftSide
e: file:///Users/aiw.robson/Documents/Projects/ElectricalAge2/src/main/kotlin/mods/eln/node/six/SixNodeBlock.kt:44:22 Unresolved reference: getPickBlock
e: file:///Users/aiw.robson/Documents/Projects/ElectricalAge2/src/main/kotlin/mods/eln/node/six/SixNodeBlock.kt:47:5 'registerBlockIcons' overrides nothing
e: file:///Users/aiw.robson/Documents/Projects/ElectricalAge2/src/main/kotlin/mods/eln/node/six/SixNodeBlock.kt:47:40 Unresolved reference: IIconRegister
e: file:///Users/aiw.robson/Documents/Projects/ElectricalAge2/src/main/kotlin/mods/eln/node/six/SixNodeBlock.kt:48:15 Unresolved reference: registerBlockIcons
e: file:///Users/aiw.robson/Documents/Projects/ElectricalAge2/src/main/kotlin/mods/eln/node/six/SixNodeBlock.kt:49:9 Unresolved reference: blockIcon
e: file:///Users/aiw.robson/Documents/Projects/ElectricalAge2/src/main/kotlin/mods/eln/node/six/SixNodeBlock.kt:52:5 'getCollisionBoundingBoxFromPool' overrides nothing
e: file:///Users/aiw.robson/Documents/Projects/ElectricalAge2/src/main/kotlin/mods/eln/node/six/SixNodeBlock.kt:52:61 Unresolved reference: World
e: file:///Users/aiw.robson/Documents/Projects/ElectricalAge2/src/main/kotlin/mods/eln/node/six/SixNodeBlock.kt:52:102 Unresolved reference: AABB
e: file:///Users/aiw.robson/Documents/Projects/ElectricalAge2/src/main/kotlin/mods/eln/node/six/SixNodeBlock.kt:53:111 Unresolved reference: getCollisionBoundingBoxFromPool
e: file:///Users/aiw.robson/Documents/Projects/ElectricalAge2/src/main/kotlin/mods/eln/node/six/SixNodeBlock.kt:56:26 Unresolved reference: World
e: file:///Users/aiw.robson/Documents/Projects/ElectricalAge2/src/main/kotlin/mods/eln/node/six/SixNodeBlock.kt:61:5 'getBlockHardness' overrides nothing
e: file:///Users/aiw.robson/Documents/Projects/ElectricalAge2/src/main/kotlin/mods/eln/node/six/SixNodeBlock.kt:61:42 Unresolved reference: World
e: file:///Users/aiw.robson/Documents/Projects/ElectricalAge2/src/main/kotlin/mods/eln/node/six/SixNodeBlock.kt:65:5 'getDamageValue' overrides nothing
e: file:///Users/aiw.robson/Documents/Projects/ElectricalAge2/src/main/kotlin/mods/eln/node/six/SixNodeBlock.kt:65:40 Unresolved reference: World
e: file:///Users/aiw.robson/Documents/Projects/ElectricalAge2/src/main/kotlin/mods/eln/node/six/SixNodeBlock.kt:71:26 Unresolved reference: IBlockAccess
e: file:///Users/aiw.robson/Documents/Projects/ElectricalAge2/src/main/kotlin/mods/eln/node/six/SixNodeBlock.kt:79:5 'getSubBlocks' overrides nothing
e: file:///Users/aiw.robson/Documents/Projects/ElectricalAge2/src/main/kotlin/mods/eln/node/six/SixNodeBlock.kt:79:37 Unresolved reference: Item
e: file:///Users/aiw.robson/Documents/Projects/ElectricalAge2/src/main/kotlin/mods/eln/node/six/SixNodeBlock.kt:79:48 Unresolved reference: CreativeTabs
e: file:///Users/aiw.robson/Documents/Projects/ElectricalAge2/src/main/kotlin/mods/eln/node/six/SixNodeBlock.kt:86:5 'isOpaqueCube' overrides nothing
e: file:///Users/aiw.robson/Documents/Projects/ElectricalAge2/src/main/kotlin/mods/eln/node/six/SixNodeBlock.kt:90:5 'renderAsNormalBlock' overrides nothing
e: file:///Users/aiw.robson/Documents/Projects/ElectricalAge2/src/main/kotlin/mods/eln/node/six/SixNodeBlock.kt:94:5 'getRenderType' overrides nothing
e: file:///Users/aiw.robson/Documents/Projects/ElectricalAge2/src/main/kotlin/mods/eln/node/six/SixNodeBlock.kt:98:5 'colorMultiplier' overrides nothing
e: file:///Users/aiw.robson/Documents/Projects/ElectricalAge2/src/main/kotlin/mods/eln/node/six/SixNodeBlock.kt:98:47 Unresolved reference: IBlockAccess
e: file:///Users/aiw.robson/Documents/Projects/ElectricalAge2/src/main/kotlin/mods/eln/node/six/SixNodeBlock.kt:100:68 Unresolved reference: air
e: file:///Users/aiw.robson/Documents/Projects/ElectricalAge2/src/main/kotlin/mods/eln/node/six/SixNodeBlock.kt:102:22 Unresolved reference: colorMultiplier
e: file:///Users/aiw.robson/Documents/Projects/ElectricalAge2/src/main/kotlin/mods/eln/node/six/SixNodeBlock.kt:110:5 'getItemDropped' overrides nothing
e: file:///Users/aiw.robson/Documents/Projects/ElectricalAge2/src/main/kotlin/mods/eln/node/six/SixNodeBlock.kt:110:91 Unresolved reference: Item
e: file:///Users/aiw.robson/Documents/Projects/ElectricalAge2/src/main/kotlin/mods/eln/node/six/SixNodeBlock.kt:114:5 'quantityDropped' overrides nothing
e: file:///Users/aiw.robson/Documents/Projects/ElectricalAge2/src/main/kotlin/mods/eln/node/six/SixNodeBlock.kt:118:6 Unresolved reference: SideOnly
e: file:///Users/aiw.robson/Documents/Projects/ElectricalAge2/src/main/kotlin/mods/eln/node/six/SixNodeBlock.kt:118:15 Unresolved reference: Side
e: file:///Users/aiw.robson/Documents/Projects/ElectricalAge2/src/main/kotlin/mods/eln/node/six/SixNodeBlock.kt:119:5 'getIcon' overrides nothing
e: file:///Users/aiw.robson/Documents/Projects/ElectricalAge2/src/main/kotlin/mods/eln/node/six/SixNodeBlock.kt:119:29 Unresolved reference: IBlockAccess
e: file:///Users/aiw.robson/Documents/Projects/ElectricalAge2/src/main/kotlin/mods/eln/node/six/SixNodeBlock.kt:119:79 Unresolved reference: IIcon
e: file:///Users/aiw.robson/Documents/Projects/ElectricalAge2/src/main/kotlin/mods/eln/node/six/SixNodeBlock.kt:120:52 Unresolved reference: blockIcon
e: file:///Users/aiw.robson/Documents/Projects/ElectricalAge2/src/main/kotlin/mods/eln/node/six/SixNodeBlock.kt:123:33 Unresolved reference: air
e: file:///Users/aiw.robson/Documents/Projects/ElectricalAge2/src/main/kotlin/mods/eln/node/six/SixNodeBlock.kt:123:38 Unresolved reference: blockIcon
e: file:///Users/aiw.robson/Documents/Projects/ElectricalAge2/src/main/kotlin/mods/eln/node/six/SixNodeBlock.kt:126:13 Unresolved reference: blockIcon
e: file:///Users/aiw.robson/Documents/Projects/ElectricalAge2/src/main/kotlin/mods/eln/node/six/SixNodeBlock.kt:134:5 'isReplaceable' overrides nothing
e: file:///Users/aiw.robson/Documents/Projects/ElectricalAge2/src/main/kotlin/mods/eln/node/six/SixNodeBlock.kt:134:39 Unresolved reference: IBlockAccess
e: file:///Users/aiw.robson/Documents/Projects/ElectricalAge2/src/main/kotlin/mods/eln/node/six/SixNodeBlock.kt:138:5 'canPlaceBlockOnSide' overrides nothing
e: file:///Users/aiw.robson/Documents/Projects/ElectricalAge2/src/main/kotlin/mods/eln/node/six/SixNodeBlock.kt:138:49 Unresolved reference: World
e: file:///Users/aiw.robson/Documents/Projects/ElectricalAge2/src/main/kotlin/mods/eln/node/six/SixNodeBlock.kt:147:5 'canPlaceBlockAt' overrides nothing
e: file:///Users/aiw.robson/Documents/Projects/ElectricalAge2/src/main/kotlin/mods/eln/node/six/SixNodeBlock.kt:147:45 Unresolved reference: World
e: file:///Users/aiw.robson/Documents/Projects/ElectricalAge2/src/main/kotlin/mods/eln/node/six/SixNodeBlock.kt:163:5 'onBlockPlacedBy' overrides nothing
e: file:///Users/aiw.robson/Documents/Projects/ElectricalAge2/src/main/kotlin/mods/eln/node/six/SixNodeBlock.kt:163:41 Unresolved reference: World
e: file:///Users/aiw.robson/Documents/Projects/ElectricalAge2/src/main/kotlin/mods/eln/node/six/SixNodeBlock.kt:172:5 'removedByPlayer' overrides nothing
e: file:///Users/aiw.robson/Documents/Projects/ElectricalAge2/src/main/kotlin/mods/eln/node/six/SixNodeBlock.kt:172:41 Unresolved reference: World
e: file:///Users/aiw.robson/Documents/Projects/ElectricalAge2/src/main/kotlin/mods/eln/node/six/SixNodeBlock.kt:177:50 Unresolved reference: air
e: file:///Users/aiw.robson/Documents/Projects/ElectricalAge2/src/main/kotlin/mods/eln/node/six/SixNodeBlock.kt:178:17 Unresolved reference: isCreative
e: file:///Users/aiw.robson/Documents/Projects/ElectricalAge2/src/main/kotlin/mods/eln/node/six/SixNodeBlock.kt:178:45 Unresolved reference: ServerPlayer
e: file:///Users/aiw.robson/Documents/Projects/ElectricalAge2/src/main/kotlin/mods/eln/node/six/SixNodeBlock.kt:179:29 None of the following functions can be called with the arguments supplied: 
private constructor ItemStack(p0: ItemLike!, p1: Int, p2: Optional<CompoundTag!>!) defined in net.minecraft.world.item.ItemStack
public constructor ItemStack(p0: ItemLike!, p1: Int, p2: CompoundTag?) defined in net.minecraft.world.item.ItemStack
e: file:///Users/aiw.robson/Documents/Projects/ElectricalAge2/src/main/kotlin/mods/eln/node/six/SixNodeBlock.kt:182:48 Unresolved reference: air
e: file:///Users/aiw.robson/Documents/Projects/ElectricalAge2/src/main/kotlin/mods/eln/node/six/SixNodeBlock.kt:184:13 Unresolved reference: generateHeightMap
e: file:///Users/aiw.robson/Documents/Projects/ElectricalAge2/src/main/kotlin/mods/eln/node/six/SixNodeBlock.kt:185:13 Unresolved reference: updateSkylight
e: file:///Users/aiw.robson/Documents/Projects/ElectricalAge2/src/main/kotlin/mods/eln/node/six/SixNodeBlock.kt:187:13 Unresolved reference: updateAllLightTypes
e: file:///Users/aiw.robson/Documents/Projects/ElectricalAge2/src/main/kotlin/mods/eln/node/six/SixNodeBlock.kt:191:71 Unresolved reference: ServerPlayer
e: file:///Users/aiw.robson/Documents/Projects/ElectricalAge2/src/main/kotlin/mods/eln/node/six/SixNodeBlock.kt:191:85 Unresolved reference: fromIntMinecraftSide
e: file:///Users/aiw.robson/Documents/Projects/ElectricalAge2/src/main/kotlin/mods/eln/node/six/SixNodeBlock.kt:191:110 Unresolved reference: sideHit
e: file:///Users/aiw.robson/Documents/Projects/ElectricalAge2/src/main/kotlin/mods/eln/node/six/SixNodeBlock.kt:193:58 Unresolved reference: removedByPlayer
e: file:///Users/aiw.robson/Documents/Projects/ElectricalAge2/src/main/kotlin/mods/eln/node/six/SixNodeBlock.kt:196:5 'breakBlock' overrides nothing
e: file:///Users/aiw.robson/Documents/Projects/ElectricalAge2/src/main/kotlin/mods/eln/node/six/SixNodeBlock.kt:196:40 Unresolved reference: World
e: file:///Users/aiw.robson/Documents/Projects/ElectricalAge2/src/main/kotlin/mods/eln/node/six/SixNodeBlock.kt:206:15 Unresolved reference: breakBlock
e: file:///Users/aiw.robson/Documents/Projects/ElectricalAge2/src/main/kotlin/mods/eln/node/six/SixNodeBlock.kt:209:5 'onNeighborBlockChange' overrides nothing
e: file:///Users/aiw.robson/Documents/Projects/ElectricalAge2/src/main/kotlin/mods/eln/node/six/SixNodeBlock.kt:209:47 Unresolved reference: World
e: file:///Users/aiw.robson/Documents/Projects/ElectricalAge2/src/main/kotlin/mods/eln/node/six/SixNodeBlock.kt:222:19 Unresolved reference: onNeighborBlockChange
e: file:///Users/aiw.robson/Documents/Projects/ElectricalAge2/src/main/kotlin/mods/eln/node/six/SixNodeBlock.kt:228:5 'collisionRayTrace' overrides nothing
e: file:///Users/aiw.robson/Documents/Projects/ElectricalAge2/src/main/kotlin/mods/eln/node/six/SixNodeBlock.kt:228:43 Unresolved reference: World
e: file:///Users/aiw.robson/Documents/Projects/ElectricalAge2/src/main/kotlin/mods/eln/node/six/SixNodeBlock.kt:228:81 Unresolved reference: Vec3
e: file:///Users/aiw.robson/Documents/Projects/ElectricalAge2/src/main/kotlin/mods/eln/node/six/SixNodeBlock.kt:228:92 Unresolved reference: Vec3
e: file:///Users/aiw.robson/Documents/Projects/ElectricalAge2/src/main/kotlin/mods/eln/node/six/SixNodeBlock.kt:228:99 Unresolved reference: MovingObjectPosition
e: file:///Users/aiw.robson/Documents/Projects/ElectricalAge2/src/main/kotlin/mods/eln/node/six/SixNodeBlock.kt:229:56 Unresolved reference: collisionRayTrace
e: file:///Users/aiw.robson/Documents/Projects/ElectricalAge2/src/main/kotlin/mods/eln/node/six/SixNodeBlock.kt:243:28 Unresolved reference: MovingObjectPosition
e: file:///Users/aiw.robson/Documents/Projects/ElectricalAge2/src/main/kotlin/mods/eln/node/six/SixNodeBlock.kt:243:71 Unresolved reference: toSideValue
e: file:///Users/aiw.robson/Documents/Projects/ElectricalAge2/src/main/kotlin/mods/eln/node/six/SixNodeBlock.kt:243:86 Unresolved reference: Vec3
e: file:///Users/aiw.robson/Documents/Projects/ElectricalAge2/src/main/kotlin/mods/eln/node/six/SixNodeBlock.kt:259:97 Unresolved reference: MovingObjectPosition
e: file:///Users/aiw.robson/Documents/Projects/ElectricalAge2/src/main/kotlin/mods/eln/node/six/SixNodeBlock.kt:259:140 Unresolved reference: toSideValue
e: file:///Users/aiw.robson/Documents/Projects/ElectricalAge2/src/main/kotlin/mods/eln/node/six/SixNodeBlock.kt:259:155 Unresolved reference: Vec3
e: file:///Users/aiw.robson/Documents/Projects/ElectricalAge2/src/main/kotlin/mods/eln/node/six/SixNodeBlock.kt:274:90 Unresolved reference: MovingObjectPosition
e: file:///Users/aiw.robson/Documents/Projects/ElectricalAge2/src/main/kotlin/mods/eln/node/six/SixNodeBlock.kt:274:133 Unresolved reference: toSideValue
e: file:///Users/aiw.robson/Documents/Projects/ElectricalAge2/src/main/kotlin/mods/eln/node/six/SixNodeBlock.kt:274:148 Unresolved reference: Vec3
e: file:///Users/aiw.robson/Documents/Projects/ElectricalAge2/src/main/kotlin/mods/eln/node/six/SixNodeBlock.kt:288:90 Unresolved reference: MovingObjectPosition
e: file:///Users/aiw.robson/Documents/Projects/ElectricalAge2/src/main/kotlin/mods/eln/node/six/SixNodeBlock.kt:288:133 Unresolved reference: toSideValue
e: file:///Users/aiw.robson/Documents/Projects/ElectricalAge2/src/main/kotlin/mods/eln/node/six/SixNodeBlock.kt:288:148 Unresolved reference: Vec3
e: file:///Users/aiw.robson/Documents/Projects/ElectricalAge2/src/main/kotlin/mods/eln/node/six/SixNodeBlock.kt:302:90 Unresolved reference: MovingObjectPosition
e: file:///Users/aiw.robson/Documents/Projects/ElectricalAge2/src/main/kotlin/mods/eln/node/six/SixNodeBlock.kt:302:133 Unresolved reference: toSideValue
e: file:///Users/aiw.robson/Documents/Projects/ElectricalAge2/src/main/kotlin/mods/eln/node/six/SixNodeBlock.kt:302:148 Unresolved reference: Vec3
e: file:///Users/aiw.robson/Documents/Projects/ElectricalAge2/src/main/kotlin/mods/eln/node/six/SixNodeBlock.kt:316:90 Unresolved reference: MovingObjectPosition
e: file:///Users/aiw.robson/Documents/Projects/ElectricalAge2/src/main/kotlin/mods/eln/node/six/SixNodeBlock.kt:316:133 Unresolved reference: toSideValue
e: file:///Users/aiw.robson/Documents/Projects/ElectricalAge2/src/main/kotlin/mods/eln/node/six/SixNodeBlock.kt:316:148 Unresolved reference: Vec3
e: file:///Users/aiw.robson/Documents/Projects/ElectricalAge2/src/main/kotlin/mods/eln/node/six/SixNodeBlock.kt:330:90 Unresolved reference: MovingObjectPosition
e: file:///Users/aiw.robson/Documents/Projects/ElectricalAge2/src/main/kotlin/mods/eln/node/six/SixNodeBlock.kt:330:133 Unresolved reference: toSideValue
e: file:///Users/aiw.robson/Documents/Projects/ElectricalAge2/src/main/kotlin/mods/eln/node/six/SixNodeBlock.kt:330:148 Unresolved reference: Vec3
e: file:///Users/aiw.robson/Documents/Projects/ElectricalAge2/src/main/kotlin/mods/eln/node/six/SixNodeBlock.kt:344:90 Unresolved reference: MovingObjectPosition
e: file:///Users/aiw.robson/Documents/Projects/ElectricalAge2/src/main/kotlin/mods/eln/node/six/SixNodeBlock.kt:344:133 Unresolved reference: toSideValue
e: file:///Users/aiw.robson/Documents/Projects/ElectricalAge2/src/main/kotlin/mods/eln/node/six/SixNodeBlock.kt:344:148 Unresolved reference: Vec3
e: file:///Users/aiw.robson/Documents/Projects/ElectricalAge2/src/main/kotlin/mods/eln/node/six/SixNodeBlock.kt:350:34 Unresolved reference: World
e: file:///Users/aiw.robson/Documents/Projects/ElectricalAge2/src/main/kotlin/mods/eln/node/six/SixNodeBlock.kt:350:88 Unresolved reference: MovingObjectPosition
e: file:///Users/aiw.robson/Documents/Projects/ElectricalAge2/src/main/kotlin/mods/eln/node/six/SixNodeBlock.kt:354:21 Unresolved reference: Vec3
e: file:///Users/aiw.robson/Documents/Projects/ElectricalAge2/src/main/kotlin/mods/eln/node/six/SixNodeBlock.kt:354:58 Unresolved reference: posX
e: file:///Users/aiw.robson/Documents/Projects/ElectricalAge2/src/main/kotlin/mods/eln/node/six/SixNodeBlock.kt:354:77 Unresolved reference: posY
e: file:///Users/aiw.robson/Documents/Projects/ElectricalAge2/src/main/kotlin/mods/eln/node/six/SixNodeBlock.kt:354:96 Unresolved reference: posZ
e: file:///Users/aiw.robson/Documents/Projects/ElectricalAge2/src/main/kotlin/mods/eln/node/six/SixNodeBlock.kt:355:43 Function '<Error function>' should return Unit to be used by corresponding operator '+='
e: file:///Users/aiw.robson/Documents/Projects/ElectricalAge2/src/main/kotlin/mods/eln/node/six/SixNodeBlock.kt:356:33 Unresolved reference: getLook
e: file:///Users/aiw.robson/Documents/Projects/ElectricalAge2/src/main/kotlin/mods/eln/node/six/SixNodeBlock.kt:361:39 Unresolved reference: World
e: file:///Users/aiw.robson/Documents/Projects/ElectricalAge2/src/main/kotlin/mods/eln/node/six/SixNodeBlock.kt:366:19 Unresolved reference: applyTo
e: file:///Users/aiw.robson/Documents/Projects/ElectricalAge2/src/main/kotlin/mods/eln/node/six/SixNodeBlock.kt:368:30 Unresolved reference: air
e: file:///Users/aiw.robson/Documents/Projects/ElectricalAge2/src/main/kotlin/mods/eln/node/six/SixNodeBlock.kt:372:29 Unresolved reference: IBlockAccess
e: file:///Users/aiw.robson/Documents/Projects/ElectricalAge2/src/main/kotlin/mods/eln/node/six/SixNodeBlock.kt:373:13 Unresolved reference: isRemote
e: file:///Users/aiw.robson/Documents/Projects/ElectricalAge2/src/main/kotlin/mods/eln/node/six/SixNodeBlock.kt:375:115 Unresolved reference: air
e: file:///Users/aiw.robson/Documents/Projects/ElectricalAge2/src/main/kotlin/mods/eln/node/six/SixNodeBlock.kt:379:78 Unresolved reference: air
e: file:///Users/aiw.robson/Documents/Projects/ElectricalAge2/src/main/kotlin/mods/eln/node/six/SixNodeBlock.kt:384:5 'getLightOpacity' overrides nothing
e: file:///Users/aiw.robson/Documents/Projects/ElectricalAge2/src/main/kotlin/mods/eln/node/six/SixNodeBlock.kt:384:37 Unresolved reference: IBlockAccess
e: file:///Users/aiw.robson/Documents/Projects/ElectricalAge2/src/main/kotlin/mods/eln/node/six/SixNodeBlock.kt:388:33 Unresolved reference: air
e: file:///Users/aiw.robson/Documents/Projects/ElectricalAge2/src/main/kotlin/mods/eln/node/six/SixNodeBlock.kt:399:6 Unresolved reference: SideOnly
e: file:///Users/aiw.robson/Documents/Projects/ElectricalAge2/src/main/kotlin/mods/eln/node/six/SixNodeBlock.kt:399:15 Unresolved reference: Side
e: file:///Users/aiw.robson/Documents/Projects/ElectricalAge2/src/main/kotlin/mods/eln/node/six/SixNodeBlock.kt:400:5 'getSelectedBoundingBoxFromPool' overrides nothing
e: file:///Users/aiw.robson/Documents/Projects/ElectricalAge2/src/main/kotlin/mods/eln/node/six/SixNodeBlock.kt:400:52 Unresolved reference: World
e: file:///Users/aiw.robson/Documents/Projects/ElectricalAge2/src/main/kotlin/mods/eln/node/six/SixNodeBlock.kt:400:84 Unresolved reference: AABB
e: file:///Users/aiw.robson/Documents/Projects/ElectricalAge2/src/main/kotlin/mods/eln/node/six/SixNodeBlock.kt:401:49 Unresolved reference: getSelectedBoundingBoxFromPool
e: file:///Users/aiw.robson/Documents/Projects/ElectricalAge2/src/main/kotlin/mods/eln/node/six/SixNodeBlock.kt:402:59 Unresolved reference: getMinecraft
e: file:///Users/aiw.robson/Documents/Projects/ElectricalAge2/src/main/kotlin/mods/eln/node/six/SixNodeBlock.kt:409:19 Unresolved reference: fromIntMinecraftSide
e: file:///Users/aiw.robson/Documents/Projects/ElectricalAge2/src/main/kotlin/mods/eln/node/six/SixNodeBlock.kt:410:17 Comparison of incompatible enums '[Error type: Unknown type]' and 'Direction' is always unsuccessful
e: file:///Users/aiw.robson/Documents/Projects/ElectricalAge2/src/main/kotlin/mods/eln/node/six/SixNodeBlock.kt:410:40 Unresolved reference: AABB
e: file:///Users/aiw.robson/Documents/Projects/ElectricalAge2/src/main/kotlin/mods/eln/node/six/SixNodeBlock.kt:411:17 Comparison of incompatible enums '[Error type: Unknown type]' and 'Direction' is always unsuccessful
e: file:///Users/aiw.robson/Documents/Projects/ElectricalAge2/src/main/kotlin/mods/eln/node/six/SixNodeBlock.kt:411:40 Unresolved reference: AABB
e: file:///Users/aiw.robson/Documents/Projects/ElectricalAge2/src/main/kotlin/mods/eln/node/six/SixNodeBlock.kt:412:17 Comparison of incompatible enums '[Error type: Unknown type]' and 'Direction' is always unsuccessful
e: file:///Users/aiw.robson/Documents/Projects/ElectricalAge2/src/main/kotlin/mods/eln/node/six/SixNodeBlock.kt:412:40 Unresolved reference: AABB
e: file:///Users/aiw.robson/Documents/Projects/ElectricalAge2/src/main/kotlin/mods/eln/node/six/SixNodeBlock.kt:413:17 Comparison of incompatible enums '[Error type: Unknown type]' and 'Direction' is always unsuccessful
e: file:///Users/aiw.robson/Documents/Projects/ElectricalAge2/src/main/kotlin/mods/eln/node/six/SixNodeBlock.kt:413:40 Unresolved reference: AABB
e: file:///Users/aiw.robson/Documents/Projects/ElectricalAge2/src/main/kotlin/mods/eln/node/six/SixNodeBlock.kt:414:17 Comparison of incompatible enums '[Error type: Unknown type]' and 'Direction' is always unsuccessful
e: file:///Users/aiw.robson/Documents/Projects/ElectricalAge2/src/main/kotlin/mods/eln/node/six/SixNodeBlock.kt:414:40 Unresolved reference: AABB
e: file:///Users/aiw.robson/Documents/Projects/ElectricalAge2/src/main/kotlin/mods/eln/node/six/SixNodeBlock.kt:415:17 Comparison of incompatible enums '[Error type: Unknown type]' and 'Direction' is always unsuccessful
e: file:///Users/aiw.robson/Documents/Projects/ElectricalAge2/src/main/kotlin/mods/eln/node/six/SixNodeBlock.kt:415:40 Unresolved reference: AABB
e: file:///Users/aiw.robson/Documents/Projects/ElectricalAge2/src/main/kotlin/mods/eln/node/six/SixNodeBlock.kt:419:16 Unresolved reference: AABB
e: file:///Users/aiw.robson/Documents/Projects/ElectricalAge2/src/main/kotlin/mods/eln/node/six/SixNodeCacheStd.kt:6:40 Unresolved reference: BlockContainer
e: file:///Users/aiw.robson/Documents/Projects/ElectricalAge2/src/main/kotlin/mods/eln/node/six/SixNodeCacheStd.kt:12:23 Unresolved reference: getBlockFromItem
e: file:///Users/aiw.robson/Documents/Projects/ElectricalAge2/src/main/kotlin/mods/eln/node/six/SixNodeCacheStd.kt:13:18 Unresolved reference: BlockContainer
e: file:///Users/aiw.robson/Documents/Projects/ElectricalAge2/src/main/kotlin/mods/eln/node/six/SixNodeCacheStd.kt:25:22 Unresolved reference: itemDamage
e: file:///Users/aiw.robson/Documents/Projects/ElectricalAge2/src/main/kotlin/mods/eln/node/six/SixNodeDescriptor.kt:15:27 Unresolved reference: ResourceLocation
e: file:///Users/aiw.robson/Documents/Projects/ElectricalAge2/src/main/kotlin/mods/eln/node/six/SixNodeDescriptor.kt:25:87 Type mismatch: inferred type is String? but String was expected
e: file:///Users/aiw.robson/Documents/Projects/ElectricalAge2/src/main/kotlin/mods/eln/node/six/SixNodeDescriptor.kt:30:106 Type mismatch: inferred type is String? but String was expected
e: file:///Users/aiw.robson/Documents/Projects/ElectricalAge2/src/main/kotlin/mods/eln/node/six/SixNodeDescriptor.kt:96:34 Unresolved reference: getLRDUGoingTo
e: file:///Users/aiw.robson/Documents/Projects/ElectricalAge2/src/main/kotlin/mods/eln/node/six/SixNodeElement.kt:12:28 Unresolved reference: mustDropItem
e: file:///Users/aiw.robson/Documents/Projects/ElectricalAge2/src/main/kotlin/mods/eln/node/six/SixNodeElement.kt:27:42 Unresolved reference: ServerPlayer
e: file:///Users/aiw.robson/Documents/Projects/ElectricalAge2/src/main/kotlin/mods/eln/node/six/SixNodeElement.kt:81:33 Type mismatch: inferred type is Player? but Player was expected
e: file:///Users/aiw.robson/Documents/Projects/ElectricalAge2/src/main/kotlin/mods/eln/node/six/SixNodeElement.kt:98:65 Unresolved reference: ServerPlayer
e: file:///Users/aiw.robson/Documents/Projects/ElectricalAge2/src/main/kotlin/mods/eln/node/six/SixNodeElement.kt:120:66 Unresolved reference: ServerPlayer
e: file:///Users/aiw.robson/Documents/Projects/ElectricalAge2/src/main/kotlin/mods/eln/node/six/SixNodeElement.kt:174:36 Unresolved reference: ServerPlayer
e: file:///Users/aiw.robson/Documents/Projects/ElectricalAge2/src/main/kotlin/mods/eln/node/six/SixNodeElement.kt:179:29 Only safe (?.) or non-null asserted (!!.) calls are allowed on a nullable receiver of type GhostManager?
e: file:///Users/aiw.robson/Documents/Projects/ElectricalAge2/src/main/kotlin/mods/eln/node/six/SixNodeElement.kt:183:13 Unresolved reference: mustDropItem
e: file:///Users/aiw.robson/Documents/Projects/ElectricalAge2/src/main/kotlin/mods/eln/node/six/SixNodeElement.kt:200:17 None of the following functions can be called with the arguments supplied: 
private constructor ItemStack(p0: ItemLike!, p1: Int, p2: Optional<CompoundTag!>!) defined in net.minecraft.world.item.ItemStack
public constructor ItemStack(p0: ItemLike!, p1: Int, p2: CompoundTag?) defined in net.minecraft.world.item.ItemStack
e: file:///Users/aiw.robson/Documents/Projects/ElectricalAge2/src/main/kotlin/mods/eln/node/six/SixNodeElement.kt:200:31 Unresolved reference: sixNodeBlock
e: file:///Users/aiw.robson/Documents/Projects/ElectricalAge2/src/main/kotlin/mods/eln/node/six/SixNodeElement.kt:322:57 Only safe (?.) or non-null asserted (!!.) calls are allowed on a nullable receiver of type GhostManager?
e: file:///Users/aiw.robson/Documents/Projects/ElectricalAge2/src/main/kotlin/mods/eln/node/six/SixNodeElementInventory.kt:11:1 Class 'SixNodeElementInventory' is not abstract and does not implement abstract member public abstract fun clearContent(): Unit defined in net.minecraft.world.Container
e: file:///Users/aiw.robson/Documents/Projects/ElectricalAge2/src/main/kotlin/mods/eln/node/six/SixNodeElementInventory.kt:37:5 'decrStackSize' overrides nothing
e: file:///Users/aiw.robson/Documents/Projects/ElectricalAge2/src/main/kotlin/mods/eln/node/six/SixNodeElementInventory.kt:43:31 Unresolved reference: splitStack
e: file:///Users/aiw.robson/Documents/Projects/ElectricalAge2/src/main/kotlin/mods/eln/node/six/SixNodeElementInventory.kt:52:5 'getItemOnClosing' overrides nothing
e: file:///Users/aiw.robson/Documents/Projects/ElectricalAge2/src/main/kotlin/mods/eln/node/six/SixNodeElementInventory.kt:63:48 Unresolved reference: inventoryStackLimit
e: file:///Users/aiw.robson/Documents/Projects/ElectricalAge2/src/main/kotlin/mods/eln/node/six/SixNodeElementInventory.kt:64:31 Unresolved reference: inventoryStackLimit
e: file:///Users/aiw.robson/Documents/Projects/ElectricalAge2/src/main/kotlin/mods/eln/node/six/SixNodeElementInventory.kt:71:5 'getInventoryName' overrides nothing
e: file:///Users/aiw.robson/Documents/Projects/ElectricalAge2/src/main/kotlin/mods/eln/node/six/SixNodeElementInventory.kt:83:5 'startOpen' overrides nothing
e: file:///Users/aiw.robson/Documents/Projects/ElectricalAge2/src/main/kotlin/mods/eln/node/six/SixNodeElementInventory.kt:84:5 'stopOpen' overrides nothing
e: file:///Users/aiw.robson/Documents/Projects/ElectricalAge2/src/main/kotlin/mods/eln/node/six/SixNodeElementInventory.kt:103:5 'hasCustomInventoryName' overrides nothing
e: file:///Users/aiw.robson/Documents/Projects/ElectricalAge2/src/main/kotlin/mods/eln/node/six/SixNodeElementRender.kt:11:28 Unresolved reference: setGlColorFromDye
e: file:///Users/aiw.robson/Documents/Projects/ElectricalAge2/src/main/kotlin/mods/eln/node/six/SixNodeElementRender.kt:21:33 Unresolved reference: Screen
e: file:///Users/aiw.robson/Documents/Projects/ElectricalAge2/src/main/kotlin/mods/eln/node/six/SixNodeElementRender.kt:93:13 Unresolved reference: setGlColorFromDye
e: file:///Users/aiw.robson/Documents/Projects/ElectricalAge2/src/main/kotlin/mods/eln/node/six/SixNodeElementRender.kt:172:59 Unresolved reference: Screen
e: file:///Users/aiw.robson/Documents/Projects/ElectricalAge2/src/main/kotlin/mods/eln/node/six/SixNodeElementRender.kt:305:6 Unresolved reference: SideOnly
e: file:///Users/aiw.robson/Documents/Projects/ElectricalAge2/src/main/kotlin/mods/eln/node/six/SixNodeElementRender.kt:305:15 Unresolved reference: Side
e: file:///Users/aiw.robson/Documents/Projects/ElectricalAge2/src/main/kotlin/mods/eln/node/six/SixNodeEntity.kt:10:28 Unresolved reference: updateAllLightTypes
e: file:///Users/aiw.robson/Documents/Projects/ElectricalAge2/src/main/kotlin/mods/eln/node/six/SixNodeEntity.kt:11:28 Unresolved reference: updateSkylight
e: file:///Users/aiw.robson/Documents/Projects/ElectricalAge2/src/main/kotlin/mods/eln/node/six/SixNodeEntity.kt:14:33 Unresolved reference: Screen
e: file:///Users/aiw.robson/Documents/Projects/ElectricalAge2/src/main/kotlin/mods/eln/node/six/SixNodeEntity.kt:22:38 No value passed for parameter 'type'
e: file:///Users/aiw.robson/Documents/Projects/ElectricalAge2/src/main/kotlin/mods/eln/node/six/SixNodeEntity.kt:22:38 No value passed for parameter 'pos'
e: file:///Users/aiw.robson/Documents/Projects/ElectricalAge2/src/main/kotlin/mods/eln/node/six/SixNodeEntity.kt:22:38 No value passed for parameter 'state'
e: file:///Users/aiw.robson/Documents/Projects/ElectricalAge2/src/main/kotlin/mods/eln/node/six/SixNodeEntity.kt:27:36 Unresolved reference: air
e: file:///Users/aiw.robson/Documents/Projects/ElectricalAge2/src/main/kotlin/mods/eln/node/six/SixNodeEntity.kt:33:39 Unresolved reference: getBlockById
e: file:///Users/aiw.robson/Documents/Projects/ElectricalAge2/src/main/kotlin/mods/eln/node/six/SixNodeEntity.kt:79:31 Unresolved reference: getChunkFromBlockCoords
e: file:///Users/aiw.robson/Documents/Projects/ElectricalAge2/src/main/kotlin/mods/eln/node/six/SixNodeEntity.kt:79:55 Unresolved reference: xCoord
e: file:///Users/aiw.robson/Documents/Projects/ElectricalAge2/src/main/kotlin/mods/eln/node/six/SixNodeEntity.kt:79:63 Unresolved reference: zCoord
e: file:///Users/aiw.robson/Documents/Projects/ElectricalAge2/src/main/kotlin/mods/eln/node/six/SixNodeEntity.kt:81:13 Unresolved reference: updateSkylight
e: file:///Users/aiw.robson/Documents/Projects/ElectricalAge2/src/main/kotlin/mods/eln/node/six/SixNodeEntity.kt:83:13 Unresolved reference: updateAllLightTypes
e: file:///Users/aiw.robson/Documents/Projects/ElectricalAge2/src/main/kotlin/mods/eln/node/six/SixNodeEntity.kt:83:40 Unresolved reference: xCoord
e: file:///Users/aiw.robson/Documents/Projects/ElectricalAge2/src/main/kotlin/mods/eln/node/six/SixNodeEntity.kt:83:48 Unresolved reference: yCoord
e: file:///Users/aiw.robson/Documents/Projects/ElectricalAge2/src/main/kotlin/mods/eln/node/six/SixNodeEntity.kt:83:56 Unresolved reference: zCoord
e: file:///Users/aiw.robson/Documents/Projects/ElectricalAge2/src/main/kotlin/mods/eln/node/six/SixNodeEntity.kt:106:16 Type mismatch: inferred type is Container? but AbstractContainerMenu? was expected
e: file:///Users/aiw.robson/Documents/Projects/ElectricalAge2/src/main/kotlin/mods/eln/node/six/SixNodeEntity.kt:109:63 Unresolved reference: Screen
e: file:///Users/aiw.robson/Documents/Projects/ElectricalAge2/src/main/kotlin/mods/eln/node/six/SixNodeEntity.kt:139:31 Unresolved reference: World
e: file:///Users/aiw.robson/Documents/Projects/ElectricalAge2/src/main/kotlin/mods/eln/node/six/SixNodeEntity.kt:150:56 Unresolved reference: World
e: file:///Users/aiw.robson/Documents/Projects/ElectricalAge2/src/main/kotlin/mods/eln/node/six/SixNodeEntity.kt:151:26 Unresolved reference: isRemote
e: file:///Users/aiw.robson/Documents/Projects/ElectricalAge2/src/main/kotlin/mods/eln/node/six/SixNodeEntity.kt:169:21 Unresolved reference: sixNodeBlock
e: file:///Users/aiw.robson/Documents/Projects/ElectricalAge2/src/main/kotlin/mods/eln/node/six/SixNodeEntity.kt:178:26 Unresolved reference: isRemote
e: file:///Users/aiw.robson/Documents/Projects/ElectricalAge2/src/main/kotlin/mods/eln/node/six/SixNodeItem.kt:7:42 Unresolved reference: fromIntMinecraftSide
e: file:///Users/aiw.robson/Documents/Projects/ElectricalAge2/src/main/kotlin/mods/eln/node/six/SixNodeItem.kt:16:34 Unresolved reference: IItemRenderer
e: file:///Users/aiw.robson/Documents/Projects/ElectricalAge2/src/main/kotlin/mods/eln/node/six/SixNodeItem.kt:17:34 Unresolved reference: IItemRenderer
e: file:///Users/aiw.robson/Documents/Projects/ElectricalAge2/src/main/kotlin/mods/eln/node/six/SixNodeItem.kt:18:34 Unresolved reference: IItemRenderer
e: file:///Users/aiw.robson/Documents/Projects/ElectricalAge2/src/main/kotlin/mods/eln/node/six/SixNodeItem.kt:21:79 Type mismatch: inferred type is Block? but Block was expected
e: file:///Users/aiw.robson/Documents/Projects/ElectricalAge2/src/main/kotlin/mods/eln/node/six/SixNodeItem.kt:21:83 Unresolved reference: IItemRenderer
e: file:///Users/aiw.robson/Documents/Projects/ElectricalAge2/src/main/kotlin/mods/eln/node/six/SixNodeItem.kt:22:5 'getMetadata' overrides nothing
e: file:///Users/aiw.robson/Documents/Projects/ElectricalAge2/src/main/kotlin/mods/eln/node/six/SixNodeItem.kt:29:5 'onItemUse' overrides nothing
e: file:///Users/aiw.robson/Documents/Projects/ElectricalAge2/src/main/kotlin/mods/eln/node/six/SixNodeItem.kt:29:69 Unresolved reference: World
e: file:///Users/aiw.robson/Documents/Projects/ElectricalAge2/src/main/kotlin/mods/eln/node/six/SixNodeItem.kt:35:30 Unresolved reference: snow_layer
e: file:///Users/aiw.robson/Documents/Projects/ElectricalAge2/src/main/kotlin/mods/eln/node/six/SixNodeItem.kt:37:37 Unresolved reference: vine
e: file:///Users/aiw.robson/Documents/Projects/ElectricalAge2/src/main/kotlin/mods/eln/node/six/SixNodeItem.kt:37:62 Unresolved reference: tallgrass
e: file:///Users/aiw.robson/Documents/Projects/ElectricalAge2/src/main/kotlin/mods/eln/node/six/SixNodeItem.kt:37:92 Unresolved reference: deadbush
e: file:///Users/aiw.robson/Documents/Projects/ElectricalAge2/src/main/kotlin/mods/eln/node/six/SixNodeItem.kt:46:21 Unresolved reference: canPlayerEdit
e: file:///Users/aiw.robson/Documents/Projects/ElectricalAge2/src/main/kotlin/mods/eln/node/six/SixNodeItem.kt:47:25 Unresolved reference: field_150939_a
e: file:///Users/aiw.robson/Documents/Projects/ElectricalAge2/src/main/kotlin/mods/eln/node/six/SixNodeItem.kt:48:36 Unresolved reference: itemDamage
e: file:///Users/aiw.robson/Documents/Projects/ElectricalAge2/src/main/kotlin/mods/eln/node/six/SixNodeItem.kt:49:24 Unresolved reference: field_150939_a
e: file:///Users/aiw.robson/Documents/Projects/ElectricalAge2/src/main/kotlin/mods/eln/node/six/SixNodeItem.kt:51:104 Unresolved reference: field_150939_a
e: file:///Users/aiw.robson/Documents/Projects/ElectricalAge2/src/main/kotlin/mods/eln/node/six/SixNodeItem.kt:51:147 Unresolved reference: field_150939_a
e: file:///Users/aiw.robson/Documents/Projects/ElectricalAge2/src/main/kotlin/mods/eln/node/six/SixNodeItem.kt:51:200 Unresolved reference: field_150939_a
e: file:///Users/aiw.robson/Documents/Projects/ElectricalAge2/src/main/kotlin/mods/eln/node/six/SixNodeItem.kt:61:5 'func_150936_a' overrides nothing
e: file:///Users/aiw.robson/Documents/Projects/ElectricalAge2/src/main/kotlin/mods/eln/node/six/SixNodeItem.kt:61:43 Unresolved reference: World
e: file:///Users/aiw.robson/Documents/Projects/ElectricalAge2/src/main/kotlin/mods/eln/node/six/SixNodeItem.kt:64:9 Unresolved reference: fromIntMinecraftSide
e: file:///Users/aiw.robson/Documents/Projects/ElectricalAge2/src/main/kotlin/mods/eln/node/six/SixNodeItem.kt:66:89 Unresolved reference: fromIntMinecraftSide
e: file:///Users/aiw.robson/Documents/Projects/ElectricalAge2/src/main/kotlin/mods/eln/node/six/SixNodeItem.kt:69:67 Unresolved reference: sixNodeBlock
e: file:///Users/aiw.robson/Documents/Projects/ElectricalAge2/src/main/kotlin/mods/eln/node/six/SixNodeItem.kt:70:22 Unresolved reference: func_150936_a
e: file:///Users/aiw.robson/Documents/Projects/ElectricalAge2/src/main/kotlin/mods/eln/node/six/SixNodeItem.kt:78:5 'placeBlockAt' overrides nothing
e: file:///Users/aiw.robson/Documents/Projects/ElectricalAge2/src/main/kotlin/mods/eln/node/six/SixNodeItem.kt:78:72 Unresolved reference: World
e: file:///Users/aiw.robson/Documents/Projects/ElectricalAge2/src/main/kotlin/mods/eln/node/six/SixNodeItem.kt:81:25 Unresolved reference: fromIntMinecraftSide
e: file:///Users/aiw.robson/Documents/Projects/ElectricalAge2/src/main/kotlin/mods/eln/node/six/SixNodeItem.kt:83:27 Unresolved reference: getBlockFromItem
e: file:///Users/aiw.robson/Documents/Projects/ElectricalAge2/src/main/kotlin/mods/eln/node/six/SixNodeItem.kt:84:33 Unresolved reference: air
e: file:///Users/aiw.robson/Documents/Projects/ElectricalAge2/src/main/kotlin/mods/eln/node/six/SixNodeItem.kt:89:40 Type mismatch: inferred type is String? but String was expected
e: file:///Users/aiw.robson/Documents/Projects/ElectricalAge2/src/main/kotlin/mods/eln/node/six/SixNodeItem.kt:100:55 Unresolved reference: fromIntMinecraftSide
e: file:///Users/aiw.robson/Documents/Projects/ElectricalAge2/src/main/kotlin/mods/eln/node/six/SixNodeItem.kt:111:55 Unresolved reference: fromIntMinecraftSide
e: file:///Users/aiw.robson/Documents/Projects/ElectricalAge2/src/main/kotlin/mods/eln/node/six/SixNodeItem.kt:124:5 'handleRenderType' overrides nothing
e: file:///Users/aiw.robson/Documents/Projects/ElectricalAge2/src/main/kotlin/mods/eln/node/six/SixNodeItem.kt:124:58 Unresolved reference: ItemRenderType
e: file:///Users/aiw.robson/Documents/Projects/ElectricalAge2/src/main/kotlin/mods/eln/node/six/SixNodeItem.kt:125:82 Unresolved reference: handleRenderType
e: file:///Users/aiw.robson/Documents/Projects/ElectricalAge2/src/main/kotlin/mods/eln/node/six/SixNodeItem.kt:128:5 'shouldUseRenderHelper' overrides nothing
e: file:///Users/aiw.robson/Documents/Projects/ElectricalAge2/src/main/kotlin/mods/eln/node/six/SixNodeItem.kt:128:46 Unresolved reference: ItemRenderType
e: file:///Users/aiw.robson/Documents/Projects/ElectricalAge2/src/main/kotlin/mods/eln/node/six/SixNodeItem.kt:128:87 Unresolved reference: ItemRendererHelper
e: file:///Users/aiw.robson/Documents/Projects/ElectricalAge2/src/main/kotlin/mods/eln/node/six/SixNodeItem.kt:129:81 Unresolved reference: shouldUseRenderHelper
e: file:///Users/aiw.robson/Documents/Projects/ElectricalAge2/src/main/kotlin/mods/eln/node/six/SixNodeItem.kt:132:40 Unresolved reference: ItemRenderType
e: file:///Users/aiw.robson/Documents/Projects/ElectricalAge2/src/main/kotlin/mods/eln/node/six/SixNodeItem.kt:132:83 Unresolved reference: ItemRendererHelper
e: file:///Users/aiw.robson/Documents/Projects/ElectricalAge2/src/main/kotlin/mods/eln/node/six/SixNodeItem.kt:133:81 Unresolved reference: shouldUseRenderHelperEln
e: file:///Users/aiw.robson/Documents/Projects/ElectricalAge2/src/main/kotlin/mods/eln/node/six/SixNodeItem.kt:136:5 'renderItem' overrides nothing
e: file:///Users/aiw.robson/Documents/Projects/ElectricalAge2/src/main/kotlin/mods/eln/node/six/SixNodeItem.kt:136:35 Unresolved reference: ItemRenderType
e: file:///Users/aiw.robson/Documents/Projects/ElectricalAge2/src/main/kotlin/mods/eln/node/six/SixNodeItem.kt:138:19 Unresolved reference: getMinecraft
e: file:///Users/aiw.robson/Documents/Projects/ElectricalAge2/src/main/kotlin/mods/eln/node/six/SixNodeItem.kt:141:17 Unresolved reference: ItemRenderType
e: file:///Users/aiw.robson/Documents/Projects/ElectricalAge2/src/main/kotlin/mods/eln/node/six/SixNodeItem.kt:142:17 Unresolved reference: ItemRenderType
e: file:///Users/aiw.robson/Documents/Projects/ElectricalAge2/src/main/kotlin/mods/eln/node/six/SixNodeItem.kt:148:17 Unresolved reference: ItemRenderType
e: file:///Users/aiw.robson/Documents/Projects/ElectricalAge2/src/main/kotlin/mods/eln/node/six/SixNodeItem.kt:153:17 Unresolved reference: ItemRenderType
e: file:///Users/aiw.robson/Documents/Projects/ElectricalAge2/src/main/kotlin/mods/eln/node/six/SixNodeItem.kt:155:17 Unresolved reference: ItemRenderType
e: file:///Users/aiw.robson/Documents/Projects/ElectricalAge2/src/main/kotlin/mods/eln/node/six/SixNodeItem.kt:163:31 Unresolved reference: renderItem
e: file:///Users/aiw.robson/Documents/Projects/ElectricalAge2/src/main/kotlin/mods/eln/node/six/SixNodeItem.kt:164:19 Unresolved reference: getMinecraft
e: file:///Users/aiw.robson/Documents/Projects/ElectricalAge2/src/main/kotlin/mods/eln/node/six/SixNodeItem.kt:168:9 Unresolved reference: setHasSubtypes
e: file:///Users/aiw.robson/Documents/Projects/ElectricalAge2/src/main/kotlin/mods/eln/node/six/SixNodeItem.kt:169:9 Unresolved reference: unlocalizedName
e: file:///Users/aiw.robson/Documents/Projects/ElectricalAge2/src/main/kotlin/mods/eln/node/six/SixNodeItemSlot.kt:18:5 'isItemValid' overrides nothing
e: file:///Users/aiw.robson/Documents/Projects/ElectricalAge2/src/main/kotlin/mods/eln/node/six/SixNodeItemSlot.kt:27:5 'getSlotStackLimit' overrides nothing
e: file:///Users/aiw.robson/Documents/Projects/ElectricalAge2/src/main/kotlin/mods/eln/node/six/SixNodeRender.kt:6:38 Unresolved reference: tileentity
e: file:///Users/aiw.robson/Documents/Projects/ElectricalAge2/src/main/kotlin/mods/eln/node/six/SixNodeRender.kt:7:22 Unresolved reference: tileentity
e: file:///Users/aiw.robson/Documents/Projects/ElectricalAge2/src/main/kotlin/mods/eln/node/six/SixNodeRender.kt:10:23 Unresolved reference: TileEntitySpecialRenderer
e: file:///Users/aiw.robson/Documents/Projects/ElectricalAge2/src/main/kotlin/mods/eln/node/six/SixNodeRender.kt:11:5 'renderTileEntityAt' overrides nothing
e: file:///Users/aiw.robson/Documents/Projects/ElectricalAge2/src/main/kotlin/mods/eln/node/six/SixNodeRender.kt:11:45 Unresolved reference: TileEntity
e: file:///Users/aiw.robson/Documents/Projects/ElectricalAge2/src/main/kotlin/mods/eln/node/six/SixNodeRender.kt:12:19 Unresolved reference: getMinecraft
e: file:///Users/aiw.robson/Documents/Projects/ElectricalAge2/src/main/kotlin/mods/eln/node/six/SixNodeRender.kt:27:19 Unresolved reference: getMinecraft
e: file:///Users/aiw.robson/Documents/Projects/ElectricalAge2/src/main/kotlin/mods/eln/node/transparent/TransparentNodeBlock.kt:42:48 Type mismatch: inferred type is Player but ServerPlayer? was expected
e: file:///Users/aiw.robson/Documents/Projects/ElectricalAge2/src/main/kotlin/mods/eln/node/transparent/TransparentNodeDescriptor.kt:105:13 Unresolved reference: mustHaveWallFront
e: file:///Users/aiw.robson/Documents/Projects/ElectricalAge2/src/main/kotlin/mods/eln/node/transparent/TransparentNodeDescriptor.kt:138:52 Function invocation 'inverse()' expected
e: file:///Users/aiw.robson/Documents/Projects/ElectricalAge2/src/main/kotlin/mods/eln/node/transparent/TransparentNodeDescriptor.kt:139:87 Function invocation 'inverse()' expected
e: file:///Users/aiw.robson/Documents/Projects/ElectricalAge2/src/main/kotlin/mods/eln/node/transparent/TransparentNodeDescriptor.kt:140:107 Function invocation 'inverse()' expected
e: file:///Users/aiw.robson/Documents/Projects/ElectricalAge2/src/main/kotlin/mods/eln/node/transparent/TransparentNodeDescriptor.kt:159:87 Unresolved reference: World
e: file:///Users/aiw.robson/Documents/Projects/ElectricalAge2/src/main/kotlin/mods/eln/node/transparent/TransparentNodeDescriptor.kt:160:25 Unresolved reference: stone
e: file:///Users/aiw.robson/Documents/Projects/ElectricalAge2/src/main/kotlin/mods/eln/node/transparent/TransparentNodeDescriptor.kt:161:22 Unresolved reference: intersectsWith
e: file:///Users/aiw.robson/Documents/Projects/ElectricalAge2/src/main/kotlin/mods/eln/node/transparent/TransparentNodeElementRender.kt:13:28 Unresolved reference: setGlColorFromDye
e: file:///Users/aiw.robson/Documents/Projects/ElectricalAge2/src/main/kotlin/mods/eln/node/transparent/TransparentNodeElementRender.kt:14:28 Unresolved reference: unserializeItemStackToItemEntity
e: file:///Users/aiw.robson/Documents/Projects/ElectricalAge2/src/main/kotlin/mods/eln/node/transparent/TransparentNodeElementRender.kt:19:33 Unresolved reference: Screen
e: file:///Users/aiw.robson/Documents/Projects/ElectricalAge2/src/main/kotlin/mods/eln/node/transparent/TransparentNodeElementRender.kt:35:64 Too many arguments for protected final fun unserializeItemStackToItemEntity(stream: DataInputStream?, old: ItemEntity?): ItemEntity? defined in mods.eln.node.transparent.TransparentNodeElementRender
e: file:///Users/aiw.robson/Documents/Projects/ElectricalAge2/src/main/kotlin/mods/eln/node/transparent/TransparentNodeElementRender.kt:39:21 Unresolved reference: drawItemEntity
e: file:///Users/aiw.robson/Documents/Projects/ElectricalAge2/src/main/kotlin/mods/eln/node/transparent/TransparentNodeElementRender.kt:43:17 Unresolved reference: glTranslate
e: file:///Users/aiw.robson/Documents/Projects/ElectricalAge2/src/main/kotlin/mods/eln/node/transparent/TransparentNodeElementRender.kt:58:59 Unresolved reference: Screen
e: file:///Users/aiw.robson/Documents/Projects/ElectricalAge2/src/main/kotlin/mods/eln/node/transparent/TransparentNodeElementRender.kt:161:13 Unresolved reference: setGlColorFromDye
e: file:///Users/aiw.robson/Documents/Projects/ElectricalAge2/src/main/kotlin/mods/eln/node/transparent/TransparentNodeElementRender.kt:174:38 Unresolved reference: xCoord
e: file:///Users/aiw.robson/Documents/Projects/ElectricalAge2/src/main/kotlin/mods/eln/node/transparent/TransparentNodeElementRender.kt:174:57 Unresolved reference: yCoord
e: file:///Users/aiw.robson/Documents/Projects/ElectricalAge2/src/main/kotlin/mods/eln/node/transparent/TransparentNodeElementRender.kt:174:76 Unresolved reference: zCoord
e: file:///Users/aiw.robson/Documents/Projects/ElectricalAge2/src/main/kotlin/mods/eln/node/transparent/TransparentNodeElementRender.kt:174:84 Type mismatch: inferred type is Level? but Int was expected
e: file:///Users/aiw.robson/Documents/Projects/ElectricalAge2/src/main/kotlin/mods/eln/node/transparent/TransparentNodeElementRender.kt:196:6 Unresolved reference: SideOnly
e: file:///Users/aiw.robson/Documents/Projects/ElectricalAge2/src/main/kotlin/mods/eln/node/transparent/TransparentNodeElementRender.kt:196:15 Unresolved reference: Side
e: file:///Users/aiw.robson/Documents/Projects/ElectricalAge2/src/main/kotlin/mods/eln/node/transparent/TransparentNodeEntity.kt:190:23 Unresolved reference: isRemote
e: file:///Users/aiw.robson/Documents/Projects/ElectricalAge2/src/main/kotlin/mods/eln/node/transparent/TransparentNodeEntityWithFluid.kt:11:61 No value passed for parameter 'type'
e: file:///Users/aiw.robson/Documents/Projects/ElectricalAge2/src/main/kotlin/mods/eln/node/transparent/TransparentNodeEntityWithFluid.kt:11:61 No value passed for parameter 'pos'
e: file:///Users/aiw.robson/Documents/Projects/ElectricalAge2/src/main/kotlin/mods/eln/node/transparent/TransparentNodeEntityWithFluid.kt:11:61 No value passed for parameter 'state'
e: file:///Users/aiw.robson/Documents/Projects/ElectricalAge2/src/main/kotlin/mods/eln/node/transparent/TransparentNodeEntityWithFluid.kt:14:43 Unresolved reference: isRemote
e: file:///Users/aiw.robson/Documents/Projects/ElectricalAge2/src/main/kotlin/mods/eln/node/transparent/TransparentNodeItem.kt:19:68 Type argument is not within its bounds: should be subtype of 'GenericItemBlockUsingDamageDescriptor'
e: file:///Users/aiw.robson/Documents/Projects/ElectricalAge2/src/main/kotlin/mods/eln/node/transparent/TransparentNodeItem.kt:19:96 Type mismatch: inferred type is Block? but Block was expected
e: file:///Users/aiw.robson/Documents/Projects/ElectricalAge2/src/main/kotlin/mods/eln/node/transparent/TransparentNodeItem.kt:28:19 Unresolved reference: isRemote
e: file:///Users/aiw.robson/Documents/Projects/ElectricalAge2/src/main/kotlin/mods/eln/ore/OreDescriptor.kt:14:43 Type mismatch: inferred type is String? but String was expected
e: file:///Users/aiw.robson/Documents/Projects/ElectricalAge2/src/main/kotlin/mods/eln/ore/OreDescriptor.kt:25:14 Unresolved reference: addOre
e: file:///Users/aiw.robson/Documents/Projects/ElectricalAge2/src/main/kotlin/mods/eln/ore/OreDescriptor.kt:33:21 None of the following functions can be called with the arguments supplied: 
public constructor ItemStack(p0: Holder<Item!>!, p1: Int) defined in net.minecraft.world.item.ItemStack
public constructor ItemStack(p0: ItemLike!, p1: Int) defined in net.minecraft.world.item.ItemStack
e: file:///Users/aiw.robson/Documents/Projects/ElectricalAge2/src/main/kotlin/mods/eln/ore/OreItem.kt:6:56 Type argument is not within its bounds: should be subtype of 'GenericItemBlockUsingDamageDescriptor'
e: file:///Users/aiw.robson/Documents/Projects/ElectricalAge2/src/main/kotlin/mods/eln/ore/OreItem.kt:6:72 Type mismatch: inferred type is Block? but Block was expected
e: file:///Users/aiw.robson/Documents/Projects/ElectricalAge2/src/main/kotlin/mods/eln/ore/OreItem.kt:7:5 'getMetadata' overrides nothing
e: file:///Users/aiw.robson/Documents/Projects/ElectricalAge2/src/main/kotlin/mods/eln/ore/OreItem.kt:11:5 'addDescriptor' in 'GenericItemBlockUsingDamage' is final and cannot be overridden
e: file:///Users/aiw.robson/Documents/Projects/ElectricalAge2/src/main/kotlin/mods/eln/ore/OreItem.kt:13:9 Unresolved reference: GameRegistry
e: file:///Users/aiw.robson/Documents/Projects/ElectricalAge2/src/main/kotlin/mods/eln/packets/AchievePacket.kt:5:1 Class 'AchievePacket' is not abstract and does not implement abstract member public abstract fun fromBytes(buf: ByteBuf?): Unit defined in mods.eln.packets.IMessage
e: file:///Users/aiw.robson/Documents/Projects/ElectricalAge2/src/main/kotlin/mods/eln/packets/AchievePacket.kt:18:5 'fromBytes' overrides nothing
e: file:///Users/aiw.robson/Documents/Projects/ElectricalAge2/src/main/kotlin/mods/eln/packets/AchievePacket.kt:22:5 'toBytes' overrides nothing
e: file:///Users/aiw.robson/Documents/Projects/ElectricalAge2/src/main/kotlin/mods/eln/packets/AchievePacketHandler.kt:11:44 Unresolved reference: triggerAchievement
e: file:///Users/aiw.robson/Documents/Projects/ElectricalAge2/src/main/kotlin/mods/eln/packets/AchievePacketHandler.kt:13:44 Unresolved reference: triggerAchievement
e: file:///Users/aiw.robson/Documents/Projects/ElectricalAge2/src/main/kotlin/mods/eln/packets/GhostNodeWailaRequestPacketHandler.kt:13:41 Only safe (?.) or non-null asserted (!!.) calls are allowed on a nullable receiver of type GhostManager?
e: file:///Users/aiw.robson/Documents/Projects/ElectricalAge2/src/main/kotlin/mods/eln/packets/GhostNodeWailaRequestPacketHandler.kt:25:43 Only safe (?.) or non-null asserted (!!.) calls are allowed on a nullable receiver of type GhostManager?
e: file:///Users/aiw.robson/Documents/Projects/ElectricalAge2/src/main/kotlin/mods/eln/packets/GhostNodeWailaResponsePacketHandler.kt:11:90 Return type of 'onMessage' is not a subtype of the return type of the overridden member 'public abstract fun onMessage(message: GhostNodeWailaResponsePacket, ctx: MessageContext?): IMessage defined in mods.eln.packets.IMessageHandler'
e: file:///Users/aiw.robson/Documents/Projects/ElectricalAge2/src/main/kotlin/mods/eln/packets/SixNodeWailaResponsePacketHandler.kt:12:88 Return type of 'onMessage' is not a subtype of the return type of the overridden member 'public abstract fun onMessage(message: SixNodeWailaResponsePacket, ctx: MessageContext?): IMessage defined in mods.eln.packets.IMessageHandler'
e: file:///Users/aiw.robson/Documents/Projects/ElectricalAge2/src/main/kotlin/mods/eln/packets/TransparentNodeRequestPacketHandler.kt:11:1 Class 'TransparentNodeRequestPacketHandler' is not abstract and does not implement abstract member public abstract fun onMessage(message: TransparentNodeRequestPacket, ctx: MessageContext?): TransparentNodeResponsePacket defined in mods.eln.packets.IMessageHandler
e: file:///Users/aiw.robson/Documents/Projects/ElectricalAge2/src/main/kotlin/mods/eln/packets/TransparentNodeRequestPacketHandler.kt:12:5 'onMessage' overrides nothing
e: file:///Users/aiw.robson/Documents/Projects/ElectricalAge2/src/main/kotlin/mods/eln/packets/TransparentNodeRequestPacketHandler.kt:14:41 Only safe (?.) or non-null asserted (!!.) calls are allowed on a nullable receiver of type GhostManager?
e: file:///Users/aiw.robson/Documents/Projects/ElectricalAge2/src/main/kotlin/mods/eln/packets/TransparentNodeResponsePacketHandler.kt:8:1 Class 'TransparentNodeResponsePacketHandler' is not abstract and does not implement abstract member public abstract fun onMessage(message: TransparentNodeResponsePacket, ctx: MessageContext?): IMessage defined in mods.eln.packets.IMessageHandler
e: file:///Users/aiw.robson/Documents/Projects/ElectricalAge2/src/main/kotlin/mods/eln/packets/TransparentNodeResponsePacketHandler.kt:9:5 'onMessage' overrides nothing
e: file:///Users/aiw.robson/Documents/Projects/ElectricalAge2/src/main/kotlin/mods/eln/registration/SingleNodeRegistration.kt:11:28 Unresolved reference: computerprobe
e: file:///Users/aiw.robson/Documents/Projects/ElectricalAge2/src/main/kotlin/mods/eln/registration/SingleNodeRegistration.kt:12:28 Unresolved reference: computerprobe
e: file:///Users/aiw.robson/Documents/Projects/ElectricalAge2/src/main/kotlin/mods/eln/registration/SingleNodeRegistration.kt:13:28 Unresolved reference: computerprobe
e: file:///Users/aiw.robson/Documents/Projects/ElectricalAge2/src/main/kotlin/mods/eln/registration/SingleNodeRegistration.kt:65:17 Smart cast to 'EnergyConverterElnToOtherBlock' is impossible, because 'Eln.instance.elnToOtherBlockConverter' is a complex expression
e: file:///Users/aiw.robson/Documents/Projects/ElectricalAge2/src/main/kotlin/mods/eln/registration/SingleNodeRegistration.kt:66:44 Smart cast to 'EnergyConverterElnToOtherBlock' is impossible, because 'Eln.instance.elnToOtherBlockConverter' is a complex expression
e: file:///Users/aiw.robson/Documents/Projects/ElectricalAge2/src/main/kotlin/mods/eln/registration/SingleNodeRegistration.kt:75:35 Unresolved reference: ComputerProbeEntity
e: file:///Users/aiw.robson/Documents/Projects/ElectricalAge2/src/main/kotlin/mods/eln/registration/SingleNodeRegistration.kt:76:26 Unresolved reference: ComputerProbeNode
e: file:///Users/aiw.robson/Documents/Projects/ElectricalAge2/src/main/kotlin/mods/eln/registration/SingleNodeRegistration.kt:76:65 Unresolved reference: ComputerProbeNode
e: file:///Users/aiw.robson/Documents/Projects/ElectricalAge2/src/main/kotlin/mods/eln/registration/SingleNodeRegistration.kt:79:47 Unresolved reference: ComputerProbeBlock
e: file:///Users/aiw.robson/Documents/Projects/ElectricalAge2/src/main/kotlin/mods/eln/registration/SingleNodeRegistration.kt:80:44 Only safe (?.) or non-null asserted (!!.) calls are allowed on a nullable receiver of type Block?
e: file:///Users/aiw.robson/Documents/Projects/ElectricalAge2/src/main/kotlin/mods/eln/registration/SingleNodeRegistration.kt:81:40 Type mismatch: inferred type is Block? but Block was expected
e: file:///Users/aiw.robson/Documents/Projects/ElectricalAge2/src/main/kotlin/mods/eln/server/DelayedBlockRemove.kt:29:17 Unresolved reference: delayedTask
e: file:///Users/aiw.robson/Documents/Projects/ElectricalAge2/src/main/kotlin/mods/eln/server/DelayedTaskManager.kt:12:6 Unresolved reference: SubscribeEvent
e: file:///Users/aiw.robson/Documents/Projects/ElectricalAge2/src/main/kotlin/mods/eln/server/DelayedTaskManager.kt:13:21 Unresolved reference: ServerTickEvent
e: file:///Users/aiw.robson/Documents/Projects/ElectricalAge2/src/main/kotlin/mods/eln/server/DelayedTaskManager.kt:14:28 Unresolved reference: TickEvent
e: file:///Users/aiw.robson/Documents/Projects/ElectricalAge2/src/main/kotlin/mods/eln/server/DelayedTaskManager.kt:32:9 Unresolved reference: FMLCommonHandler
e: file:///Users/aiw.robson/Documents/Projects/ElectricalAge2/src/main/kotlin/mods/eln/server/ElnWorldStorage.kt:5:34 Unresolved reference: LevelSavedData
e: file:///Users/aiw.robson/Documents/Projects/ElectricalAge2/src/main/kotlin/mods/eln/server/ElnWorldStorage.kt:7:39 Unresolved reference: WorldSavedData
e: file:///Users/aiw.robson/Documents/Projects/ElectricalAge2/src/main/kotlin/mods/eln/server/ElnWorldStorage.kt:9:5 'readFromNBT' overrides nothing
e: file:///Users/aiw.robson/Documents/Projects/ElectricalAge2/src/main/kotlin/mods/eln/server/ElnWorldStorage.kt:10:19 Unresolved reference: getInteger
e: file:///Users/aiw.robson/Documents/Projects/ElectricalAge2/src/main/kotlin/mods/eln/server/ElnWorldStorage.kt:14:5 'writeToNBT' overrides nothing
e: file:///Users/aiw.robson/Documents/Projects/ElectricalAge2/src/main/kotlin/mods/eln/server/ElnWorldStorage.kt:15:13 Unresolved reference: setInteger
e: file:///Users/aiw.robson/Documents/Projects/ElectricalAge2/src/main/kotlin/mods/eln/server/ElnWorldStorage.kt:19:5 'isDirty' overrides nothing
e: file:///Users/aiw.robson/Documents/Projects/ElectricalAge2/src/main/kotlin/mods/eln/server/ElnWorldStorage.kt:26:29 Unresolved reference: World
e: file:///Users/aiw.robson/Documents/Projects/ElectricalAge2/src/main/kotlin/mods/eln/server/ServerEventListener.kt:173:35 Unresolved reference: load
e: file:///Users/aiw.robson/Documents/Projects/ElectricalAge2/src/main/kotlin/mods/eln/server/ServerEventListener.kt:182:56 Unresolved reference: getOrCreateCompound
e: file:///Users/aiw.robson/Documents/Projects/ElectricalAge2/src/main/kotlin/mods/eln/server/ServerEventListener.kt:187:35 Unresolved reference: save
e: file:///Users/aiw.robson/Documents/Projects/ElectricalAge2/src/main/kotlin/mods/eln/server/ServerEventListener.kt:187:46 Unresolved reference: getOrCreateCompound
e: file:///Users/aiw.robson/Documents/Projects/ElectricalAge2/src/main/kotlin/mods/eln/sim/StackMachineProcess.kt:89:51 Unresolved reference: outputCopy
e: file:///Users/aiw.robson/Documents/Projects/ElectricalAge2/src/main/kotlin/mods/eln/sim/StackMachineProcess.kt:90:25 Unresolved reference: decrStackSize
e: file:///Users/aiw.robson/Documents/Projects/ElectricalAge2/src/main/kotlin/mods/eln/sim/nbt/NbtBatteryProcess.kt:28:13 Unresolved reference: setDouble
e: file:///Users/aiw.robson/Documents/Projects/ElectricalAge2/src/main/kotlin/mods/eln/sim/nbt/NbtBatteryProcess.kt:29:13 Unresolved reference: setDouble
e: file:///Users/aiw.robson/Documents/Projects/ElectricalAge2/src/main/kotlin/mods/eln/sim/process/destruct/ValueWatchdog.kt:33:44 Unresolved reference: rand
e: file:///Users/aiw.robson/Documents/Projects/ElectricalAge2/src/main/kotlin/mods/eln/sim/process/destruct/ValueWatchdog.kt:40:17 Too many arguments for public final fun println(message: Any?): Unit defined in mods.eln.misc.Utils
e: file:///Users/aiw.robson/Documents/Projects/ElectricalAge2/src/main/kotlin/mods/eln/sim/process/destruct/ValueWatchdog.kt:41:17 Too many arguments for public final fun println(message: Any?): Unit defined in mods.eln.misc.Utils
e: file:///Users/aiw.robson/Documents/Projects/ElectricalAge2/src/main/kotlin/mods/eln/sim/process/heater/ElectricalLoadHeatThermalLoad.kt:8:7 Redeclaration: ElectricalLoadHeatThermalLoad
e: file:///Users/aiw.robson/Documents/Projects/ElectricalAge2/src/main/kotlin/mods/eln/simplenode/ConduitBlock.kt:56:93 Too many arguments for public constructor SimpleNodeEntity(nodeUuid: String, pos: BlockPos, state: BlockState) defined in mods.eln.node.simple.SimpleNodeEntity
e: file:///Users/aiw.robson/Documents/Projects/ElectricalAge2/src/main/kotlin/mods/eln/simplenode/DeviceProbe.kt:254:15 Only safe (?.) or non-null asserted (!!.) calls are allowed on a nullable receiver of type GuiHelperContainer?
e: file:///Users/aiw.robson/Documents/Projects/ElectricalAge2/src/main/kotlin/mods/eln/simplenode/DeviceProbe.kt:272:31 Unresolved reference: GuiHelperContainer
e: file:///Users/aiw.robson/Documents/Projects/ElectricalAge2/src/main/kotlin/mods/eln/simplenode/DeviceProbe.kt:273:16 Unresolved reference: GuiHelperContainer
e: file:///Users/aiw.robson/Documents/Projects/ElectricalAge2/src/main/kotlin/mods/eln/sixnode/AnalogChips.kt:857:13 Operator '===' cannot be applied to 'IGuiObject' and 'GuiVerticalCustomValuesBar?'
e: file:///Users/aiw.robson/Documents/Projects/ElectricalAge2/src/main/kotlin/mods/eln/sixnode/CurrentSourceSix.kt:158:31 Return type of 'newHelper' is not a subtype of the return type of the overridden member 'public open fun newHelper(): GuiHelperContainer defined in mods.eln.gui.ScreenEln'
e: file:///Users/aiw.robson/Documents/Projects/ElectricalAge2/src/main/kotlin/mods/eln/sixnode/CurrentSourceSix.kt:166:31 Type mismatch: inferred type is CurrentSourceGui but GuiTextFieldEln.GuiTextFieldElnObserver was expected
e: file:///Users/aiw.robson/Documents/Projects/ElectricalAge2/src/main/kotlin/mods/eln/sixnode/CurrentSourceSix.kt:167:30 Type mismatch: inferred type is List<String> but Array<String> was expected
e: file:///Users/aiw.robson/Documents/Projects/ElectricalAge2/src/main/kotlin/mods/eln/sixnode/CurrentSourceSix.kt:170:5 'textFieldNewValue' overrides nothing
e: file:///Users/aiw.robson/Documents/Projects/ElectricalAge2/src/main/kotlin/mods/eln/sixnode/ElectricalFuse.kt:49:78 Unresolved reference: ElectricalCableDescriptor
e: file:///Users/aiw.robson/Documents/Projects/ElectricalAge2/src/main/kotlin/mods/eln/sixnode/ElectricalFuse.kt:220:72 Type mismatch: inferred type is ItemStack? but ItemStack was expected
e: file:///Users/aiw.robson/Documents/Projects/ElectricalAge2/src/main/kotlin/mods/eln/sixnode/ElectricalVuMeter.kt:249:50 Only safe (?.) or non-null asserted (!!.) calls are allowed on a nullable receiver of type ElectricalCableDescriptor?
e: file:///Users/aiw.robson/Documents/Projects/ElectricalAge2/src/main/kotlin/mods/eln/sixnode/EmergencyLamp.kt:291:5 'guiObjectEvent' overrides nothing
e: file:///Users/aiw.robson/Documents/Projects/ElectricalAge2/src/main/kotlin/mods/eln/sixnode/PortableNaN.kt:28:9 Val cannot be reassigned
e: file:///Users/aiw.robson/Documents/Projects/ElectricalAge2/src/main/kotlin/mods/eln/sixnode/PowerCapacitor.kt:260:18 Only safe (?.) or non-null asserted (!!.) calls are allowed on a nullable receiver of type ItemStack?
e: file:///Users/aiw.robson/Documents/Projects/ElectricalAge2/src/main/kotlin/mods/eln/sixnode/PowerCapacitor.kt:263:52 Only safe (?.) or non-null asserted (!!.) calls are allowed on a nullable receiver of type ItemStack?
e: file:///Users/aiw.robson/Documents/Projects/ElectricalAge2/src/main/kotlin/mods/eln/sixnode/PowerCapacitor.kt:266:18 Only safe (?.) or non-null asserted (!!.) calls are allowed on a nullable receiver of type ItemStack?
e: file:///Users/aiw.robson/Documents/Projects/ElectricalAge2/src/main/kotlin/mods/eln/sixnode/PowerCapacitor.kt:269:54 Only safe (?.) or non-null asserted (!!.) calls are allowed on a nullable receiver of type ItemStack?
e: file:///Users/aiw.robson/Documents/Projects/ElectricalAge2/src/main/kotlin/mods/eln/sixnode/PowerSinkSix.kt:170:30 Type mismatch: inferred type is List<String> but Array<String> was expected
e: file:///Users/aiw.robson/Documents/Projects/ElectricalAge2/src/main/kotlin/mods/eln/sixnode/PowerSourceSix.kt:165:30 Type mismatch: inferred type is List<String> but Array<String> was expected
e: file:///Users/aiw.robson/Documents/Projects/ElectricalAge2/src/main/kotlin/mods/eln/sixnode/Scanner.kt:76:28 Only safe (?.) or non-null asserted (!!.) calls are allowed on a nullable receiver of type SixNode?
e: file:///Users/aiw.robson/Documents/Projects/ElectricalAge2/src/main/kotlin/mods/eln/sixnode/Scanner.kt:213:105 Only safe (?.) or non-null asserted (!!.) calls are allowed on a nullable receiver of type ElectricalCableDescriptor?
e: file:///Users/aiw.robson/Documents/Projects/ElectricalAge2/src/main/kotlin/mods/eln/sixnode/currentcable/CurrentCable.kt:235:45 Only safe (?.) or non-null asserted (!!.) calls are allowed on a nullable receiver of type SixNode?
e: file:///Users/aiw.robson/Documents/Projects/ElectricalAge2/src/main/kotlin/mods/eln/sixnode/currentcable/CurrentCable.kt:243:53 Only safe (?.) or non-null asserted (!!.) calls are allowed on a nullable receiver of type SixNode?
e: file:///Users/aiw.robson/Documents/Projects/ElectricalAge2/src/main/kotlin/mods/eln/sixnode/diode/DiodeDescriptor.kt:21:34 Unresolved reference: IItemRenderer
e: file:///Users/aiw.robson/Documents/Projects/ElectricalAge2/src/main/kotlin/mods/eln/sixnode/diode/DiodeDescriptor.kt:22:34 Unresolved reference: IItemRenderer
e: file:///Users/aiw.robson/Documents/Projects/ElectricalAge2/src/main/kotlin/mods/eln/sixnode/diode/DiodeDescriptor.kt:56:5 'shouldUseRenderHelper' overrides nothing
e: file:///Users/aiw.robson/Documents/Projects/ElectricalAge2/src/main/kotlin/mods/eln/sixnode/diode/DiodeDescriptor.kt:56:46 Unresolved reference: ItemRenderType
e: file:///Users/aiw.robson/Documents/Projects/ElectricalAge2/src/main/kotlin/mods/eln/sixnode/diode/DiodeDescriptor.kt:56:87 Unresolved reference: ItemRendererHelper
e: file:///Users/aiw.robson/Documents/Projects/ElectricalAge2/src/main/kotlin/mods/eln/sixnode/diode/DiodeDescriptor.kt:57:24 Unresolved reference: ItemRenderType
e: file:///Users/aiw.robson/Documents/Projects/ElectricalAge2/src/main/kotlin/mods/eln/sixnode/diode/DiodeDescriptor.kt:60:5 'handleRenderType' overrides nothing
e: file:///Users/aiw.robson/Documents/Projects/ElectricalAge2/src/main/kotlin/mods/eln/sixnode/diode/DiodeDescriptor.kt:60:58 Unresolved reference: ItemRenderType
e: file:///Users/aiw.robson/Documents/Projects/ElectricalAge2/src/main/kotlin/mods/eln/sixnode/diode/DiodeDescriptor.kt:64:5 'shouldUseRenderHelperEln' overrides nothing
e: file:///Users/aiw.robson/Documents/Projects/ElectricalAge2/src/main/kotlin/mods/eln/sixnode/diode/DiodeDescriptor.kt:64:49 Unresolved reference: ItemRenderType
e: file:///Users/aiw.robson/Documents/Projects/ElectricalAge2/src/main/kotlin/mods/eln/sixnode/diode/DiodeDescriptor.kt:64:90 Unresolved reference: ItemRendererHelper
e: file:///Users/aiw.robson/Documents/Projects/ElectricalAge2/src/main/kotlin/mods/eln/sixnode/diode/DiodeDescriptor.kt:65:24 Unresolved reference: ItemRenderType
e: file:///Users/aiw.robson/Documents/Projects/ElectricalAge2/src/main/kotlin/mods/eln/sixnode/diode/DiodeDescriptor.kt:68:5 'renderItem' overrides nothing
e: file:///Users/aiw.robson/Documents/Projects/ElectricalAge2/src/main/kotlin/mods/eln/sixnode/diode/DiodeDescriptor.kt:68:35 Unresolved reference: ItemRenderType
e: file:///Users/aiw.robson/Documents/Projects/ElectricalAge2/src/main/kotlin/mods/eln/sixnode/diode/DiodeDescriptor.kt:69:21 Unresolved reference: ItemRenderType
e: file:///Users/aiw.robson/Documents/Projects/ElectricalAge2/src/main/kotlin/mods/eln/sixnode/diode/DiodeDescriptor.kt:70:19 Unresolved reference: renderItem
e: file:///Users/aiw.robson/Documents/Projects/ElectricalAge2/src/main/kotlin/mods/eln/sixnode/diode/DiodeDescriptor.kt:74:32 Unresolved reference: f
e: file:///Users/aiw.robson/Documents/Projects/ElectricalAge2/src/main/kotlin/mods/eln/sixnode/diode/DiodeDescriptor.kt:74:37 Unresolved reference: f
e: file:///Users/aiw.robson/Documents/Projects/ElectricalAge2/src/main/kotlin/mods/eln/sixnode/diode/DiodeDescriptor.kt:74:42 Unresolved reference: f
e: file:///Users/aiw.robson/Documents/Projects/ElectricalAge2/src/main/kotlin/mods/eln/sixnode/diode/DiodeDescriptor.kt:74:47 Unresolved reference: f
e: file:///Users/aiw.robson/Documents/Projects/ElectricalAge2/src/main/kotlin/mods/eln/sixnode/diode/DiodeDescriptor.kt:91:5 'addInformation' overrides nothing
e: file:///Users/aiw.robson/Documents/Projects/ElectricalAge2/src/main/kotlin/mods/eln/sixnode/diode/DiodeDescriptor.kt:92:15 Unresolved reference: addInformation
e: file:///Users/aiw.robson/Documents/Projects/ElectricalAge2/src/main/kotlin/mods/eln/sixnode/diode/DiodeDescriptor.kt:96:5 'addRealismContext' overrides nothing
e: file:///Users/aiw.robson/Documents/Projects/ElectricalAge2/src/main/kotlin/mods/eln/sixnode/diode/DiodeDescriptor.kt:97:15 Unresolved reference: addRealismContext
e: file:///Users/aiw.robson/Documents/Projects/ElectricalAge2/src/main/kotlin/mods/eln/sixnode/electricalcable/ElectricalCableDescriptor.kt:9:25 Unresolved reference: MnaConst
e: file:///Users/aiw.robson/Documents/Projects/ElectricalAge2/src/main/kotlin/mods/eln/sixnode/electricalcable/ElectricalCableDescriptor.kt:80:24 Unresolved reference: MnaConst
e: file:///Users/aiw.robson/Documents/Projects/ElectricalAge2/src/main/kotlin/mods/eln/sixnode/electricalcable/ElectricalCableElement.kt:71:5 'load' overrides nothing
e: file:///Users/aiw.robson/Documents/Projects/ElectricalAge2/src/main/kotlin/mods/eln/sixnode/electricalcable/ElectricalCableElement.kt:72:15 Unresolved reference: load
e: file:///Users/aiw.robson/Documents/Projects/ElectricalAge2/src/main/kotlin/mods/eln/sixnode/electricalcable/ElectricalCableElement.kt:78:5 'saveAdditional' overrides nothing
e: file:///Users/aiw.robson/Documents/Projects/ElectricalAge2/src/main/kotlin/mods/eln/sixnode/electricalcable/ElectricalCableElement.kt:79:15 Unresolved reference: saveAdditional
e: file:///Users/aiw.robson/Documents/Projects/ElectricalAge2/src/main/kotlin/mods/eln/sixnode/electricalfiredetector/ElectricalFireDetectorRender.kt:76:81 Only safe (?.) or non-null asserted (!!.) calls are allowed on a nullable receiver of type ElectricalCableDescriptor?
e: file:///Users/aiw.robson/Documents/Projects/ElectricalAge2/src/main/kotlin/mods/eln/sixnode/electricalfiredetector/ElectricalFireDetectorSlowProcess.kt:61:83 Only safe (?.) or non-null asserted (!!.) calls are allowed on a nullable receiver of type SixNode?
e: file:///Users/aiw.robson/Documents/Projects/ElectricalAge2/src/main/kotlin/mods/eln/sixnode/electricalfiredetector/ElectricalFireDetectorSlowProcess.kt:61:135 Only safe (?.) or non-null asserted (!!.) calls are allowed on a nullable receiver of type SixNode?
e: file:///Users/aiw.robson/Documents/Projects/ElectricalAge2/src/main/kotlin/mods/eln/sixnode/electricalfiredetector/ElectricalFireDetectorSlowProcess.kt:61:187 Only safe (?.) or non-null asserted (!!.) calls are allowed on a nullable receiver of type SixNode?
e: file:///Users/aiw.robson/Documents/Projects/ElectricalAge2/src/main/kotlin/mods/eln/sixnode/electricalfiredetector/ElectricalFireDetectorSlowProcess.kt:61:239 Only safe (?.) or non-null asserted (!!.) calls are allowed on a nullable receiver of type SixNode?
e: file:///Users/aiw.robson/Documents/Projects/ElectricalAge2/src/main/kotlin/mods/eln/sixnode/electricalfiredetector/ElectricalFireDetectorSlowProcess.kt:74:100 Unresolved reference: level
e: file:///Users/aiw.robson/Documents/Projects/ElectricalAge2/src/main/kotlin/mods/eln/sixnode/lampsocket/LampSocketContainer.kt:4:22 Unresolved reference: LampSlot
e: file:///Users/aiw.robson/Documents/Projects/ElectricalAge2/src/main/kotlin/mods/eln/sixnode/lampsocket/LampSocketContainer.kt:14:5 Unresolved reference: LampSlot
e: file:///Users/aiw.robson/Documents/Projects/ElectricalAge2/src/main/kotlin/mods/eln/sixnode/lampsocket/LampSocketElement.kt:18:21 Unresolved reference: MonsterPopFreeProcess
e: file:///Users/aiw.robson/Documents/Projects/ElectricalAge2/src/main/kotlin/mods/eln/sixnode/lampsocket/LampSocketElement.kt:38:33 Unresolved reference: MonsterPopFreeProcess
e: file:///Users/aiw.robson/Documents/Projects/ElectricalAge2/src/main/kotlin/mods/eln/sixnode/lampsocket/LampSocketElement.kt:38:91 Unresolved reference: killMonstersAroundLampsRange
e: file:///Users/aiw.robson/Documents/Projects/ElectricalAge2/src/main/kotlin/mods/eln/sixnode/lampsocket/LampSocketElement.kt:59:9 Val cannot be reassigned
e: file:///Users/aiw.robson/Documents/Projects/ElectricalAge2/src/main/kotlin/mods/eln/sixnode/lampsocket/LampSocketElement.kt:64:30 Type mismatch: inferred type is Float but Double was expected
e: file:///Users/aiw.robson/Documents/Projects/ElectricalAge2/src/main/kotlin/mods/eln/sixnode/lampsocket/LampSocketElement.kt:203:39 Return type of 'thermoMeterString' is not a subtype of the return type of the overridden member 'public open fun thermoMeterString(): String defined in mods.eln.node.six.SixNodeElement'
e: file:///Users/aiw.robson/Documents/Projects/ElectricalAge2/src/main/kotlin/mods/eln/sixnode/lampsocket/LampSocketElement.kt:251:29 Expression 'nextClockwise' of type 'LRDU' cannot be invoked as a function. The function 'invoke()' is not found
e: file:///Users/aiw.robson/Documents/Projects/ElectricalAge2/src/main/kotlin/mods/eln/sixnode/lampsocket/LampSocketElement.kt:253:33 Expression 'nextClockwise' of type 'LRDU' cannot be invoked as a function. The function 'invoke()' is not found
e: file:///Users/aiw.robson/Documents/Projects/ElectricalAge2/src/main/kotlin/mods/eln/sixnode/lampsocket/LampSocketGui.kt:30:32 Unresolved reference: newGuiButton
e: file:///Users/aiw.robson/Documents/Projects/ElectricalAge2/src/main/kotlin/mods/eln/sixnode/lampsocket/LampSocketGui.kt:31:23 Unresolved reference: newGuiTextField
e: file:///Users/aiw.robson/Documents/Projects/ElectricalAge2/src/main/kotlin/mods/eln/sixnode/lampsocket/LampSocketGui.kt:33:32 Unresolved reference: newGuiButton
e: file:///Users/aiw.robson/Documents/Projects/ElectricalAge2/src/main/kotlin/mods/eln/sixnode/lampsocket/LampSocketGui.kt:34:23 Unresolved reference: newGuiTextField
e: file:///Users/aiw.robson/Documents/Projects/ElectricalAge2/src/main/kotlin/mods/eln/sixnode/lampsocket/LampSocketGui.kt:37:26 Unresolved reference: newGuiButton
e: file:///Users/aiw.robson/Documents/Projects/ElectricalAge2/src/main/kotlin/mods/eln/sixnode/lampsocket/LampSocketGui.kt:39:30 Type mismatch: inferred type is List<String> but Array<String> was expected
e: file:///Users/aiw.robson/Documents/Projects/ElectricalAge2/src/main/kotlin/mods/eln/sixnode/lampsocket/LampSocketGui.kt:42:18 Unresolved reference: newGuiVerticalTrackBar
e: file:///Users/aiw.robson/Documents/Projects/ElectricalAge2/src/main/kotlin/mods/eln/sixnode/lampsocket/LampSocketGui.kt:48:22 Unresolved reference: visible
e: file:///Users/aiw.robson/Documents/Projects/ElectricalAge2/src/main/kotlin/mods/eln/sixnode/lampsocket/LampSocketGui.kt:52:5 'guiObjectEvent' overrides nothing
e: file:///Users/aiw.robson/Documents/Projects/ElectricalAge2/src/main/kotlin/mods/eln/sixnode/lampsocket/LampSocketGui.kt:53:30 Type mismatch: inferred type is IGuiObject but Int was expected
e: file:///Users/aiw.robson/Documents/Projects/ElectricalAge2/src/main/kotlin/mods/eln/sixnode/lampsocket/LampSocketProcess.kt:43:36 Unresolved reference: sixNode
e: file:///Users/aiw.robson/Documents/Projects/ElectricalAge2/src/main/kotlin/mods/eln/sixnode/lampsocket/LampSocketProcess.kt:78:18 Type mismatch: inferred type is Unit but Vec3 was expected
e: file:///Users/aiw.robson/Documents/Projects/ElectricalAge2/src/main/kotlin/mods/eln/sixnode/lampsocket/LampSocketProcess.kt:86:37 Unresolved reference: level
e: file:///Users/aiw.robson/Documents/Projects/ElectricalAge2/src/main/kotlin/mods/eln/sixnode/lampsocket/LampSocketProcess.kt:98:52 Unresolved reference: level
e: file:///Users/aiw.robson/Documents/Projects/ElectricalAge2/src/main/kotlin/mods/eln/sixnode/lampsocket/LampSocketProcess.kt:99:44 Unresolved reference: level
e: file:///Users/aiw.robson/Documents/Projects/ElectricalAge2/src/main/kotlin/mods/eln/sixnode/lampsocket/LampSocketProcess.kt:109:29 Unresolved reference: level
e: file:///Users/aiw.robson/Documents/Projects/ElectricalAge2/src/main/kotlin/mods/eln/sixnode/lampsocket/LampSocketProcess.kt:113:14 Type mismatch: inferred type is Unit but Vec3 was expected
e: file:///Users/aiw.robson/Documents/Projects/ElectricalAge2/src/main/kotlin/mods/eln/sixnode/lampsocket/LampSocketProcess.kt:121:33 Unresolved reference: level
e: file:///Users/aiw.robson/Documents/Projects/ElectricalAge2/src/main/kotlin/mods/eln/sixnode/lampsocket/LampSocketProcess.kt:136:62 Unresolved reference: level
e: file:///Users/aiw.robson/Documents/Projects/ElectricalAge2/src/main/kotlin/mods/eln/sixnode/lampsocket/LampSocketProcess.kt:151:35 Unresolved reference: level
e: file:///Users/aiw.robson/Documents/Projects/ElectricalAge2/src/main/kotlin/mods/eln/sixnode/lampsocket/LampSocketProcess.kt:207:44 Unresolved reference: addToRp
e: file:///Users/aiw.robson/Documents/Projects/ElectricalAge2/src/main/kotlin/mods/eln/sixnode/lampsocket/LampSocketProcess.kt:290:28 Unresolved reference: level
e: file:///Users/aiw.robson/Documents/Projects/ElectricalAge2/src/main/kotlin/mods/eln/sixnode/powersocket/PowerSocketElement.kt:5:22 Unresolved reference: IConfigurable
e: file:///Users/aiw.robson/Documents/Projects/ElectricalAge2/src/main/kotlin/mods/eln/sixnode/powersocket/PowerSocketElement.kt:27:16 Conflicting import, imported name 'DataOutputStream' is ambiguous
e: file:///Users/aiw.robson/Documents/Projects/ElectricalAge2/src/main/kotlin/mods/eln/sixnode/powersocket/PowerSocketElement.kt:28:16 Conflicting import, imported name 'IOException' is ambiguous
e: file:///Users/aiw.robson/Documents/Projects/ElectricalAge2/src/main/kotlin/mods/eln/sixnode/powersocket/PowerSocketElement.kt:31:16 Conflicting import, imported name 'DataOutputStream' is ambiguous
e: file:///Users/aiw.robson/Documents/Projects/ElectricalAge2/src/main/kotlin/mods/eln/sixnode/powersocket/PowerSocketElement.kt:32:16 Conflicting import, imported name 'IOException' is ambiguous
e: file:///Users/aiw.robson/Documents/Projects/ElectricalAge2/src/main/kotlin/mods/eln/sixnode/powersocket/PowerSocketElement.kt:36:4 Unresolved reference: IConfigurable
e: file:///Users/aiw.robson/Documents/Projects/ElectricalAge2/src/main/kotlin/mods/eln/sixnode/powersocket/PowerSocketElement.kt:175:5 'readConfigTool' overrides nothing
e: file:///Users/aiw.robson/Documents/Projects/ElectricalAge2/src/main/kotlin/mods/eln/sixnode/powersocket/PowerSocketElement.kt:185:5 'writeConfigTool' overrides nothing
e: file:///Users/aiw.robson/Documents/Projects/ElectricalAge2/src/main/kotlin/mods/eln/transparentnode/ArcFurnace.kt:162:17 Unresolved reference: draw
e: file:///Users/aiw.robson/Documents/Projects/ElectricalAge2/src/main/kotlin/mods/eln/transparentnode/DcDc.kt:520:17 Unresolved reference: draw
e: file:///Users/aiw.robson/Documents/Projects/ElectricalAge2/src/main/kotlin/mods/eln/transparentnode/Fabricator.kt:155:33 None of the following functions can be called with the arguments supplied: 
public constructor ItemStack(p0: Holder<Item!>!, p1: Int) defined in net.minecraft.world.item.ItemStack
public constructor ItemStack(p0: ItemLike!, p1: Int) defined in net.minecraft.world.item.ItemStack
e: file:///Users/aiw.robson/Documents/Projects/ElectricalAge2/src/main/kotlin/mods/eln/transparentnode/Fabricator.kt:158:25 None of the following functions can be called with the arguments supplied: 
public constructor ItemStack(p0: Holder<Item!>!, p1: Int) defined in net.minecraft.world.item.ItemStack
public constructor ItemStack(p0: ItemLike!, p1: Int) defined in net.minecraft.world.item.ItemStack
e: file:///Users/aiw.robson/Documents/Projects/ElectricalAge2/src/main/kotlin/mods/eln/transparentnode/Fabricator.kt:283:17 Unresolved reference: draw
e: file:///Users/aiw.robson/Documents/Projects/ElectricalAge2/src/main/kotlin/mods/eln/transparentnode/Floodlight.kt:12:37 'name' hides member of supertype 'TransparentNodeDescriptor' and needs 'override' modifier
e: file:///Users/aiw.robson/Documents/Projects/ElectricalAge2/src/main/kotlin/mods/eln/transparentnode/Floodlight.kt:97:41 'name' hides member of supertype 'TransparentNodeDescriptor' and needs 'override' modifier
e: file:///Users/aiw.robson/Documents/Projects/ElectricalAge2/src/main/kotlin/mods/eln/transparentnode/FuelGenerator.kt:146:20 Cannot access 'level': it is invisible (private in a supertype) in 'Player'
e: file:///Users/aiw.robson/Documents/Projects/ElectricalAge2/src/main/kotlin/mods/eln/transparentnode/FuelGenerator.kt:167:43 Unresolved reference: checkSameItemStack
e: file:///Users/aiw.robson/Documents/Projects/ElectricalAge2/src/main/kotlin/mods/eln/transparentnode/FuelGenerator.kt:168:44 Unresolved reference: checkSameItemStack
e: file:///Users/aiw.robson/Documents/Projects/ElectricalAge2/src/main/kotlin/mods/eln/transparentnode/FuelGenerator.kt:169:41 Unresolved reference: checkSameItemStack
e: file:///Users/aiw.robson/Documents/Projects/ElectricalAge2/src/main/kotlin/mods/eln/transparentnode/LampSupplyElement.kt:14:17 Unresolved reference: transparentNode
e: file:///Users/aiw.robson/Documents/Projects/ElectricalAge2/src/main/kotlin/mods/eln/transparentnode/LargeRheostat.kt:24:33 Unresolved reference: thermaldissipatorpassive
e: file:///Users/aiw.robson/Documents/Projects/ElectricalAge2/src/main/kotlin/mods/eln/transparentnode/LargeRheostat.kt:38:61 Unresolved reference: ThermalDissipatorPassiveDescriptor
e: file:///Users/aiw.robson/Documents/Projects/ElectricalAge2/src/main/kotlin/mods/eln/transparentnode/NixieTube.kt:138:19 Function invocation 'inverse()' expected
e: file:///Users/aiw.robson/Documents/Projects/ElectricalAge2/src/main/kotlin/mods/eln/transparentnode/NixieTube.kt:212:27 Unresolved reference: setGlColorFromDye
e: file:///Users/aiw.robson/Documents/Projects/ElectricalAge2/src/main/kotlin/mods/eln/transparentnode/autominer/AutoMinerRender.kt:5:46 No value passed for parameter 'context'
e: file:///Users/aiw.robson/Documents/Projects/ElectricalAge2/src/main/kotlin/mods/eln/transparentnode/eggincubator/EggIncubatorRender.kt:13:15 Abstract member cannot be accessed directly
e: file:///Users/aiw.robson/Documents/Projects/ElectricalAge2/src/main/kotlin/mods/eln/transparentnode/electricalantennarx/ElectricalAntennaRxRender.kt:5:56 No value passed for parameter 'context'
e: file:///Users/aiw.robson/Documents/Projects/ElectricalAge2/src/main/kotlin/mods/eln/transparentnode/electricalantennatx/ElectricalAntennaTxRender.kt:5:56 No value passed for parameter 'context'
e: file:///Users/aiw.robson/Documents/Projects/ElectricalAge2/src/main/kotlin/mods/eln/transparentnode/electricalfurnace/ElectricalFurnaceRender.kt:13:15 Abstract member cannot be accessed directly
e: file:///Users/aiw.robson/Documents/Projects/ElectricalAge2/src/main/kotlin/mods/eln/transparentnode/electricalmachine/MagnetizerDescriptor.kt:75:21 Only safe (?.) or non-null asserted (!!.) calls are allowed on a nullable receiver of type ElectricalCableDescriptor?
e: file:///Users/aiw.robson/Documents/Projects/ElectricalAge2/src/main/kotlin/mods/eln/transparentnode/festive/FestiveElement.kt:101:64 Unresolved reference: u
e: file:///Users/aiw.robson/Documents/Projects/ElectricalAge2/src/main/kotlin/mods/eln/transparentnode/festive/FestiveElement.kt:103:25 Assignment operators ambiguity: 
public open fun `<Error function>`(): [Error type: Return type for function cannot be resolved] defined in root package
public open fun `<Error function>`(): [Error type: Return type for function cannot be resolved] defined in root package
e: file:///Users/aiw.robson/Documents/Projects/ElectricalAge2/src/main/kotlin/mods/eln/transparentnode/heatfurnace/HeatFurnaceRender.kt:13:15 Abstract member cannot be accessed directly
e: file:///Users/aiw.robson/Documents/Projects/ElectricalAge2/src/main/kotlin/mods/eln/transparentnode/powercapacitor/PowerCapacitorRender.kt:13:15 Abstract member cannot be accessed directly
e: file:///Users/aiw.robson/Documents/Projects/ElectricalAge2/src/main/kotlin/mods/eln/transparentnode/powerinductor/PowerInductorRender.kt:13:15 Abstract member cannot be accessed directly
e: file:///Users/aiw.robson/Documents/Projects/ElectricalAge2/src/main/kotlin/mods/eln/transparentnode/solarpanel/SolarPanelRender.kt:5:47 No value passed for parameter 'context'
e: file:///Users/aiw.robson/Documents/Projects/ElectricalAge2/src/main/kotlin/mods/eln/transparentnode/teleporter/TeleporterElement.kt:21:9 'descriptor' hides member of supertype 'TransparentNodeElement' and needs 'override' modifier
e: file:///Users/aiw.robson/Documents/Projects/ElectricalAge2/src/main/kotlin/mods/eln/transparentnode/teleporter/TeleporterElement.kt:30:5 Conflicting overloads: public open fun initialize(): Unit defined in mods.eln.transparentnode.teleporter.TeleporterElement, public open fun initialize(): Unit defined in mods.eln.transparentnode.teleporter.TeleporterElement
e: file:///Users/aiw.robson/Documents/Projects/ElectricalAge2/src/main/kotlin/mods/eln/transparentnode/teleporter/TeleporterElement.kt:37:56 Type mismatch: inferred type is TransparentNode? but NodeBase was expected
e: file:///Users/aiw.robson/Documents/Projects/ElectricalAge2/src/main/kotlin/mods/eln/transparentnode/teleporter/TeleporterElement.kt:46:20 Only safe (?.) or non-null asserted (!!.) calls are allowed on a nullable receiver of type TransparentNode?
e: file:///Users/aiw.robson/Documents/Projects/ElectricalAge2/src/main/kotlin/mods/eln/transparentnode/teleporter/TeleporterElement.kt:61:5 'onBreakFromWorld' overrides nothing
e: file:///Users/aiw.robson/Documents/Projects/ElectricalAge2/src/main/kotlin/mods/eln/transparentnode/teleporter/TeleporterElement.kt:62:15 Unresolved reference: onBreakFromWorld
e: file:///Users/aiw.robson/Documents/Projects/ElectricalAge2/src/main/kotlin/mods/eln/transparentnode/teleporter/TeleporterElement.kt:66:5 Conflicting overloads: public open fun initialize(): Unit defined in mods.eln.transparentnode.teleporter.TeleporterElement, public open fun initialize(): Unit defined in mods.eln.transparentnode.teleporter.TeleporterElement
e: file:///Users/aiw.robson/Documents/Projects/ElectricalAge2/src/main/kotlin/mods/eln/transparentnode/teleporter/TeleporterRender.kt:24:26 Unresolved reference: setMaxSpeed
e: file:///Users/aiw.robson/Documents/Projects/ElectricalAge2/src/main/kotlin/mods/eln/transparentnode/teleporter/TeleporterRender.kt:28:15 Abstract member cannot be accessed directly
e: file:///Users/aiw.robson/Documents/Projects/ElectricalAge2/src/main/kotlin/mods/eln/transparentnode/teleporter/TeleporterRender.kt:29:14 Only safe (?.) or non-null asserted (!!.) calls are allowed on a nullable receiver of type Direction?
e: file:///Users/aiw.robson/Documents/Projects/ElectricalAge2/src/main/kotlin/mods/eln/transparentnode/themralheatexchanger/ThermalHeatExchangerRender.kt:13:15 Abstract member cannot be accessed directly
e: file:///Users/aiw.robson/Documents/Projects/ElectricalAge2/src/main/kotlin/mods/eln/transparentnode/thermaldissipator/ThermalDissipatorActiveDescriptor.kt:64:14 Unresolved reference: setRs
e: file:///Users/aiw.robson/Documents/Projects/ElectricalAge2/src/main/kotlin/mods/eln/transparentnode/thermaldissipator/ThermalDissipatorActiveElement.kt:24:9 'descriptor' hides member of supertype 'TransparentNodeElement' and needs 'override' modifier
e: file:///Users/aiw.robson/Documents/Projects/ElectricalAge2/src/main/kotlin/mods/eln/transparentnode/thermaldissipator/ThermalDissipatorActiveElement.kt:33:5 Conflicting overloads: public open fun initialize(): Unit defined in mods.eln.transparentnode.thermaldissipator.ThermalDissipatorActiveElement, public open fun initialize(): Unit defined in mods.eln.transparentnode.thermaldissipator.ThermalDissipatorActiveElement
e: file:///Users/aiw.robson/Documents/Projects/ElectricalAge2/src/main/kotlin/mods/eln/transparentnode/thermaldissipator/ThermalDissipatorActiveElement.kt:41:56 Type mismatch: inferred type is TransparentNode? but NodeBase was expected
e: file:///Users/aiw.robson/Documents/Projects/ElectricalAge2/src/main/kotlin/mods/eln/transparentnode/thermaldissipator/ThermalDissipatorActiveElement.kt:59:5 Conflicting overloads: public open fun initialize(): Unit defined in mods.eln.transparentnode.thermaldissipator.ThermalDissipatorActiveElement, public open fun initialize(): Unit defined in mods.eln.transparentnode.thermaldissipator.ThermalDissipatorActiveElement
e: file:///Users/aiw.robson/Documents/Projects/ElectricalAge2/src/main/kotlin/mods/eln/transparentnode/thermaldissipator/ThermalDissipatorActiveElement.kt:64:5 'writeToPublishPacket' overrides nothing
e: file:///Users/aiw.robson/Documents/Projects/ElectricalAge2/src/main/kotlin/mods/eln/transparentnode/thermaldissipator/ThermalDissipatorActiveElement.kt:65:15 Unresolved reference: writeToPublishPacket
e: file:///Users/aiw.robson/Documents/Projects/ElectricalAge2/src/main/kotlin/mods/eln/transparentnode/thermaldissipator/ThermalDissipatorActiveRender.kt:20:15 Abstract member cannot be accessed directly
e: file:///Users/aiw.robson/Documents/Projects/ElectricalAge2/src/main/kotlin/mods/eln/transparentnode/thermaldissipator/ThermalDissipatorActiveRender.kt:21:14 Only safe (?.) or non-null asserted (!!.) calls are allowed on a nullable receiver of type Direction?
e: file:///Users/aiw.robson/Documents/Projects/ElectricalAge2/src/main/kotlin/mods/eln/transparentnode/thermaldissipator/ThermalDissipatorActiveRender.kt:26:12 Unresolved reference: setTarget
e: file:///Users/aiw.robson/Documents/Projects/ElectricalAge2/src/main/kotlin/mods/eln/transparentnode/thermaldissipator/ThermalDissipatorPassiveElement.kt:18:9 'descriptor' hides member of supertype 'TransparentNodeElement' and needs 'override' modifier
e: file:///Users/aiw.robson/Documents/Projects/ElectricalAge2/src/main/kotlin/mods/eln/transparentnode/thermaldissipator/ThermalDissipatorPassiveRender.kt:15:15 Abstract member cannot be accessed directly
e: file:///Users/aiw.robson/Documents/Projects/ElectricalAge2/src/main/kotlin/mods/eln/transparentnode/thermaldissipator/ThermalDissipatorPassiveRender.kt:16:14 Only safe (?.) or non-null asserted (!!.) calls are allowed on a nullable receiver of type Direction?
e: file:///Users/aiw.robson/Documents/Projects/ElectricalAge2/src/main/kotlin/mods/eln/transparentnode/turbine/TurbineRender.kt:13:15 Abstract member cannot be accessed directly

> Task :compileKotlin FAILED

FAILURE: Build failed with an exception.

* What went wrong:
Execution failed for task ':compileKotlin'.
> A failure occurred while executing org.jetbrains.kotlin.compilerRunner.GradleCompilerRunnerWithWorkers$GradleKotlinCompilerWorkAction
   > Compilation error. See log for more details

* Try:
> Run with --debug option to get more log output.
> Run with --scan to get full insights.
> Get more help at https://help.gradle.org.

* Exception is:
org.gradle.api.tasks.TaskExecutionException: Execution failed for task ':compileKotlin'.
	at org.gradle.api.internal.tasks.execution.ExecuteActionsTaskExecuter.lambda$executeIfValid$1(ExecuteActionsTaskExecuter.java:148)
	at org.gradle.internal.Try$Failure.ifSuccessfulOrElse(Try.java:282)
	at org.gradle.api.internal.tasks.execution.ExecuteActionsTaskExecuter.executeIfValid(ExecuteActionsTaskExecuter.java:146)
	at org.gradle.api.internal.tasks.execution.ExecuteActionsTaskExecuter.execute(ExecuteActionsTaskExecuter.java:134)
	at org.gradle.api.internal.tasks.execution.FinalizePropertiesTaskExecuter.execute(FinalizePropertiesTaskExecuter.java:46)
	at org.gradle.api.internal.tasks.execution.ResolveTaskExecutionModeExecuter.execute(ResolveTaskExecutionModeExecuter.java:51)
	at org.gradle.api.internal.tasks.execution.SkipTaskWithNoActionsExecuter.execute(SkipTaskWithNoActionsExecuter.java:57)
	at org.gradle.api.internal.tasks.execution.SkipOnlyIfTaskExecuter.execute(SkipOnlyIfTaskExecuter.java:74)
	at org.gradle.api.internal.tasks.execution.CatchExceptionTaskExecuter.execute(CatchExceptionTaskExecuter.java:36)
	at org.gradle.api.internal.tasks.execution.EventFiringTaskExecuter$1.executeTask(EventFiringTaskExecuter.java:77)
	at org.gradle.api.internal.tasks.execution.EventFiringTaskExecuter$1.call(EventFiringTaskExecuter.java:55)
	at org.gradle.api.internal.tasks.execution.EventFiringTaskExecuter$1.call(EventFiringTaskExecuter.java:52)
	at org.gradle.internal.operations.DefaultBuildOperationRunner$CallableBuildOperationWorker.execute(DefaultBuildOperationRunner.java:204)
	at org.gradle.internal.operations.DefaultBuildOperationRunner$CallableBuildOperationWorker.execute(DefaultBuildOperationRunner.java:199)
	at org.gradle.internal.operations.DefaultBuildOperationRunner$2.execute(DefaultBuildOperationRunner.java:66)
	at org.gradle.internal.operations.DefaultBuildOperationRunner$2.execute(DefaultBuildOperationRunner.java:59)
	at org.gradle.internal.operations.DefaultBuildOperationRunner.execute(DefaultBuildOperationRunner.java:157)
	at org.gradle.internal.operations.DefaultBuildOperationRunner.execute(DefaultBuildOperationRunner.java:59)
	at org.gradle.internal.operations.DefaultBuildOperationRunner.call(DefaultBuildOperationRunner.java:53)
	at org.gradle.internal.operations.DefaultBuildOperationExecutor.call(DefaultBuildOperationExecutor.java:73)
	at org.gradle.api.internal.tasks.execution.EventFiringTaskExecuter.execute(EventFiringTaskExecuter.java:52)
	at org.gradle.execution.plan.LocalTaskNodeExecutor.execute(LocalTaskNodeExecutor.java:42)
	at org.gradle.execution.taskgraph.DefaultTaskExecutionGraph$InvokeNodeExecutorsAction.execute(DefaultTaskExecutionGraph.java:331)
	at org.gradle.execution.taskgraph.DefaultTaskExecutionGraph$InvokeNodeExecutorsAction.execute(DefaultTaskExecutionGraph.java:318)
	at org.gradle.execution.taskgraph.DefaultTaskExecutionGraph$BuildOperationAwareExecutionAction.lambda$execute$0(DefaultTaskExecutionGraph.java:314)
	at org.gradle.internal.operations.CurrentBuildOperationRef.with(CurrentBuildOperationRef.java:80)
	at org.gradle.execution.taskgraph.DefaultTaskExecutionGraph$BuildOperationAwareExecutionAction.execute(DefaultTaskExecutionGraph.java:314)
	at org.gradle.execution.taskgraph.DefaultTaskExecutionGraph$BuildOperationAwareExecutionAction.execute(DefaultTaskExecutionGraph.java:303)
	at org.gradle.execution.plan.DefaultPlanExecutor$ExecutorWorker.execute(DefaultPlanExecutor.java:463)
	at org.gradle.execution.plan.DefaultPlanExecutor$ExecutorWorker.run(DefaultPlanExecutor.java:380)
	at org.gradle.internal.concurrent.ExecutorPolicy$CatchAndRecordFailures.onExecute(ExecutorPolicy.java:64)
	at org.gradle.internal.concurrent.AbstractManagedExecutor$1.run(AbstractManagedExecutor.java:47)
Caused by: org.gradle.workers.internal.DefaultWorkerExecutor$WorkExecutionException: A failure occurred while executing org.jetbrains.kotlin.compilerRunner.GradleCompilerRunnerWithWorkers$GradleKotlinCompilerWorkAction
	at org.gradle.workers.internal.DefaultWorkerExecutor$WorkItemExecution.waitForCompletion(DefaultWorkerExecutor.java:283)
	at org.gradle.internal.work.DefaultAsyncWorkTracker.lambda$waitForItemsAndGatherFailures$2(DefaultAsyncWorkTracker.java:130)
	at org.gradle.internal.Factories$1.create(Factories.java:31)
	at org.gradle.internal.work.DefaultWorkerLeaseService.withoutLocks(DefaultWorkerLeaseService.java:336)
	at org.gradle.internal.work.DefaultWorkerLeaseService.withoutLocks(DefaultWorkerLeaseService.java:319)
	at org.gradle.internal.work.DefaultWorkerLeaseService.withoutLock(DefaultWorkerLeaseService.java:324)
	at org.gradle.internal.work.DefaultAsyncWorkTracker.waitForItemsAndGatherFailures(DefaultAsyncWorkTracker.java:126)
	at org.gradle.internal.work.DefaultAsyncWorkTracker.waitForItemsAndGatherFailures(DefaultAsyncWorkTracker.java:92)
	at org.gradle.internal.work.DefaultAsyncWorkTracker.waitForAll(DefaultAsyncWorkTracker.java:78)
	at org.gradle.internal.work.DefaultAsyncWorkTracker.waitForCompletion(DefaultAsyncWorkTracker.java:66)
	at org.gradle.api.internal.tasks.execution.TaskExecution$3.run(TaskExecution.java:256)
	at org.gradle.internal.operations.DefaultBuildOperationRunner$1.execute(DefaultBuildOperationRunner.java:29)
	at org.gradle.internal.operations.DefaultBuildOperationRunner$1.execute(DefaultBuildOperationRunner.java:26)
	at org.gradle.internal.operations.DefaultBuildOperationRunner$2.execute(DefaultBuildOperationRunner.java:66)
	at org.gradle.internal.operations.DefaultBuildOperationRunner$2.execute(DefaultBuildOperationRunner.java:59)
	at org.gradle.internal.operations.DefaultBuildOperationRunner.execute(DefaultBuildOperationRunner.java:157)
	at org.gradle.internal.operations.DefaultBuildOperationRunner.execute(DefaultBuildOperationRunner.java:59)
	at org.gradle.internal.operations.DefaultBuildOperationRunner.run(DefaultBuildOperationRunner.java:47)
	at org.gradle.internal.operations.DefaultBuildOperationExecutor.run(DefaultBuildOperationExecutor.java:68)
	at org.gradle.api.internal.tasks.execution.TaskExecution.executeAction(TaskExecution.java:233)
	at org.gradle.api.internal.tasks.execution.TaskExecution.executeActions(TaskExecution.java:216)
	at org.gradle.api.internal.tasks.execution.TaskExecution.executeWithPreviousOutputFiles(TaskExecution.java:199)
	at org.gradle.api.internal.tasks.execution.TaskExecution.execute(TaskExecution.java:166)
	at org.gradle.internal.execution.steps.ExecuteStep.executeInternal(ExecuteStep.java:105)
	at org.gradle.internal.execution.steps.ExecuteStep.access$000(ExecuteStep.java:44)
	at org.gradle.internal.execution.steps.ExecuteStep$1.call(ExecuteStep.java:59)
	at org.gradle.internal.execution.steps.ExecuteStep$1.call(ExecuteStep.java:56)
	at org.gradle.internal.operations.DefaultBuildOperationRunner$CallableBuildOperationWorker.execute(DefaultBuildOperationRunner.java:204)
	at org.gradle.internal.operations.DefaultBuildOperationRunner$CallableBuildOperationWorker.execute(DefaultBuildOperationRunner.java:199)
	at org.gradle.internal.operations.DefaultBuildOperationRunner$2.execute(DefaultBuildOperationRunner.java:66)
	at org.gradle.internal.operations.DefaultBuildOperationRunner$2.execute(DefaultBuildOperationRunner.java:59)
	at org.gradle.internal.operations.DefaultBuildOperationRunner.execute(DefaultBuildOperationRunner.java:157)
	at org.gradle.internal.operations.DefaultBuildOperationRunner.execute(DefaultBuildOperationRunner.java:59)
	at org.gradle.internal.operations.DefaultBuildOperationRunner.call(DefaultBuildOperationRunner.java:53)
	at org.gradle.internal.operations.DefaultBuildOperationExecutor.call(DefaultBuildOperationExecutor.java:73)
	at org.gradle.internal.execution.steps.ExecuteStep.execute(ExecuteStep.java:56)
	at org.gradle.internal.execution.steps.ExecuteStep.execute(ExecuteStep.java:44)
	at org.gradle.internal.execution.steps.RemovePreviousOutputsStep.execute(RemovePreviousOutputsStep.java:67)
	at org.gradle.internal.execution.steps.RemovePreviousOutputsStep.execute(RemovePreviousOutputsStep.java:37)
	at org.gradle.internal.execution.steps.CancelExecutionStep.execute(CancelExecutionStep.java:41)
	at org.gradle.internal.execution.steps.TimeoutStep.executeWithoutTimeout(TimeoutStep.java:74)
	at org.gradle.internal.execution.steps.TimeoutStep.execute(TimeoutStep.java:55)
	at org.gradle.internal.execution.steps.CreateOutputsStep.execute(CreateOutputsStep.java:50)
	at org.gradle.internal.execution.steps.CreateOutputsStep.execute(CreateOutputsStep.java:28)
	at org.gradle.internal.execution.steps.CaptureStateAfterExecutionStep.executeDelegateBroadcastingChanges(CaptureStateAfterExecutionStep.java:100)
	at org.gradle.internal.execution.steps.CaptureStateAfterExecutionStep.execute(CaptureStateAfterExecutionStep.java:72)
	at org.gradle.internal.execution.steps.CaptureStateAfterExecutionStep.execute(CaptureStateAfterExecutionStep.java:50)
	at org.gradle.internal.execution.steps.ResolveInputChangesStep.execute(ResolveInputChangesStep.java:40)
	at org.gradle.internal.execution.steps.ResolveInputChangesStep.execute(ResolveInputChangesStep.java:29)
	at org.gradle.internal.execution.steps.BuildCacheStep.executeWithoutCache(BuildCacheStep.java:179)
	at org.gradle.internal.execution.steps.BuildCacheStep.lambda$execute$1(BuildCacheStep.java:70)
	at org.gradle.internal.Either$Right.fold(Either.java:175)
	at org.gradle.internal.execution.caching.CachingState.fold(CachingState.java:59)
	at org.gradle.internal.execution.steps.BuildCacheStep.execute(BuildCacheStep.java:68)
	at org.gradle.internal.execution.steps.BuildCacheStep.execute(BuildCacheStep.java:46)
	at org.gradle.internal.execution.steps.StoreExecutionStateStep.execute(StoreExecutionStateStep.java:36)
	at org.gradle.internal.execution.steps.StoreExecutionStateStep.execute(StoreExecutionStateStep.java:25)
	at org.gradle.internal.execution.steps.RecordOutputsStep.execute(RecordOutputsStep.java:36)
	at org.gradle.internal.execution.steps.RecordOutputsStep.execute(RecordOutputsStep.java:22)
	at org.gradle.internal.execution.steps.SkipUpToDateStep.executeBecause(SkipUpToDateStep.java:91)
	at org.gradle.internal.execution.steps.SkipUpToDateStep.lambda$execute$2(SkipUpToDateStep.java:55)
	at org.gradle.internal.execution.steps.SkipUpToDateStep.execute(SkipUpToDateStep.java:55)
	at org.gradle.internal.execution.steps.SkipUpToDateStep.execute(SkipUpToDateStep.java:37)
	at org.gradle.internal.execution.steps.ResolveChangesStep.execute(ResolveChangesStep.java:65)
	at org.gradle.internal.execution.steps.ResolveChangesStep.execute(ResolveChangesStep.java:36)
	at org.gradle.internal.execution.steps.legacy.MarkSnapshottingInputsFinishedStep.execute(MarkSnapshottingInputsFinishedStep.java:37)
	at org.gradle.internal.execution.steps.legacy.MarkSnapshottingInputsFinishedStep.execute(MarkSnapshottingInputsFinishedStep.java:27)
	at org.gradle.internal.execution.steps.ResolveCachingStateStep.execute(ResolveCachingStateStep.java:76)
	at org.gradle.internal.execution.steps.ResolveCachingStateStep.execute(ResolveCachingStateStep.java:37)
	at org.gradle.internal.execution.steps.ValidateStep.execute(ValidateStep.java:108)
	at org.gradle.internal.execution.steps.ValidateStep.execute(ValidateStep.java:55)
	at org.gradle.internal.execution.steps.CaptureStateBeforeExecutionStep.execute(CaptureStateBeforeExecutionStep.java:71)
	at org.gradle.internal.execution.steps.CaptureStateBeforeExecutionStep.execute(CaptureStateBeforeExecutionStep.java:45)
	at org.gradle.internal.execution.steps.SkipEmptyWorkStep.executeWithNonEmptySources(SkipEmptyWorkStep.java:177)
	at org.gradle.internal.execution.steps.SkipEmptyWorkStep.execute(SkipEmptyWorkStep.java:86)
	at org.gradle.internal.execution.steps.SkipEmptyWorkStep.execute(SkipEmptyWorkStep.java:53)
	at org.gradle.internal.execution.steps.RemoveUntrackedExecutionStateStep.execute(RemoveUntrackedExecutionStateStep.java:32)
	at org.gradle.internal.execution.steps.RemoveUntrackedExecutionStateStep.execute(RemoveUntrackedExecutionStateStep.java:21)
	at org.gradle.internal.execution.steps.legacy.MarkSnapshottingInputsStartedStep.execute(MarkSnapshottingInputsStartedStep.java:38)
	at org.gradle.internal.execution.steps.LoadPreviousExecutionStateStep.execute(LoadPreviousExecutionStateStep.java:36)
	at org.gradle.internal.execution.steps.LoadPreviousExecutionStateStep.execute(LoadPreviousExecutionStateStep.java:23)
	at org.gradle.internal.execution.steps.CleanupStaleOutputsStep.execute(CleanupStaleOutputsStep.java:75)
	at org.gradle.internal.execution.steps.CleanupStaleOutputsStep.execute(CleanupStaleOutputsStep.java:41)
	at org.gradle.internal.execution.steps.ExecuteWorkBuildOperationFiringStep.lambda$execute$2(ExecuteWorkBuildOperationFiringStep.java:66)
	at org.gradle.internal.execution.steps.ExecuteWorkBuildOperationFiringStep.execute(ExecuteWorkBuildOperationFiringStep.java:66)
	at org.gradle.internal.execution.steps.ExecuteWorkBuildOperationFiringStep.execute(ExecuteWorkBuildOperationFiringStep.java:38)
	at org.gradle.internal.execution.steps.AssignWorkspaceStep.lambda$execute$0(AssignWorkspaceStep.java:32)
	at org.gradle.api.internal.tasks.execution.TaskExecution$4.withWorkspace(TaskExecution.java:293)
	at org.gradle.internal.execution.steps.AssignWorkspaceStep.execute(AssignWorkspaceStep.java:30)
	at org.gradle.internal.execution.steps.AssignWorkspaceStep.execute(AssignWorkspaceStep.java:21)
	at org.gradle.internal.execution.steps.IdentityCacheStep.execute(IdentityCacheStep.java:37)
	at org.gradle.internal.execution.steps.IdentityCacheStep.execute(IdentityCacheStep.java:27)
	at org.gradle.internal.execution.steps.IdentifyStep.execute(IdentifyStep.java:47)
	at org.gradle.internal.execution.steps.IdentifyStep.execute(IdentifyStep.java:34)
	at org.gradle.internal.execution.impl.DefaultExecutionEngine$1.execute(DefaultExecutionEngine.java:64)
	at org.gradle.api.internal.tasks.execution.ExecuteActionsTaskExecuter.executeIfValid(ExecuteActionsTaskExecuter.java:145)
	at org.gradle.api.internal.tasks.execution.ExecuteActionsTaskExecuter.execute(ExecuteActionsTaskExecuter.java:134)
	at org.gradle.api.internal.tasks.execution.FinalizePropertiesTaskExecuter.execute(FinalizePropertiesTaskExecuter.java:46)
	at org.gradle.api.internal.tasks.execution.ResolveTaskExecutionModeExecuter.execute(ResolveTaskExecutionModeExecuter.java:51)
	at org.gradle.api.internal.tasks.execution.SkipTaskWithNoActionsExecuter.execute(SkipTaskWithNoActionsExecuter.java:57)
	at org.gradle.api.internal.tasks.execution.SkipOnlyIfTaskExecuter.execute(SkipOnlyIfTaskExecuter.java:74)
	at org.gradle.api.internal.tasks.execution.CatchExceptionTaskExecuter.execute(CatchExceptionTaskExecuter.java:36)
	at org.gradle.api.internal.tasks.execution.EventFiringTaskExecuter$1.executeTask(EventFiringTaskExecuter.java:77)
	at org.gradle.api.internal.tasks.execution.EventFiringTaskExecuter$1.call(EventFiringTaskExecuter.java:55)
	at org.gradle.api.internal.tasks.execution.EventFiringTaskExecuter$1.call(EventFiringTaskExecuter.java:52)
	at org.gradle.internal.operations.DefaultBuildOperationRunner$CallableBuildOperationWorker.execute(DefaultBuildOperationRunner.java:204)
	at org.gradle.internal.operations.DefaultBuildOperationRunner$CallableBuildOperationWorker.execute(DefaultBuildOperationRunner.java:199)
	at org.gradle.internal.operations.DefaultBuildOperationRunner$2.execute(DefaultBuildOperationRunner.java:66)
	at org.gradle.internal.operations.DefaultBuildOperationRunner$2.execute(DefaultBuildOperationRunner.java:59)
	at org.gradle.internal.operations.DefaultBuildOperationRunner.execute(DefaultBuildOperationRunner.java:157)
	at org.gradle.internal.operations.DefaultBuildOperationRunner.execute(DefaultBuildOperationRunner.java:59)
	at org.gradle.internal.operations.DefaultBuildOperationRunner.call(DefaultBuildOperationRunner.java:53)
	at org.gradle.internal.operations.DefaultBuildOperationExecutor.call(DefaultBuildOperationExecutor.java:73)
	at org.gradle.api.internal.tasks.execution.EventFiringTaskExecuter.execute(EventFiringTaskExecuter.java:52)
	at org.gradle.execution.plan.LocalTaskNodeExecutor.execute(LocalTaskNodeExecutor.java:42)
	at org.gradle.execution.taskgraph.DefaultTaskExecutionGraph$InvokeNodeExecutorsAction.execute(DefaultTaskExecutionGraph.java:331)
	at org.gradle.execution.taskgraph.DefaultTaskExecutionGraph$InvokeNodeExecutorsAction.execute(DefaultTaskExecutionGraph.java:318)
	at org.gradle.execution.taskgraph.DefaultTaskExecutionGraph$BuildOperationAwareExecutionAction.lambda$execute$0(DefaultTaskExecutionGraph.java:314)
	at org.gradle.internal.operations.CurrentBuildOperationRef.with(CurrentBuildOperationRef.java:80)
	at org.gradle.execution.taskgraph.DefaultTaskExecutionGraph$BuildOperationAwareExecutionAction.execute(DefaultTaskExecutionGraph.java:314)
	at org.gradle.execution.taskgraph.DefaultTaskExecutionGraph$BuildOperationAwareExecutionAction.execute(DefaultTaskExecutionGraph.java:303)
	at org.gradle.execution.plan.DefaultPlanExecutor$ExecutorWorker.execute(DefaultPlanExecutor.java:463)
	at org.gradle.execution.plan.DefaultPlanExecutor$ExecutorWorker.run(DefaultPlanExecutor.java:380)
	at org.gradle.internal.concurrent.ExecutorPolicy$CatchAndRecordFailures.onExecute(ExecutorPolicy.java:64)
	at org.gradle.internal.concurrent.AbstractManagedExecutor$1.run(AbstractManagedExecutor.java:47)
Caused by: org.jetbrains.kotlin.gradle.tasks.CompilationErrorException: Compilation error. See log for more details
	at org.jetbrains.kotlin.gradle.tasks.TasksUtilsKt.throwExceptionIfCompilationFailed(tasksUtils.kt:20)
	at org.jetbrains.kotlin.compilerRunner.GradleKotlinCompilerWork.run(GradleKotlinCompilerWork.kt:141)
	at org.jetbrains.kotlin.compilerRunner.GradleCompilerRunnerWithWorkers$GradleKotlinCompilerWorkAction.execute(GradleCompilerRunnerWithWorkers.kt:73)
	at org.gradle.workers.internal.DefaultWorkerServer.execute(DefaultWorkerServer.java:63)
	at org.gradle.workers.internal.NoIsolationWorkerFactory$1$1.create(NoIsolationWorkerFactory.java:66)
	at org.gradle.workers.internal.NoIsolationWorkerFactory$1$1.create(NoIsolationWorkerFactory.java:62)
	at org.gradle.internal.classloader.ClassLoaderUtils.executeInClassloader(ClassLoaderUtils.java:100)
	at org.gradle.workers.internal.NoIsolationWorkerFactory$1.lambda$execute$0(NoIsolationWorkerFactory.java:62)
	at org.gradle.workers.internal.AbstractWorker$1.call(AbstractWorker.java:44)
	at org.gradle.workers.internal.AbstractWorker$1.call(AbstractWorker.java:41)
	at org.gradle.internal.operations.DefaultBuildOperationRunner$CallableBuildOperationWorker.execute(DefaultBuildOperationRunner.java:204)
	at org.gradle.internal.operations.DefaultBuildOperationRunner$CallableBuildOperationWorker.execute(DefaultBuildOperationRunner.java:199)
	at org.gradle.internal.operations.DefaultBuildOperationRunner$2.execute(DefaultBuildOperationRunner.java:66)
	at org.gradle.internal.operations.DefaultBuildOperationRunner$2.execute(DefaultBuildOperationRunner.java:59)
	at org.gradle.internal.operations.DefaultBuildOperationRunner.execute(DefaultBuildOperationRunner.java:157)
	at org.gradle.internal.operations.DefaultBuildOperationRunner.execute(DefaultBuildOperationRunner.java:59)
	at org.gradle.internal.operations.DefaultBuildOperationRunner.call(DefaultBuildOperationRunner.java:53)
	at org.gradle.internal.operations.DefaultBuildOperationExecutor.call(DefaultBuildOperationExecutor.java:73)
	at org.gradle.workers.internal.AbstractWorker.executeWrappedInBuildOperation(AbstractWorker.java:41)
	at org.gradle.workers.internal.NoIsolationWorkerFactory$1.execute(NoIsolationWorkerFactory.java:59)
	at org.gradle.workers.internal.DefaultWorkerExecutor.lambda$submitWork$0(DefaultWorkerExecutor.java:170)
	at org.gradle.internal.work.DefaultConditionalExecutionQueue$ExecutionRunner.runExecution(DefaultConditionalExecutionQueue.java:187)
	at org.gradle.internal.work.DefaultConditionalExecutionQueue$ExecutionRunner.access$700(DefaultConditionalExecutionQueue.java:120)
	at org.gradle.internal.work.DefaultConditionalExecutionQueue$ExecutionRunner$1.run(DefaultConditionalExecutionQueue.java:162)
	at org.gradle.internal.Factories$1.create(Factories.java:31)
	at org.gradle.internal.work.DefaultWorkerLeaseService.withLocks(DefaultWorkerLeaseService.java:264)
	at org.gradle.internal.work.DefaultWorkerLeaseService.runAsWorkerThread(DefaultWorkerLeaseService.java:128)
	at org.gradle.internal.work.DefaultWorkerLeaseService.runAsWorkerThread(DefaultWorkerLeaseService.java:133)
	at org.gradle.internal.work.DefaultConditionalExecutionQueue$ExecutionRunner.runBatch(DefaultConditionalExecutionQueue.java:157)
	at org.gradle.internal.work.DefaultConditionalExecutionQueue$ExecutionRunner.run(DefaultConditionalExecutionQueue.java:126)
	... 2 more


Deprecated Gradle features were used in this build, making it incompatible with Gradle 9.0.

You can use '--warning-mode all' to show the individual deprecation warnings and determine if they come from your own scripts or plugins.

For more on this, please refer to https://docs.gradle.org/8.5/userguide/command_line_interface.html#sec:command_line_warnings in the Gradle documentation.

BUILD FAILED in 12s
2 actionable tasks: 2 executed
Watched directory hierarchies: [/Users/aiw.robson/Documents/Projects/ElectricalAge2, /Users/aiw.robson/Documents/Projects/ElectricalAge4]
