
> Configure project :
Java: 21.0.9 JVM: 21.0.9+10-LTS (Eclipse Adoptium) Arch: aarch64

> Task :checkKotlinGradlePluginConfigurationErrors
> Task :compileKotlin UP-TO-DATE
> Task :compileJava UP-TO-DATE
> Task :processResources UP-TO-DATE
> Task :classes UP-TO-DATE
> Task :downloadMcpConfig
> Task :extractSrg UP-TO-DATE
> Task :createSrgToMcp UP-TO-DATE
> Task :downloadMCMeta UP-TO-DATE
> Task :downloadAssets UP-TO-DATE
> Task :extractNatives UP-TO-DATE
> Task :makeSrcDirs
> Task :prepareRuns
> Task :prepareRunClient
> Task :prepareRunClientCompile UP-TO-DATE

> Task :runClient
2025-11-23 21:57:50,811 main WARN Advanced terminal features are not available in this environment
[21:57:50] [main/INFO] [cp.mo.mo.Launcher/MODLAUNCHER]: ModLauncher running: args [--launchTarget, forgeclientuserdev, --version, MOD_DEV, --assetIndex, 5, --assetsDir, /Users/aiw.robson/.gradle/caches/forge_gradle/assets, --gameDir, ., --fml.forgeVersion, 47.4.10, --fml.mcVersion, 1.20.1, --fml.forgeGroup, net.minecraftforge, --fml.mcpVersion, 20230612.114412]
[21:57:50] [main/INFO] [cp.mo.mo.Launcher/MODLAUNCHER]: ModLauncher 10.0.9+10.0.9+main.dcd20f30 starting: java version 17.0.17 by Eclipse Adoptium; OS Mac OS X arch aarch64 version 15.7.2
[21:57:50] [main/DEBUG] [cp.mo.mo.LaunchServiceHandler/MODLAUNCHER]: Found launch services [fmlclientdev,forgeclient,minecraft,forgegametestserverdev,fmlserveruserdev,fmlclient,fmldatauserdev,forgeserverdev,forgeserveruserdev,forgeclientdev,forgeclientuserdev,forgeserver,forgedatadev,fmlserver,fmlclientuserdev,fmlserverdev,forgedatauserdev,testharness,forgegametestserveruserdev]
[21:57:50] [main/DEBUG] [cp.mo.mo.NameMappingServiceHandler/MODLAUNCHER]: Found naming services : [srgtomcp]
[21:57:50] [main/DEBUG] [cp.mo.mo.LaunchPluginHandler/MODLAUNCHER]: Found launch plugins: [mixin,eventbus,slf4jfixer,object_holder_definalize,runtime_enum_extender,capability_token_subclass,accesstransformer,runtimedistcleaner]
[21:57:51] [main/DEBUG] [cp.mo.mo.TransformationServicesHandler/MODLAUNCHER]: Discovering transformation services
[21:57:51] [main/DEBUG] [ne.mi.fm.lo.FMLPaths/CORE]: Path GAMEDIR is /Users/aiw.robson/Documents/Projects/ElectricalAge2/run
[21:57:51] [main/DEBUG] [ne.mi.fm.lo.FMLPaths/CORE]: Path MODSDIR is /Users/aiw.robson/Documents/Projects/ElectricalAge2/run/mods
[21:57:51] [main/DEBUG] [ne.mi.fm.lo.FMLPaths/CORE]: Path CONFIGDIR is /Users/aiw.robson/Documents/Projects/ElectricalAge2/run/config
[21:57:51] [main/DEBUG] [ne.mi.fm.lo.FMLPaths/CORE]: Path FMLCONFIG is /Users/aiw.robson/Documents/Projects/ElectricalAge2/run/config/fml.toml
[21:57:51] [main/DEBUG] [cp.mo.mo.TransformationServicesHandler/MODLAUNCHER]: Found additional transformation services from discovery services: 
[21:57:51] [main/INFO] [ne.mi.fm.lo.ImmediateWindowHandler/]: Loading ImmediateWindowProvider fmlearlywindow
[21:57:51] [main/INFO] [EARLYDISPLAY/]: Trying GL version 4.6
[21:57:51] [main/INFO] [EARLYDISPLAY/]: Trying GL version 4.5
[21:57:51] [main/INFO] [EARLYDISPLAY/]: Trying GL version 4.4
[21:57:51] [main/INFO] [EARLYDISPLAY/]: Trying GL version 4.3
[21:57:51] [main/INFO] [EARLYDISPLAY/]: Trying GL version 4.2
[21:57:51] [main/INFO] [EARLYDISPLAY/]: Trying GL version 4.1
[21:57:51] [main/INFO] [EARLYDISPLAY/]: Requested GL version 4.1 got version 4.1
[21:57:51] [main/DEBUG] [cp.mo.mo.TransformationServicesHandler/MODLAUNCHER]: Found transformer services : [mixin,fml]
[21:57:51] [main/DEBUG] [cp.mo.mo.TransformationServicesHandler/MODLAUNCHER]: Transformation services loading
[21:57:51] [main/DEBUG] [cp.mo.mo.TransformationServiceDecorator/MODLAUNCHER]: Loading service mixin
[21:57:51] [main/DEBUG] [cp.mo.mo.TransformationServiceDecorator/MODLAUNCHER]: Loaded service mixin
[21:57:51] [main/DEBUG] [cp.mo.mo.TransformationServiceDecorator/MODLAUNCHER]: Loading service fml
[21:57:51] [main/DEBUG] [ne.mi.fm.lo.LauncherVersion/CORE]: Found FMLLauncher version 1.0
[21:57:51] [main/DEBUG] [ne.mi.fm.lo.FMLLoader/CORE]: FML 1.0 loading
[21:57:51] [main/DEBUG] [ne.mi.fm.lo.FMLLoader/CORE]: FML found ModLauncher version : 10.0.9+10.0.9+main.dcd20f30
[21:57:51] [main/DEBUG] [ne.mi.fm.lo.FMLLoader/CORE]: Requesting CoreMods to not apply the fix for ASMAPI.findFirstInstructionBefore by default
[21:57:51] [main/DEBUG] [ne.mi.fm.lo.FMLLoader/CORE]: FML found AccessTransformer version : 8.0.4+66+master.c09db6d7
[21:57:51] [main/DEBUG] [ne.mi.fm.lo.FMLLoader/CORE]: FML found EventBus version : 6.0.5+6.0.5+master.eb8e549b
[21:57:51] [main/DEBUG] [ne.mi.fm.lo.FMLLoader/CORE]: Found Runtime Dist Cleaner
[21:57:51] [main/DEBUG] [ne.mi.co.CoreModEngine/]: CoreMods will preserve legacy behavior of ASMAPI.findFirstInstructionBefore for backwards-compatibility
[21:57:51] [main/DEBUG] [ne.mi.fm.lo.FMLLoader/CORE]: FML found CoreMod version : 5.2.4
[21:57:51] [main/DEBUG] [ne.mi.fm.lo.FMLLoader/CORE]: Found ForgeSPI package implementation version 7.0.1+7.0.1+master.d2b38bf6
[21:57:51] [main/DEBUG] [ne.mi.fm.lo.FMLLoader/CORE]: Found ForgeSPI package specification 5
[21:57:51] [main/DEBUG] [cp.mo.mo.TransformationServiceDecorator/MODLAUNCHER]: Loaded service fml
[21:57:51] [main/DEBUG] [cp.mo.mo.TransformationServicesHandler/MODLAUNCHER]: Configuring option handling for services
[21:57:51] [main/DEBUG] [cp.mo.mo.TransformationServicesHandler/MODLAUNCHER]: Transformation services initializing
[21:57:51] [main/DEBUG] [cp.mo.mo.TransformationServiceDecorator/MODLAUNCHER]: Initializing transformation service mixin
[21:57:51] [main/DEBUG] [mixin/]: MixinService [ModLauncher] was successfully booted in cpw.mods.cl.ModuleClassLoader@4445629
[21:57:51] [main/INFO] [mixin/]: SpongePowered MIXIN Subsystem Version=0.8.5 Source=union:/Users/aiw.robson/.gradle/caches/modules-2/files-2.1/org.spongepowered/mixin/0.8.5/9d1c0c3a304ae6697ecd477218fa61b850bf57fc/mixin-0.8.5.jar%23135!/ Service=ModLauncher Env=CLIENT
[21:57:51] [main/DEBUG] [mixin/]: Initialising Mixin Platform Manager
[21:57:51] [main/DEBUG] [mixin/]: Adding mixin platform agents for container ModLauncher Root Container(ModLauncher:4f56a0a2)
[21:57:51] [main/DEBUG] [mixin/]: Instancing new MixinPlatformAgentMinecraftForge for ModLauncher Root Container(ModLauncher:4f56a0a2)
[21:57:51] [main/DEBUG] [mixin/]: MixinPlatformAgentMinecraftForge rejected container ModLauncher Root Container(ModLauncher:4f56a0a2)
[21:57:51] [main/DEBUG] [mixin/]: Instancing new MixinPlatformAgentDefault for ModLauncher Root Container(ModLauncher:4f56a0a2)
[21:57:51] [main/DEBUG] [mixin/]: MixinPlatformAgentDefault accepted container ModLauncher Root Container(ModLauncher:4f56a0a2)
[21:57:51] [main/DEBUG] [cp.mo.mo.TransformationServiceDecorator/MODLAUNCHER]: Initialized transformation service mixin
[21:57:51] [main/DEBUG] [cp.mo.mo.TransformationServiceDecorator/MODLAUNCHER]: Initializing transformation service fml
[21:57:51] [main/DEBUG] [ne.mi.fm.lo.FMLServiceProvider/CORE]: Setting up basic FML game directories
[21:57:51] [main/DEBUG] [ne.mi.fm.lo.FMLPaths/CORE]: Path GAMEDIR is /Users/aiw.robson/Documents/Projects/ElectricalAge2/run
[21:57:51] [main/DEBUG] [ne.mi.fm.lo.FMLPaths/CORE]: Path MODSDIR is /Users/aiw.robson/Documents/Projects/ElectricalAge2/run/mods
[21:57:51] [main/DEBUG] [ne.mi.fm.lo.FMLPaths/CORE]: Path CONFIGDIR is /Users/aiw.robson/Documents/Projects/ElectricalAge2/run/config
[21:57:51] [main/DEBUG] [ne.mi.fm.lo.FMLPaths/CORE]: Path FMLCONFIG is /Users/aiw.robson/Documents/Projects/ElectricalAge2/run/config/fml.toml
[21:57:51] [main/DEBUG] [ne.mi.fm.lo.FMLServiceProvider/CORE]: Loading configuration
[21:57:51] [main/DEBUG] [ne.mi.fm.lo.FMLServiceProvider/CORE]: Preparing ModFile
[21:57:51] [main/DEBUG] [ne.mi.fm.lo.FMLServiceProvider/CORE]: Preparing launch handler
[21:57:51] [main/DEBUG] [ne.mi.fm.lo.FMLLoader/CORE]: Using forgeclientuserdev as launch service
[21:57:51] [pool-2-thread-1/INFO] [EARLYDISPLAY/]: GL info: Apple M1 Pro GL version 4.1 Metal - 89.4, Apple
[21:57:51] [main/DEBUG] [ne.mi.fm.lo.FMLLoader/CORE]: Received command line version data  : VersionInfo[forgeVersion=47.4.10, mcVersion=1.20.1, mcpVersion=20230612.114412, forgeGroup=net.minecraftforge]
[21:57:51] [main/DEBUG] [cp.mo.mo.TransformationServiceDecorator/MODLAUNCHER]: Initialized transformation service fml
[21:57:51] [main/DEBUG] [cp.mo.mo.NameMappingServiceHandler/MODLAUNCHER]: Current naming domain is 'mcp'
[21:57:51] [main/DEBUG] [cp.mo.mo.NameMappingServiceHandler/MODLAUNCHER]: Identified name mapping providers {srg=srgtomcp:1234}
[21:57:51] [main/DEBUG] [cp.mo.mo.TransformationServicesHandler/MODLAUNCHER]: Transformation services begin scanning
[21:57:51] [main/DEBUG] [cp.mo.mo.TransformationServiceDecorator/MODLAUNCHER]: Beginning scan trigger - transformation service mixin
[21:57:51] [main/DEBUG] [cp.mo.mo.TransformationServiceDecorator/MODLAUNCHER]: End scan trigger - transformation service mixin
[21:57:51] [main/DEBUG] [cp.mo.mo.TransformationServiceDecorator/MODLAUNCHER]: Beginning scan trigger - transformation service fml
[21:57:51] [main/DEBUG] [ne.mi.fm.lo.FMLServiceProvider/CORE]: Initiating mod scan
[21:57:51] [main/DEBUG] [ne.mi.fm.lo.mo.ModListHandler/CORE]: Found mod coordinates from lists: []
[21:57:51] [main/DEBUG] [ne.mi.fm.lo.mo.ModDiscoverer/CORE]: Found Mod Locators : (mods folder:null),(maven libs:null),(exploded directory:null),(minecraft:null),(userdev classpath:null)
[21:57:51] [main/DEBUG] [ne.mi.fm.lo.mo.ModDiscoverer/CORE]: Found Dependency Locators : (JarInJar:null)
[21:57:51] [main/DEBUG] [ne.mi.fm.lo.ta.CommonLaunchHandler/CORE]: Got mod coordinates eln%%/Users/aiw.robson/Documents/Projects/ElectricalAge2/build/resources/main:eln%%/Users/aiw.robson/Documents/Projects/ElectricalAge2/build/classes/java/main:eln%%/Users/aiw.robson/Documents/Projects/ElectricalAge2/build/classes/kotlin/main from env
[21:57:51] [main/DEBUG] [ne.mi.fm.lo.ta.CommonLaunchHandler/CORE]: Found supplied mod coordinates [{eln=[/Users/aiw.robson/Documents/Projects/ElectricalAge2/build/resources/main, /Users/aiw.robson/Documents/Projects/ElectricalAge2/build/classes/java/main, /Users/aiw.robson/Documents/Projects/ElectricalAge2/build/classes/kotlin/main]}]
[21:57:51] [main/DEBUG] [ne.mi.fm.lo.mo.ModFileInfo/LOADING]: Found valid mod file forge-1.20.1-47.4.10_mapped_official_1.20.1-recomp.jar with {minecraft} mods - versions {1.20.1}
[21:57:51] [main/DEBUG] [ne.mi.fm.lo.mo.ModFileParser/LOADING]: Considering mod file candidate /Users/aiw.robson/.gradle/caches/modules-2/files-2.1/net.minecraftforge/javafmllanguage/1.20.1-47.4.10/ccc533c7dd67e0983217197d7549c8b49e7ab453/javafmllanguage-1.20.1-47.4.10.jar
[21:57:51] [main/WARN] [ne.mi.fm.lo.mo.ModFileParser/LOADING]: Mod file /Users/aiw.robson/.gradle/caches/modules-2/files-2.1/net.minecraftforge/javafmllanguage/1.20.1-47.4.10/ccc533c7dd67e0983217197d7549c8b49e7ab453/javafmllanguage-1.20.1-47.4.10.jar is missing mods.toml file
[21:57:51] [main/DEBUG] [ne.mi.fm.lo.mo.ModFileParser/LOADING]: Considering mod file candidate /Users/aiw.robson/.gradle/caches/modules-2/files-2.1/net.minecraftforge/lowcodelanguage/1.20.1-47.4.10/e9a2879fe3612ea34b9728ec2633304a1e67d480/lowcodelanguage-1.20.1-47.4.10.jar
[21:57:51] [main/WARN] [ne.mi.fm.lo.mo.ModFileParser/LOADING]: Mod file /Users/aiw.robson/.gradle/caches/modules-2/files-2.1/net.minecraftforge/lowcodelanguage/1.20.1-47.4.10/e9a2879fe3612ea34b9728ec2633304a1e67d480/lowcodelanguage-1.20.1-47.4.10.jar is missing mods.toml file
[21:57:51] [main/DEBUG] [ne.mi.fm.lo.mo.ModFileParser/LOADING]: Considering mod file candidate /Users/aiw.robson/.gradle/caches/modules-2/files-2.1/net.minecraftforge/mclanguage/1.20.1-47.4.10/ec5cefbbc65c67302b8fac317010faab85fa14b9/mclanguage-1.20.1-47.4.10.jar
[21:57:51] [main/WARN] [ne.mi.fm.lo.mo.ModFileParser/LOADING]: Mod file /Users/aiw.robson/.gradle/caches/modules-2/files-2.1/net.minecraftforge/mclanguage/1.20.1-47.4.10/ec5cefbbc65c67302b8fac317010faab85fa14b9/mclanguage-1.20.1-47.4.10.jar is missing mods.toml file
[21:57:51] [main/DEBUG] [ne.mi.fm.lo.mo.ModFileParser/LOADING]: Considering mod file candidate /Users/aiw.robson/.gradle/caches/modules-2/files-2.1/net.minecraftforge/fmlcore/1.20.1-47.4.10/94dae566be650566ea9115a1414ab76bfcf5a804/fmlcore-1.20.1-47.4.10.jar
[21:57:51] [main/WARN] [ne.mi.fm.lo.mo.ModFileParser/LOADING]: Mod file /Users/aiw.robson/.gradle/caches/modules-2/files-2.1/net.minecraftforge/fmlcore/1.20.1-47.4.10/94dae566be650566ea9115a1414ab76bfcf5a804/fmlcore-1.20.1-47.4.10.jar is missing mods.toml file
[21:57:51] [main/DEBUG] [ne.mi.fm.lo.mo.ModFileParser/LOADING]: Considering mod file candidate /Users/aiw.robson/Documents/Projects/ElectricalAge2/build/resources/main
[21:57:51] [main/DEBUG] [ne.mi.fm.lo.mo.ModFileInfo/LOADING]: Found valid mod file main with {eln} mods - versions {1.0.0}
[21:57:51] [main/DEBUG] [ne.mi.fm.lo.mo.ModFileParser/LOADING]: Considering mod file candidate /
[21:57:51] [main/DEBUG] [ne.mi.fm.lo.mo.ModFileInfo/LOADING]: Found valid mod file  with {forge} mods - versions {47.4.10}
[21:57:51] [main/DEBUG] [ne.mi.fm.lo.mo.AbstractJarFileDependencyLocator/]: Failed to load resource META-INF/jarjar/metadata.json from forge-1.20.1-47.4.10_mapped_official_1.20.1-recomp.jar, it does not contain dependency information.
[21:57:51] [main/DEBUG] [ne.mi.fm.lo.mo.AbstractJarFileDependencyLocator/]: Failed to load resource META-INF/jarjar/metadata.json from , it does not contain dependency information.
[21:57:51] [main/DEBUG] [ne.mi.fm.lo.mo.AbstractJarFileDependencyLocator/]: Failed to load resource META-INF/jarjar/metadata.json from main, it does not contain dependency information.
[21:57:51] [main/DEBUG] [ne.mi.fm.lo.mo.AbstractJarFileDependencyLocator/]: Failed to load resource META-INF/jarjar/metadata.json from mclanguage-1.20.1-47.4.10.jar, it does not contain dependency information.
[21:57:51] [main/DEBUG] [ne.mi.fm.lo.mo.AbstractJarFileDependencyLocator/]: Failed to load resource META-INF/jarjar/metadata.json from javafmllanguage-1.20.1-47.4.10.jar, it does not contain dependency information.
[21:57:51] [main/DEBUG] [ne.mi.fm.lo.mo.AbstractJarFileDependencyLocator/]: Failed to load resource META-INF/jarjar/metadata.json from fmlcore-1.20.1-47.4.10.jar, it does not contain dependency information.
[21:57:51] [main/DEBUG] [ne.mi.fm.lo.mo.AbstractJarFileDependencyLocator/]: Failed to load resource META-INF/jarjar/metadata.json from lowcodelanguage-1.20.1-47.4.10.jar, it does not contain dependency information.
[21:57:51] [main/INFO] [ne.mi.fm.lo.mo.JarInJarDependencyLocator/]: No dependencies to load found. Skipping!
[21:57:51] [main/DEBUG] [ne.mi.fm.lo.mo.ModFileInfo/LOADING]: Found valid mod file forge-1.20.1-47.4.10_mapped_official_1.20.1-recomp.jar with {minecraft} mods - versions {1.20.1}
[21:57:51] [main/DEBUG] [ne.mi.fm.lo.mo.ModFile/LOADING]: Loading mod file /Users/aiw.robson/.gradle/caches/forge_gradle/minecraft_user_repo/net/minecraftforge/forge/1.20.1-47.4.10_mapped_official_1.20.1/forge-1.20.1-47.4.10_mapped_official_1.20.1-recomp.jar with languages [LanguageSpec[languageName=minecraft, acceptedVersions=1]]
[21:57:51] [main/DEBUG] [ne.mi.fm.lo.mo.ModFileParser/LOADING]: Considering mod file candidate /Users/aiw.robson/Documents/Projects/ElectricalAge2/build/resources/main
[21:57:51] [main/DEBUG] [ne.mi.fm.lo.mo.ModFileInfo/LOADING]: Found valid mod file main with {eln} mods - versions {1.0.0}
[21:57:51] [main/DEBUG] [ne.mi.fm.lo.mo.ModFile/LOADING]: Loading mod file /Users/aiw.robson/Documents/Projects/ElectricalAge2/build/resources/main with languages [LanguageSpec[languageName=javafml, acceptedVersions=[47,)]]
[21:57:51] [main/DEBUG] [ne.mi.fm.lo.mo.ModFileParser/LOADING]: Considering mod file candidate /
[21:57:51] [main/DEBUG] [ne.mi.fm.lo.mo.ModFileInfo/LOADING]: Found valid mod file  with {forge} mods - versions {47.4.10}
[21:57:51] [main/DEBUG] [ne.mi.fm.lo.mo.ModFile/LOADING]: Loading mod file / with languages [LanguageSpec[languageName=javafml, acceptedVersions=[24,]]]
[21:57:51] [main/DEBUG] [ne.mi.fm.lo.mo.ModFileParser/LOADING]: Found coremod field_to_method with Javascript path coremods/field_to_method.js
[21:57:51] [main/DEBUG] [ne.mi.fm.lo.mo.ModFileParser/LOADING]: Found coremod field_to_instanceof with Javascript path coremods/field_to_instanceof.js
[21:57:51] [main/DEBUG] [ne.mi.fm.lo.mo.ModFileParser/LOADING]: Found coremod add_bouncer_method with Javascript path coremods/add_bouncer_method.js
[21:57:51] [main/DEBUG] [ne.mi.fm.lo.mo.ModFileParser/LOADING]: Found coremod method_redirector with Javascript path coremods/method_redirector.js
[21:57:51] [main/DEBUG] [ne.mi.fm.lo.mo.ModFile/LOADING]: Found coremod coremods/field_to_method.js
[21:57:51] [main/DEBUG] [ne.mi.fm.lo.mo.ModFile/LOADING]: Found coremod coremods/field_to_instanceof.js
[21:57:51] [main/DEBUG] [ne.mi.fm.lo.mo.ModFile/LOADING]: Found coremod coremods/add_bouncer_method.js
[21:57:51] [main/DEBUG] [ne.mi.fm.lo.mo.ModFile/LOADING]: Found coremod coremods/method_redirector.js
[21:57:51] [main/DEBUG] [cp.mo.mo.TransformationServiceDecorator/MODLAUNCHER]: End scan trigger - transformation service fml
[21:57:51] [main/DEBUG] [ne.mi.fm.lo.LanguageLoadingProvider/CORE]: Found 3 language providers
[21:57:51] [main/DEBUG] [ne.mi.fm.lo.LanguageLoadingProvider/CORE]: Found language provider minecraft, version 1.0
[21:57:51] [main/DEBUG] [ne.mi.fm.lo.LanguageLoadingProvider/CORE]: Found language provider lowcodefml, version 47
[21:57:51] [main/DEBUG] [ne.mi.fm.lo.LanguageLoadingProvider/CORE]: Found language provider javafml, version 47
[21:57:51] [main/DEBUG] [ne.mi.fm.lo.ModSorter/]: Configured system mods: [minecraft, forge]
[21:57:51] [main/DEBUG] [ne.mi.fm.lo.ModSorter/]: Found system mod: minecraft
[21:57:51] [main/DEBUG] [ne.mi.fm.lo.ModSorter/]: Found system mod: forge
[21:57:51] [main/DEBUG] [ne.mi.fm.lo.ModSorter/LOADING]: Found 2 mod requirements (2 mandatory, 0 optional)
[21:57:51] [main/DEBUG] [ne.mi.fm.lo.ModSorter/LOADING]: Found 0 mod requirements missing (0 mandatory, 0 optional)
[21:57:52] [main/DEBUG] [ne.mi.fm.lo.MCPNamingService/CORE]: Loaded 33222 method mappings from methods.csv
[21:57:52] [main/DEBUG] [ne.mi.fm.lo.MCPNamingService/CORE]: Loaded 31003 field mappings from fields.csv
[21:57:52] [main/DEBUG] [cp.mo.mo.TransformationServicesHandler/MODLAUNCHER]: Transformation services loading transformers
[21:57:52] [main/DEBUG] [cp.mo.mo.TransformationServiceDecorator/MODLAUNCHER]: Initializing transformers for transformation service mixin
[21:57:52] [main/DEBUG] [cp.mo.mo.TransformationServiceDecorator/MODLAUNCHER]: Initialized transformers for transformation service mixin
[21:57:52] [main/DEBUG] [cp.mo.mo.TransformationServiceDecorator/MODLAUNCHER]: Initializing transformers for transformation service fml
[21:57:52] [main/DEBUG] [ne.mi.fm.lo.FMLServiceProvider/CORE]: Loading coremod transformers
[21:57:52] [main/DEBUG] [ne.mi.co.CoreModEngine/COREMOD]: Loading CoreMod from coremods/field_to_method.js
[21:57:52] [main/DEBUG] [ne.mi.co.CoreModEngine/COREMOD]: CoreMod loaded successfully
[21:57:52] [main/DEBUG] [ne.mi.co.CoreModEngine/COREMOD]: Loading CoreMod from coremods/field_to_instanceof.js
[21:57:52] [main/DEBUG] [ne.mi.co.CoreModEngine/COREMOD]: CoreMod loaded successfully
[21:57:52] [main/DEBUG] [ne.mi.co.CoreModEngine/COREMOD]: Loading CoreMod from coremods/add_bouncer_method.js
[21:57:52] [main/DEBUG] [ne.mi.co.CoreModEngine/COREMOD]: CoreMod loaded successfully
[21:57:52] [main/DEBUG] [ne.mi.co.CoreModEngine/COREMOD]: Loading CoreMod from coremods/method_redirector.js
[21:57:52] [main/DEBUG] [ne.mi.co.CoreModEngine/COREMOD]: CoreMod loaded successfully
[21:57:52] [main/DEBUG] [cp.mo.mo.TransformStore/MODLAUNCHER]: Adding transformer net.minecraftforge.coremod.transformer.CoreModClassTransformer@3bc4ef12 to Target : CLASS {Lnet/minecraft/world/level/biome/Biome;} {} {V}
[21:57:52] [main/DEBUG] [cp.mo.mo.TransformStore/MODLAUNCHER]: Adding transformer net.minecraftforge.coremod.transformer.CoreModClassTransformer@6949e948 to Target : CLASS {Lnet/minecraft/world/level/levelgen/structure/Structure;} {} {V}
[21:57:52] [main/DEBUG] [cp.mo.mo.TransformStore/MODLAUNCHER]: Adding transformer net.minecraftforge.coremod.transformer.CoreModClassTransformer@210d2a6c to Target : CLASS {Lnet/minecraft/world/effect/MobEffectInstance;} {} {V}
[21:57:52] [main/DEBUG] [cp.mo.mo.TransformStore/MODLAUNCHER]: Adding transformer net.minecraftforge.coremod.transformer.CoreModClassTransformer@3bec5821 to Target : CLASS {Lnet/minecraft/world/level/block/LiquidBlock;} {} {V}
[21:57:52] [main/DEBUG] [cp.mo.mo.TransformStore/MODLAUNCHER]: Adding transformer net.minecraftforge.coremod.transformer.CoreModClassTransformer@4086d8fb to Target : CLASS {Lnet/minecraft/world/item/BucketItem;} {} {V}
[21:57:52] [main/DEBUG] [cp.mo.mo.TransformStore/MODLAUNCHER]: Adding transformer net.minecraftforge.coremod.transformer.CoreModClassTransformer@66236a0a to Target : CLASS {Lnet/minecraft/world/level/block/StairBlock;} {} {V}
[21:57:52] [main/DEBUG] [cp.mo.mo.TransformStore/MODLAUNCHER]: Adding transformer net.minecraftforge.coremod.transformer.CoreModClassTransformer@2e3572e8 to Target : CLASS {Lnet/minecraft/world/level/block/FlowerPotBlock;} {} {V}
[21:57:52] [main/DEBUG] [cp.mo.mo.TransformStore/MODLAUNCHER]: Adding transformer net.minecraftforge.coremod.transformer.CoreModClassTransformer@77c10a5f to Target : CLASS {Lnet/minecraft/world/item/ItemStack;} {} {V}
[21:57:52] [main/DEBUG] [cp.mo.mo.TransformStore/MODLAUNCHER]: Adding transformer net.minecraftforge.coremod.transformer.CoreModClassTransformer@176555c to Target : CLASS {Lnet/minecraft/network/play/client/CClientSettingsPacket;} {} {V}
[21:57:52] [main/DEBUG] [cp.mo.mo.TransformStore/MODLAUNCHER]: Adding transformer net.minecraftforge.coremod.transformer.CoreModClassTransformer@7c781c42 to Target : CLASS {Lnet/minecraft/world/entity/monster/Strider;} {} {V}
[21:57:52] [main/DEBUG] [cp.mo.mo.TransformStore/MODLAUNCHER]: Adding transformer net.minecraftforge.coremod.transformer.CoreModClassTransformer@7c781c42 to Target : CLASS {Lnet/minecraft/world/entity/EntityType;} {} {V}
[21:57:52] [main/DEBUG] [cp.mo.mo.TransformStore/MODLAUNCHER]: Adding transformer net.minecraftforge.coremod.transformer.CoreModClassTransformer@7c781c42 to Target : CLASS {Lnet/minecraft/world/entity/ai/village/VillageSiege;} {} {V}
[21:57:52] [main/DEBUG] [cp.mo.mo.TransformStore/MODLAUNCHER]: Adding transformer net.minecraftforge.coremod.transformer.CoreModClassTransformer@7c781c42 to Target : CLASS {Lnet/minecraft/world/entity/animal/horse/SkeletonTrapGoal;} {} {V}
[21:57:52] [main/DEBUG] [cp.mo.mo.TransformStore/MODLAUNCHER]: Adding transformer net.minecraftforge.coremod.transformer.CoreModClassTransformer@7c781c42 to Target : CLASS {Lnet/minecraft/world/entity/npc/CatSpawner;} {} {V}
[21:57:52] [main/DEBUG] [cp.mo.mo.TransformStore/MODLAUNCHER]: Adding transformer net.minecraftforge.coremod.transformer.CoreModClassTransformer@7c781c42 to Target : CLASS {Lnet/minecraft/world/entity/monster/ZombieVillager;} {} {V}
[21:57:52] [main/DEBUG] [cp.mo.mo.TransformStore/MODLAUNCHER]: Adding transformer net.minecraftforge.coremod.transformer.CoreModClassTransformer@7c781c42 to Target : CLASS {Lnet/minecraft/world/level/levelgen/structure/structures/OceanRuinPieces$OceanRuinPiece;} {} {V}
[21:57:52] [main/DEBUG] [cp.mo.mo.TransformStore/MODLAUNCHER]: Adding transformer net.minecraftforge.coremod.transformer.CoreModClassTransformer@7c781c42 to Target : CLASS {Lnet/minecraft/world/level/levelgen/PatrolSpawner;} {} {V}
[21:57:52] [main/DEBUG] [cp.mo.mo.TransformStore/MODLAUNCHER]: Adding transformer net.minecraftforge.coremod.transformer.CoreModClassTransformer@7c781c42 to Target : CLASS {Lnet/minecraft/world/level/levelgen/structure/structures/OceanMonumentPieces$OceanMonumentPiece;} {} {V}
[21:57:52] [main/DEBUG] [cp.mo.mo.TransformStore/MODLAUNCHER]: Adding transformer net.minecraftforge.coremod.transformer.CoreModClassTransformer@7c781c42 to Target : CLASS {Lnet/minecraft/world/entity/monster/Evoker$EvokerSummonSpellGoal;} {} {V}
[21:57:52] [main/DEBUG] [cp.mo.mo.TransformStore/MODLAUNCHER]: Adding transformer net.minecraftforge.coremod.transformer.CoreModClassTransformer@7c781c42 to Target : CLASS {Lnet/minecraft/world/entity/monster/Zombie;} {} {V}
[21:57:52] [main/DEBUG] [cp.mo.mo.TransformStore/MODLAUNCHER]: Adding transformer net.minecraftforge.coremod.transformer.CoreModClassTransformer@7c781c42 to Target : CLASS {Lnet/minecraft/world/level/levelgen/structure/templatesystem/StructureTemplate;} {} {V}
[21:57:52] [main/DEBUG] [cp.mo.mo.TransformStore/MODLAUNCHER]: Adding transformer net.minecraftforge.coremod.transformer.CoreModClassTransformer@7c781c42 to Target : CLASS {Lnet/minecraft/world/entity/raid/Raid;} {} {V}
[21:57:52] [main/DEBUG] [cp.mo.mo.TransformStore/MODLAUNCHER]: Adding transformer net.minecraftforge.coremod.transformer.CoreModClassTransformer@7c781c42 to Target : CLASS {Lnet/minecraft/world/entity/animal/frog/Tadpole;} {} {V}
[21:57:52] [main/DEBUG] [cp.mo.mo.TransformStore/MODLAUNCHER]: Adding transformer net.minecraftforge.coremod.transformer.CoreModClassTransformer@7c781c42 to Target : CLASS {Lnet/minecraft/world/level/NaturalSpawner;} {} {V}
[21:57:52] [main/DEBUG] [cp.mo.mo.TransformStore/MODLAUNCHER]: Adding transformer net.minecraftforge.coremod.transformer.CoreModClassTransformer@7c781c42 to Target : CLASS {Lnet/minecraft/world/entity/npc/Villager;} {} {V}
[21:57:52] [main/DEBUG] [cp.mo.mo.TransformStore/MODLAUNCHER]: Adding transformer net.minecraftforge.coremod.transformer.CoreModClassTransformer@7c781c42 to Target : CLASS {Lnet/minecraft/world/level/levelgen/structure/structures/SwampHutPiece;} {} {V}
[21:57:52] [main/DEBUG] [cp.mo.mo.TransformStore/MODLAUNCHER]: Adding transformer net.minecraftforge.coremod.transformer.CoreModClassTransformer@7c781c42 to Target : CLASS {Lnet/minecraft/server/commands/SummonCommand;} {} {V}
[21:57:52] [main/DEBUG] [cp.mo.mo.TransformStore/MODLAUNCHER]: Adding transformer net.minecraftforge.coremod.transformer.CoreModClassTransformer@7c781c42 to Target : CLASS {Lnet/minecraft/world/entity/monster/Spider;} {} {V}
[21:57:52] [main/DEBUG] [cp.mo.mo.TransformStore/MODLAUNCHER]: Adding transformer net.minecraftforge.coremod.transformer.CoreModClassTransformer@7c781c42 to Target : CLASS {Lnet/minecraft/world/level/levelgen/structure/structures/WoodlandMansionPieces$WoodlandMansionPiece;} {} {V}
[21:57:52] [main/DEBUG] [cp.mo.mo.TransformStore/MODLAUNCHER]: Adding transformer net.minecraftforge.coremod.transformer.CoreModClassTransformer@7c781c42 to Target : CLASS {Lnet/minecraft/server/commands/RaidCommand;} {} {V}
[21:57:52] [main/DEBUG] [cp.mo.mo.TransformStore/MODLAUNCHER]: Adding transformer net.minecraftforge.coremod.transformer.CoreModClassTransformer@7c781c42 to Target : CLASS {Lnet/minecraft/world/level/levelgen/PhantomSpawner;} {} {V}
[21:57:52] [main/DEBUG] [cp.mo.mo.TransformationServiceDecorator/MODLAUNCHER]: Initialized transformers for transformation service fml
[21:57:52] [main/DEBUG] [mixin/]: Processing prepare() for PlatformAgent[MixinPlatformAgentDefault:ModLauncher Root Container(ModLauncher:4f56a0a2)]
[21:57:52] [main/DEBUG] [mixin/]: Processing launch tasks for PlatformAgent[MixinPlatformAgentDefault:ModLauncher Root Container(ModLauncher:4f56a0a2)]
[21:57:52] [main/DEBUG] [mixin/]: Adding mixin platform agents for container SecureJarResource(minecraft)
[21:57:52] [main/DEBUG] [mixin/]: Instancing new MixinPlatformAgentMinecraftForge for SecureJarResource(minecraft)
[21:57:52] [main/DEBUG] [mixin/]: MixinPlatformAgentMinecraftForge rejected container SecureJarResource(minecraft)
[21:57:52] [main/DEBUG] [mixin/]: Instancing new MixinPlatformAgentDefault for SecureJarResource(minecraft)
[21:57:52] [main/DEBUG] [mixin/]: MixinPlatformAgentDefault accepted container SecureJarResource(minecraft)
[21:57:52] [main/DEBUG] [mixin/]: Processing prepare() for PlatformAgent[MixinPlatformAgentDefault:SecureJarResource(minecraft)]
[21:57:52] [main/DEBUG] [mixin/]: Adding mixin platform agents for container SecureJarResource(forge)
[21:57:52] [main/DEBUG] [mixin/]: Instancing new MixinPlatformAgentMinecraftForge for SecureJarResource(forge)
[21:57:52] [main/DEBUG] [mixin/]: MixinPlatformAgentMinecraftForge rejected container SecureJarResource(forge)
[21:57:52] [main/DEBUG] [mixin/]: Instancing new MixinPlatformAgentDefault for SecureJarResource(forge)
[21:57:52] [main/DEBUG] [mixin/]: MixinPlatformAgentDefault accepted container SecureJarResource(forge)
[21:57:52] [main/DEBUG] [mixin/]: Processing prepare() for PlatformAgent[MixinPlatformAgentDefault:SecureJarResource(forge)]
[21:57:52] [main/DEBUG] [mixin/]: Adding mixin platform agents for container SecureJarResource(eln)
[21:57:52] [main/DEBUG] [mixin/]: Instancing new MixinPlatformAgentMinecraftForge for SecureJarResource(eln)
[21:57:52] [main/DEBUG] [mixin/]: MixinPlatformAgentMinecraftForge rejected container SecureJarResource(eln)
[21:57:52] [main/DEBUG] [mixin/]: Instancing new MixinPlatformAgentDefault for SecureJarResource(eln)
[21:57:52] [main/DEBUG] [mixin/]: MixinPlatformAgentDefault accepted container SecureJarResource(eln)
[21:57:52] [main/DEBUG] [mixin/]: Processing prepare() for PlatformAgent[MixinPlatformAgentDefault:SecureJarResource(eln)]
[21:57:52] [main/DEBUG] [mixin/]: inject() running with 4 agents
[21:57:52] [main/DEBUG] [mixin/]: Processing inject() for PlatformAgent[MixinPlatformAgentDefault:ModLauncher Root Container(ModLauncher:4f56a0a2)]
[21:57:52] [main/DEBUG] [mixin/]: Processing inject() for PlatformAgent[MixinPlatformAgentDefault:SecureJarResource(minecraft)]
[21:57:52] [main/DEBUG] [mixin/]: Processing inject() for PlatformAgent[MixinPlatformAgentDefault:SecureJarResource(forge)]
[21:57:52] [main/DEBUG] [mixin/]: Processing inject() for PlatformAgent[MixinPlatformAgentDefault:SecureJarResource(eln)]
[21:57:52] [main/INFO] [cp.mo.mo.LaunchServiceHandler/MODLAUNCHER]: Launching target 'forgeclientuserdev' with arguments [--version, MOD_DEV, --gameDir, ., --assetsDir, /Users/aiw.robson/.gradle/caches/forge_gradle/assets, --assetIndex, 5]
[21:57:52] [main/DEBUG] [mixin/]: Error cleaning class output directory: .mixin.out
[21:57:52] [main/DEBUG] [mixin/]: Preparing mixins for MixinEnvironment[DEFAULT]
[21:57:52] [main/DEBUG] [io.ne.ut.in.lo.InternalLoggerFactory/]: Using SLF4J as the default logging framework
[21:57:52] [main/DEBUG] [io.ne.ut.ResourceLeakDetector/]: -Dio.netty.leakDetection.level: simple
[21:57:52] [main/DEBUG] [io.ne.ut.ResourceLeakDetector/]: -Dio.netty.leakDetection.targetRecords: 4
[21:57:52] [main/DEBUG] [os.ut.FileUtil/]: No oshi.properties file found from ClassLoader cpw.mods.modlauncher.TransformingClassLoader@6749fe50
[21:57:53] [main/DEBUG] [os.ut.FileUtil/]: No oshi.architecture.properties file found from ClassLoader cpw.mods.modlauncher.TransformingClassLoader@6749fe50
[21:57:54] [pool-4-thread-1/DEBUG] [ne.mi.co.tr.CoreModBaseTransformer/COREMOD]: Transforming net/minecraft/world/entity/EntityType
[21:57:54] [pool-4-thread-1/DEBUG] [ne.mi.co.tr.CoreModBaseTransformer/COREMOD]: Transforming net/minecraft/world/level/block/LiquidBlock
[21:57:54] [pool-4-thread-1/DEBUG] [ne.mi.co.tr.CoreModBaseTransformer/COREMOD]: Transforming net/minecraft/world/level/block/StairBlock
[21:57:54] [pool-4-thread-1/DEBUG] [ne.mi.co.tr.CoreModBaseTransformer/COREMOD]: Transforming net/minecraft/world/level/block/FlowerPotBlock
[21:57:55] [pool-4-thread-1/DEBUG] [ne.mi.co.tr.CoreModBaseTransformer/COREMOD]: Transforming net/minecraft/world/item/ItemStack
[21:57:56] [pool-4-thread-1/DEBUG] [ne.mi.co.tr.CoreModBaseTransformer/COREMOD]: Transforming net/minecraft/world/entity/animal/frog/Tadpole
[21:57:56] [pool-4-thread-1/DEBUG] [ne.mi.co.tr.CoreModBaseTransformer/COREMOD]: Transforming net/minecraft/world/item/BucketItem
[21:57:57] [pool-4-thread-1/DEBUG] [ne.mi.co.tr.CoreModBaseTransformer/COREMOD]: Transforming net/minecraft/world/entity/monster/Spider
[21:57:57] [pool-4-thread-1/DEBUG] [ne.mi.co.tr.CoreModBaseTransformer/COREMOD]: Transforming net/minecraft/world/entity/monster/Zombie
[21:57:57] [Datafixer Bootstrap/INFO] [mojang/DataFixerBuilder]: 188 Datafixer optimizations took 208 milliseconds
[21:57:57] [pool-4-thread-1/DEBUG] [ne.mi.co.tr.CoreModBaseTransformer/COREMOD]: Transforming net/minecraft/world/entity/monster/ZombieVillager
[21:57:57] [pool-4-thread-1/DEBUG] [ne.mi.co.tr.CoreModBaseTransformer/COREMOD]: Transforming net/minecraft/world/entity/monster/Evoker$EvokerSummonSpellGoal
[21:57:57] [pool-4-thread-1/DEBUG] [ne.mi.co.tr.CoreModBaseTransformer/COREMOD]: Transforming net/minecraft/world/entity/animal/horse/SkeletonTrapGoal
[21:57:57] [pool-4-thread-1/DEBUG] [ne.mi.co.tr.CoreModBaseTransformer/COREMOD]: Transforming net/minecraft/world/entity/monster/Strider
[21:57:58] [pool-4-thread-1/DEBUG] [ne.mi.co.tr.CoreModBaseTransformer/COREMOD]: Transforming net/minecraft/world/entity/npc/Villager
[21:57:58] [pool-4-thread-1/DEBUG] [ne.mi.co.tr.CoreModBaseTransformer/COREMOD]: Transforming net/minecraft/world/effect/MobEffectInstance
[21:57:58] [pool-4-thread-1/DEBUG] [ne.mi.co.tr.CoreModBaseTransformer/COREMOD]: Transforming net/minecraft/world/level/levelgen/structure/Structure
[21:57:58] [pool-4-thread-1/DEBUG] [ne.mi.co.tr.CoreModBaseTransformer/COREMOD]: Transforming net/minecraft/world/level/levelgen/structure/structures/OceanRuinPieces$OceanRuinPiece
[21:57:58] [pool-4-thread-1/DEBUG] [ne.mi.co.tr.CoreModBaseTransformer/COREMOD]: Transforming net/minecraft/world/level/levelgen/structure/structures/SwampHutPiece
[21:57:58] [pool-4-thread-1/DEBUG] [ne.mi.co.tr.CoreModBaseTransformer/COREMOD]: Transforming net/minecraft/world/level/levelgen/structure/structures/OceanMonumentPieces$OceanMonumentPiece
[21:57:58] [pool-4-thread-1/DEBUG] [ne.mi.co.tr.CoreModBaseTransformer/COREMOD]: Transforming net/minecraft/world/level/levelgen/structure/structures/WoodlandMansionPieces$WoodlandMansionPiece
[21:57:58] [pool-4-thread-1/DEBUG] [ne.mi.co.tr.CoreModBaseTransformer/COREMOD]: Transforming net/minecraft/world/level/biome/Biome
[21:57:59] [pool-4-thread-1/DEBUG] [ne.mi.re.GameData/REGISTRIES]: Creating vanilla freeze snapshot
[21:57:59] [pool-4-thread-1/DEBUG] [ne.mi.re.ForgeRegistry/REGISTRIES]: Registry minecraft:block Sync: VANILLA -> ACTIVE
[21:57:59] [pool-4-thread-1/DEBUG] [ne.mi.re.ForgeRegistry/REGISTRIES]: Registry minecraft:fluid Sync: VANILLA -> ACTIVE
[21:57:59] [pool-4-thread-1/DEBUG] [ne.mi.re.ForgeRegistry/REGISTRIES]: Registry minecraft:item Sync: VANILLA -> ACTIVE
[21:57:59] [pool-4-thread-1/DEBUG] [ne.mi.re.ForgeRegistry/REGISTRIES]: Registry minecraft:mob_effect Sync: VANILLA -> ACTIVE
[21:57:59] [pool-4-thread-1/DEBUG] [ne.mi.re.ForgeRegistry/REGISTRIES]: Registry minecraft:sound_event Sync: VANILLA -> ACTIVE
[21:57:59] [pool-4-thread-1/DEBUG] [ne.mi.re.ForgeRegistry/REGISTRIES]: Registry minecraft:potion Sync: VANILLA -> ACTIVE
[21:57:59] [pool-4-thread-1/DEBUG] [ne.mi.re.ForgeRegistry/REGISTRIES]: Registry minecraft:enchantment Sync: VANILLA -> ACTIVE
[21:57:59] [pool-4-thread-1/DEBUG] [ne.mi.re.ForgeRegistry/REGISTRIES]: Registry minecraft:entity_type Sync: VANILLA -> ACTIVE
[21:57:59] [pool-4-thread-1/DEBUG] [ne.mi.re.ForgeRegistry/REGISTRIES]: Registry minecraft:block_entity_type Sync: VANILLA -> ACTIVE
[21:57:59] [pool-4-thread-1/DEBUG] [ne.mi.re.ForgeRegistry/REGISTRIES]: Registry minecraft:particle_type Sync: VANILLA -> ACTIVE
[21:57:59] [pool-4-thread-1/DEBUG] [ne.mi.re.ForgeRegistry/REGISTRIES]: Registry minecraft:menu Sync: VANILLA -> ACTIVE
[21:57:59] [pool-4-thread-1/DEBUG] [ne.mi.re.ForgeRegistry/REGISTRIES]: Registry minecraft:painting_variant Sync: VANILLA -> ACTIVE
[21:57:59] [pool-4-thread-1/DEBUG] [ne.mi.re.ForgeRegistry/REGISTRIES]: Registry minecraft:recipe_type Sync: VANILLA -> ACTIVE
[21:57:59] [pool-4-thread-1/DEBUG] [ne.mi.re.ForgeRegistry/REGISTRIES]: Registry minecraft:recipe_serializer Sync: VANILLA -> ACTIVE
[21:57:59] [pool-4-thread-1/DEBUG] [ne.mi.re.ForgeRegistry/REGISTRIES]: Registry minecraft:attribute Sync: VANILLA -> ACTIVE
[21:57:59] [pool-4-thread-1/DEBUG] [ne.mi.re.ForgeRegistry/REGISTRIES]: Registry minecraft:stat_type Sync: VANILLA -> ACTIVE
[21:57:59] [pool-4-thread-1/DEBUG] [ne.mi.re.ForgeRegistry/REGISTRIES]: Registry minecraft:command_argument_type Sync: VANILLA -> ACTIVE
[21:57:59] [pool-4-thread-1/DEBUG] [ne.mi.re.ForgeRegistry/REGISTRIES]: Registry minecraft:villager_profession Sync: VANILLA -> ACTIVE
[21:57:59] [pool-4-thread-1/DEBUG] [ne.mi.re.ForgeRegistry/REGISTRIES]: Registry minecraft:point_of_interest_type Sync: VANILLA -> ACTIVE
[21:57:59] [pool-4-thread-1/DEBUG] [ne.mi.re.ForgeRegistry/REGISTRIES]: Registry minecraft:memory_module_type Sync: VANILLA -> ACTIVE
[21:57:59] [pool-4-thread-1/DEBUG] [ne.mi.re.ForgeRegistry/REGISTRIES]: Registry minecraft:sensor_type Sync: VANILLA -> ACTIVE
[21:57:59] [pool-4-thread-1/DEBUG] [ne.mi.re.ForgeRegistry/REGISTRIES]: Registry minecraft:schedule Sync: VANILLA -> ACTIVE
[21:57:59] [pool-4-thread-1/DEBUG] [ne.mi.re.ForgeRegistry/REGISTRIES]: Registry minecraft:activity Sync: VANILLA -> ACTIVE
[21:57:59] [pool-4-thread-1/DEBUG] [ne.mi.re.ForgeRegistry/REGISTRIES]: Registry minecraft:worldgen/carver Sync: VANILLA -> ACTIVE
[21:57:59] [pool-4-thread-1/DEBUG] [ne.mi.re.ForgeRegistry/REGISTRIES]: Registry minecraft:worldgen/feature Sync: VANILLA -> ACTIVE
[21:57:59] [pool-4-thread-1/DEBUG] [ne.mi.re.ForgeRegistry/REGISTRIES]: Registry minecraft:chunk_status Sync: VANILLA -> ACTIVE
[21:57:59] [pool-4-thread-1/DEBUG] [ne.mi.re.ForgeRegistry/REGISTRIES]: Registry minecraft:worldgen/block_state_provider_type Sync: VANILLA -> ACTIVE
[21:57:59] [pool-4-thread-1/DEBUG] [ne.mi.re.ForgeRegistry/REGISTRIES]: Registry minecraft:worldgen/foliage_placer_type Sync: VANILLA -> ACTIVE
[21:57:59] [pool-4-thread-1/DEBUG] [ne.mi.re.ForgeRegistry/REGISTRIES]: Registry minecraft:worldgen/tree_decorator_type Sync: VANILLA -> ACTIVE
[21:57:59] [pool-4-thread-1/DEBUG] [ne.mi.re.ForgeRegistry/REGISTRIES]: Registry minecraft:worldgen/biome Sync: VANILLA -> ACTIVE
[21:57:59] [pool-4-thread-1/DEBUG] [ne.mi.re.GameData/REGISTRIES]: Vanilla freeze snapshot created
[21:57:59] [pool-4-thread-1/DEBUG] [io.ne.ut.in.PlatformDependent0/]: -Dio.netty.noUnsafe: false
[21:57:59] [pool-4-thread-1/DEBUG] [io.ne.ut.in.PlatformDependent0/]: Java version: 17
[21:57:59] [pool-4-thread-1/DEBUG] [io.ne.ut.in.PlatformDependent0/]: sun.misc.Unsafe.theUnsafe: available
[21:57:59] [pool-4-thread-1/DEBUG] [io.ne.ut.in.PlatformDependent0/]: sun.misc.Unsafe.copyMemory: available
[21:57:59] [pool-4-thread-1/DEBUG] [io.ne.ut.in.PlatformDependent0/]: sun.misc.Unsafe.storeFence: available
[21:57:59] [pool-4-thread-1/DEBUG] [io.ne.ut.in.PlatformDependent0/]: java.nio.Buffer.address: available
[21:57:59] [pool-4-thread-1/DEBUG] [io.ne.ut.in.PlatformDependent0/]: direct buffer constructor: unavailable
java.lang.UnsupportedOperationException: Reflective setAccessible(true) disabled
	at io.netty.util.internal.ReflectionUtil.trySetAccessible(ReflectionUtil.java:31) ~[netty-common-4.1.82.Final.jar%23158!/:4.1.82.Final] {}
	at io.netty.util.internal.PlatformDependent0$5.run(PlatformDependent0.java:288) ~[netty-common-4.1.82.Final.jar%23158!/:4.1.82.Final] {}
	at java.security.AccessController.doPrivileged(AccessController.java:318) ~[?:?] {}
	at io.netty.util.internal.PlatformDependent0.<clinit>(PlatformDependent0.java:282) ~[netty-common-4.1.82.Final.jar%23158!/:4.1.82.Final] {}
	at io.netty.util.internal.PlatformDependent.isAndroid(PlatformDependent.java:333) ~[netty-common-4.1.82.Final.jar%23158!/:4.1.82.Final] {}
	at io.netty.util.internal.PlatformDependent.<clinit>(PlatformDependent.java:88) ~[netty-common-4.1.82.Final.jar%23158!/:4.1.82.Final] {}
	at io.netty.util.ConstantPool.<init>(ConstantPool.java:34) ~[netty-common-4.1.82.Final.jar%23158!/:4.1.82.Final] {}
	at io.netty.util.AttributeKey$1.<init>(AttributeKey.java:27) ~[netty-common-4.1.82.Final.jar%23158!/:4.1.82.Final] {}
	at io.netty.util.AttributeKey.<clinit>(AttributeKey.java:27) ~[netty-common-4.1.82.Final.jar%23158!/:4.1.82.Final] {}
	at net.minecraftforge.network.NetworkConstants.<clinit>(NetworkConstants.java:34) ~[forge-1.20.1-47.4.10_mapped_official_1.20.1-recomp.jar%23197%23204!/:?] {re:classloading}
	at net.minecraftforge.network.NetworkHooks.init(NetworkHooks.java:52) ~[forge-1.20.1-47.4.10_mapped_official_1.20.1-recomp.jar%23197%23204!/:?] {re:classloading}
	at net.minecraft.server.Bootstrap.bootStrap(Bootstrap.java:62) ~[forge-1.20.1-47.4.10_mapped_official_1.20.1-recomp.jar%23198!/:?] {re:classloading}
	at net.minecraft.client.main.Main.lambda$main$0(Main.java:151) ~[forge-1.20.1-47.4.10_mapped_official_1.20.1-recomp.jar%23198!/:?] {re:classloading,pl:runtimedistcleaner:A}
	at java.util.concurrent.Executors$RunnableAdapter.call(Executors.java:539) ~[?:?] {}
	at java.util.concurrent.FutureTask.run(FutureTask.java:264) ~[?:?] {}
	at java.util.concurrent.ThreadPoolExecutor.runWorker(ThreadPoolExecutor.java:1136) ~[?:?] {}
	at java.util.concurrent.ThreadPoolExecutor$Worker.run(ThreadPoolExecutor.java:635) ~[?:?] {}
	at java.lang.Thread.run(Thread.java:840) ~[?:?] {}
[21:57:59] [pool-4-thread-1/DEBUG] [io.ne.ut.in.PlatformDependent0/]: java.nio.Bits.unaligned: available, true
[21:57:59] [pool-4-thread-1/DEBUG] [io.ne.ut.in.PlatformDependent0/]: jdk.internal.misc.Unsafe.allocateUninitializedArray(int): unavailable
java.lang.IllegalAccessException: class io.netty.util.internal.PlatformDependent0$7 (in module io.netty.common) cannot access class jdk.internal.misc.Unsafe (in module java.base) because module java.base does not export jdk.internal.misc to module io.netty.common
	at jdk.internal.reflect.Reflection.newIllegalAccessException(Reflection.java:392) ~[?:?] {}
	at java.lang.reflect.AccessibleObject.checkAccess(AccessibleObject.java:674) ~[?:?] {}
	at java.lang.reflect.Method.invoke(Method.java:561) ~[?:?] {}
	at io.netty.util.internal.PlatformDependent0$7.run(PlatformDependent0.java:410) ~[netty-common-4.1.82.Final.jar%23158!/:4.1.82.Final] {}
	at java.security.AccessController.doPrivileged(AccessController.java:318) ~[?:?] {}
	at io.netty.util.internal.PlatformDependent0.<clinit>(PlatformDependent0.java:401) ~[netty-common-4.1.82.Final.jar%23158!/:4.1.82.Final] {}
	at io.netty.util.internal.PlatformDependent.isAndroid(PlatformDependent.java:333) ~[netty-common-4.1.82.Final.jar%23158!/:4.1.82.Final] {}
	at io.netty.util.internal.PlatformDependent.<clinit>(PlatformDependent.java:88) ~[netty-common-4.1.82.Final.jar%23158!/:4.1.82.Final] {}
	at io.netty.util.ConstantPool.<init>(ConstantPool.java:34) ~[netty-common-4.1.82.Final.jar%23158!/:4.1.82.Final] {}
	at io.netty.util.AttributeKey$1.<init>(AttributeKey.java:27) ~[netty-common-4.1.82.Final.jar%23158!/:4.1.82.Final] {}
	at io.netty.util.AttributeKey.<clinit>(AttributeKey.java:27) ~[netty-common-4.1.82.Final.jar%23158!/:4.1.82.Final] {}
	at net.minecraftforge.network.NetworkConstants.<clinit>(NetworkConstants.java:34) ~[forge-1.20.1-47.4.10_mapped_official_1.20.1-recomp.jar%23197%23204!/:?] {re:classloading}
	at net.minecraftforge.network.NetworkHooks.init(NetworkHooks.java:52) ~[forge-1.20.1-47.4.10_mapped_official_1.20.1-recomp.jar%23197%23204!/:?] {re:classloading}
	at net.minecraft.server.Bootstrap.bootStrap(Bootstrap.java:62) ~[forge-1.20.1-47.4.10_mapped_official_1.20.1-recomp.jar%23198!/:?] {re:classloading}
	at net.minecraft.client.main.Main.lambda$main$0(Main.java:151) ~[forge-1.20.1-47.4.10_mapped_official_1.20.1-recomp.jar%23198!/:?] {re:classloading,pl:runtimedistcleaner:A}
	at java.util.concurrent.Executors$RunnableAdapter.call(Executors.java:539) ~[?:?] {}
	at java.util.concurrent.FutureTask.run(FutureTask.java:264) ~[?:?] {}
	at java.util.concurrent.ThreadPoolExecutor.runWorker(ThreadPoolExecutor.java:1136) ~[?:?] {}
	at java.util.concurrent.ThreadPoolExecutor$Worker.run(ThreadPoolExecutor.java:635) ~[?:?] {}
	at java.lang.Thread.run(Thread.java:840) ~[?:?] {}
[21:57:59] [pool-4-thread-1/DEBUG] [io.ne.ut.in.PlatformDependent0/]: java.nio.DirectByteBuffer.<init>(long, int): unavailable
[21:57:59] [pool-4-thread-1/DEBUG] [io.ne.ut.in.PlatformDependent/]: sun.misc.Unsafe: available
[21:57:59] [pool-4-thread-1/DEBUG] [io.ne.ut.in.PlatformDependent/]: maxDirectMemory: 4294967296 bytes (maybe)
[21:57:59] [pool-4-thread-1/DEBUG] [io.ne.ut.in.PlatformDependent/]: -Dio.netty.tmpdir: /var/folders/qz/r7vxj7w932z_27n73c9yyr8c0000gn/T (java.io.tmpdir)
[21:57:59] [pool-4-thread-1/DEBUG] [io.ne.ut.in.PlatformDependent/]: -Dio.netty.bitMode: 64 (sun.arch.data.model)
[21:57:59] [pool-4-thread-1/DEBUG] [io.ne.ut.in.PlatformDependent/]: Platform: MacOS
[21:57:59] [pool-4-thread-1/DEBUG] [io.ne.ut.in.PlatformDependent/]: -Dio.netty.maxDirectMemory: -1 bytes
[21:57:59] [pool-4-thread-1/DEBUG] [io.ne.ut.in.PlatformDependent/]: -Dio.netty.uninitializedArrayAllocationThreshold: -1
[21:57:59] [pool-4-thread-1/DEBUG] [io.ne.ut.in.CleanerJava9/]: java.nio.ByteBuffer.cleaner(): available
[21:57:59] [pool-4-thread-1/DEBUG] [io.ne.ut.in.PlatformDependent/]: -Dio.netty.noPreferDirect: false
[21:57:59] [pool-4-thread-1/DEBUG] [ne.mi.ne.NetworkHooks/]: Loading Network data for FML net version: FML3
[21:57:59] [Render thread/WARN] [minecraft/VanillaPackResourcesBuilder]: Assets URL 'union:/Users/aiw.robson/.gradle/caches/forge_gradle/minecraft_user_repo/net/minecraftforge/forge/1.20.1-47.4.10_mapped_official_1.20.1/forge-1.20.1-47.4.10_mapped_official_1.20.1-recomp.jar%23198!/assets/.mcassetsroot' uses unexpected schema
[21:57:59] [Render thread/WARN] [minecraft/VanillaPackResourcesBuilder]: Assets URL 'union:/Users/aiw.robson/.gradle/caches/forge_gradle/minecraft_user_repo/net/minecraftforge/forge/1.20.1-47.4.10_mapped_official_1.20.1/forge-1.20.1-47.4.10_mapped_official_1.20.1-recomp.jar%23198!/data/.mcassetsroot' uses unexpected schema
[21:57:59] [Render thread/INFO] [mojang/YggdrasilAuthenticationService]: Environment: authHost='https://authserver.mojang.com', accountsHost='https://api.mojang.com', sessionHost='https://sessionserver.mojang.com', servicesHost='https://api.minecraftservices.com', name='PROD'
[21:57:59] [Render thread/INFO] [minecraft/Minecraft]: Setting user: Dev
[21:57:59] [Render thread/INFO] [minecraft/Minecraft]: Backend library: LWJGL version 3.3.1 build 7
[21:58:00] [Render thread/DEBUG] [ne.mi.co.ForgeI18n/CORE]: Loading I18N data entries: 6434
[21:58:00] [Render thread/DEBUG] [ne.mi.fm.ModWorkManager/LOADING]: Using 10 threads for parallel mod-loading
[21:58:00] [Render thread/DEBUG] [ne.mi.fm.ja.FMLJavaModLanguageProvider/LOADING]: Loading FMLModContainer from classloader cpw.mods.modlauncher.TransformingClassLoader@6749fe50 - got cpw.mods.cl.ModuleClassLoader@3028e50e
[21:58:00] [Render thread/DEBUG] [ne.mi.fm.ja.FMLModContainer/LOADING]: Creating FMLModContainer instance for net.minecraftforge.common.ForgeMod
UNSUPPORTED (log once): POSSIBLE ISSUE: unit 0 GLD_TEXTURE_INDEX_2D is unloadable and bound to sampler type (Float) - using zero texture because texture unloadable
[21:58:00] [Render thread/DEBUG] [ne.mi.fm.ja.FMLJavaModLanguageProvider/LOADING]: Loading FMLModContainer from classloader cpw.mods.modlauncher.TransformingClassLoader@6749fe50 - got cpw.mods.cl.ModuleClassLoader@3028e50e
[21:58:00] [Render thread/DEBUG] [ne.mi.fm.ja.FMLModContainer/LOADING]: Creating FMLModContainer instance for mods.eln.Eln
[21:58:00] [modloading-worker-0/DEBUG] [ne.mi.ve.fo.ForgeVersion/CORE]: Forge Version package package net.minecraftforge.versions.forge, Forge, version 47.4 from cpw.mods.modlauncher.TransformingClassLoader@6749fe50
[21:58:00] [modloading-worker-0/DEBUG] [ne.mi.ve.fo.ForgeVersion/CORE]: Found Forge version 47.4.10
[21:58:00] [modloading-worker-0/DEBUG] [ne.mi.ve.fo.ForgeVersion/CORE]: Found Forge spec 47.4
[21:58:00] [modloading-worker-0/DEBUG] [ne.mi.ve.fo.ForgeVersion/CORE]: Found Forge group net.minecraftforge
[21:58:00] [modloading-worker-0/DEBUG] [ne.mi.ve.mc.MCPVersion/CORE]: MCP Version package package net.minecraftforge.versions.mcp, Minecraft, version 1.20.1 from cpw.mods.modlauncher.TransformingClassLoader@6749fe50
[21:58:00] [modloading-worker-0/DEBUG] [ne.mi.ve.mc.MCPVersion/CORE]: Found MC version information 1.20.1
[21:58:00] [modloading-worker-0/DEBUG] [ne.mi.ve.mc.MCPVersion/CORE]: Found MCP version information 20230612.114412
[21:58:00] [modloading-worker-0/INFO] [ne.mi.co.ForgeMod/FORGEMOD]: Forge mod loading, version 47.4.10, for MC 1.20.1 with MCP 20230612.114412
[21:58:00] [modloading-worker-0/INFO] [ne.mi.co.MinecraftForge/FORGE]: MinecraftForge v47.4.10 Initialized
[21:58:00] [modloading-worker-0/DEBUG] [ne.mi.fm.co.ConfigTracker/CONFIG]: Config file forge-client.toml for forge tracking
[21:58:00] [modloading-worker-0/DEBUG] [ne.mi.fm.co.ConfigTracker/CONFIG]: Config file forge-server.toml for forge tracking
[21:58:00] [modloading-worker-0/DEBUG] [ne.mi.fm.ModLoadingContext/]: Attempted to register an empty config for type COMMON on mod forge
[21:58:00] [modloading-worker-0/DEBUG] [ne.mi.fm.ja.AutomaticEventSubscriber/LOADING]: Attempting to inject @EventBusSubscriber classes into the eventbus for forge
[21:58:00] [modloading-worker-0/DEBUG] [ne.mi.fm.ja.AutomaticEventSubscriber/LOADING]: Attempting to inject @EventBusSubscriber classes into the eventbus for eln
[21:58:00] [modloading-worker-0/DEBUG] [ne.mi.fm.ja.AutomaticEventSubscriber/LOADING]: Auto-subscribing mods.eln.datagen.DataGenerators to MOD
[21:58:00] [modloading-worker-0/DEBUG] [ne.mi.fm.ja.AutomaticEventSubscriber/LOADING]: Auto-subscribing net.minecraftforge.common.ForgeSpawnEggItem$CommonHandler to MOD
[21:58:00] [modloading-worker-0/DEBUG] [ne.mi.fm.ja.AutomaticEventSubscriber/LOADING]: Auto-subscribing net.minecraftforge.common.ForgeSpawnEggItem$ColorRegisterHandler to MOD
[21:58:00] [modloading-worker-0/DEBUG] [ne.mi.fm.ja.AutomaticEventSubscriber/LOADING]: Auto-subscribing net.minecraftforge.client.model.data.ModelDataManager to FORGE
[21:58:00] [modloading-worker-0/DEBUG] [ne.mi.fm.ja.AutomaticEventSubscriber/LOADING]: Auto-subscribing net.minecraftforge.client.ForgeHooksClient$ClientEvents to MOD
[21:58:00] [modloading-worker-0/DEBUG] [ne.mi.fm.ja.AutomaticEventSubscriber/LOADING]: Auto-subscribing net.minecraftforge.client.ClientForgeMod to MOD
[21:58:00] [Render thread/DEBUG] [ne.mi.re.ObjectHolderRegistry/REGISTRIES]: Processing ObjectHolder annotations
[21:58:00] [Render thread/DEBUG] [ne.mi.re.ObjectHolderRegistry/REGISTRIES]: Found 3880 ObjectHolder annotations
[21:58:00] [Render thread/DEBUG] [ne.mi.co.ca.CapabilityManager/CAPABILITIES]: Attempting to automatically register: Lnet/minecraftforge/energy/IEnergyStorage;
[21:58:00] [Render thread/DEBUG] [ne.mi.co.ca.CapabilityManager/CAPABILITIES]: Attempting to automatically register: Lnet/minecraftforge/fluids/capability/IFluidHandler;
[21:58:00] [Render thread/DEBUG] [ne.mi.co.ca.CapabilityManager/CAPABILITIES]: Attempting to automatically register: Lnet/minecraftforge/fluids/capability/IFluidHandlerItem;
[21:58:00] [Render thread/DEBUG] [ne.mi.co.ca.CapabilityManager/CAPABILITIES]: Attempting to automatically register: Lnet/minecraftforge/items/IItemHandler;
[21:58:00] [Render thread/DEBUG] [ne.mi.re.GameData/REGISTRIES]: Unfreezing vanilla registries
[21:58:00] [Render thread/DEBUG] [ne.mi.re.GameData/REGISTRIES]: Applying holder lookups: minecraft:sound_event
[21:58:00] [Render thread/DEBUG] [ne.mi.re.GameData/REGISTRIES]: Holder lookups applied: minecraft:sound_event
[21:58:00] [Render thread/DEBUG] [ne.mi.re.GameData/REGISTRIES]: Applying holder lookups: minecraft:fluid
[21:58:00] [Render thread/DEBUG] [ne.mi.re.GameData/REGISTRIES]: Holder lookups applied: minecraft:fluid
[21:58:00] [Render thread/DEBUG] [ne.mi.re.GameData/REGISTRIES]: Applying holder lookups: minecraft:block
[21:58:00] [Render thread/DEBUG] [ne.mi.re.GameData/REGISTRIES]: Holder lookups applied: minecraft:block
[21:58:00] [Render thread/DEBUG] [ne.mi.re.GameData/REGISTRIES]: Applying holder lookups: minecraft:attribute
[21:58:00] [Render thread/DEBUG] [ne.mi.re.GameData/REGISTRIES]: Holder lookups applied: minecraft:attribute
[21:58:00] [Render thread/DEBUG] [ne.mi.re.GameData/REGISTRIES]: Applying holder lookups: minecraft:mob_effect
[21:58:00] [Render thread/DEBUG] [ne.mi.re.GameData/REGISTRIES]: Holder lookups applied: minecraft:mob_effect
[21:58:00] [Render thread/DEBUG] [ne.mi.re.GameData/REGISTRIES]: Applying holder lookups: minecraft:particle_type
[21:58:00] [Render thread/DEBUG] [ne.mi.re.GameData/REGISTRIES]: Holder lookups applied: minecraft:particle_type
[21:58:00] [Render thread/DEBUG] [ne.mi.re.GameData/REGISTRIES]: Applying holder lookups: minecraft:item
[21:58:00] [Render thread/DEBUG] [ne.mi.re.GameData/REGISTRIES]: Holder lookups applied: minecraft:item
[21:58:00] [Render thread/DEBUG] [ne.mi.re.GameData/REGISTRIES]: Applying holder lookups: minecraft:entity_type
[21:58:00] [Render thread/DEBUG] [ne.mi.re.GameData/REGISTRIES]: Holder lookups applied: minecraft:entity_type
[21:58:00] [Render thread/DEBUG] [ne.mi.re.GameData/REGISTRIES]: Applying holder lookups: minecraft:sensor_type
[21:58:00] [Render thread/DEBUG] [ne.mi.re.GameData/REGISTRIES]: Holder lookups applied: minecraft:sensor_type
[21:58:00] [Render thread/DEBUG] [ne.mi.re.GameData/REGISTRIES]: Applying holder lookups: minecraft:memory_module_type
[21:58:00] [Render thread/DEBUG] [ne.mi.re.GameData/REGISTRIES]: Holder lookups applied: minecraft:memory_module_type
[21:58:00] [Render thread/DEBUG] [ne.mi.re.GameData/REGISTRIES]: Applying holder lookups: minecraft:potion
[21:58:00] [Render thread/DEBUG] [ne.mi.re.GameData/REGISTRIES]: Holder lookups applied: minecraft:potion
[21:58:00] [Render thread/DEBUG] [ne.mi.re.GameData/REGISTRIES]: Applying holder lookups: minecraft:game_event
[21:58:00] [Render thread/DEBUG] [ne.mi.re.GameData/REGISTRIES]: Holder lookups applied: minecraft:game_event
[21:58:00] [Render thread/DEBUG] [ne.mi.re.GameData/REGISTRIES]: Applying holder lookups: minecraft:enchantment
[21:58:00] [Render thread/DEBUG] [ne.mi.re.GameData/REGISTRIES]: Holder lookups applied: minecraft:enchantment
[21:58:00] [Render thread/DEBUG] [ne.mi.re.GameData/REGISTRIES]: Applying holder lookups: minecraft:block_entity_type
[21:58:00] [Render thread/DEBUG] [ne.mi.re.GameData/REGISTRIES]: Holder lookups applied: minecraft:block_entity_type
[21:58:00] [Render thread/DEBUG] [ne.mi.re.GameData/REGISTRIES]: Applying holder lookups: minecraft:painting_variant
[21:58:00] [Render thread/DEBUG] [ne.mi.re.GameData/REGISTRIES]: Holder lookups applied: minecraft:painting_variant
[21:58:00] [Render thread/DEBUG] [ne.mi.re.GameData/REGISTRIES]: Applying holder lookups: minecraft:stat_type
[21:58:00] [Render thread/DEBUG] [ne.mi.re.GameData/REGISTRIES]: Holder lookups applied: minecraft:stat_type
[21:58:00] [Render thread/DEBUG] [ne.mi.re.GameData/REGISTRIES]: Applying holder lookups: minecraft:custom_stat
[21:58:00] [Render thread/DEBUG] [ne.mi.re.GameData/REGISTRIES]: Holder lookups applied: minecraft:custom_stat
[21:58:00] [Render thread/DEBUG] [ne.mi.re.GameData/REGISTRIES]: Applying holder lookups: minecraft:chunk_status
[21:58:00] [Render thread/DEBUG] [ne.mi.re.GameData/REGISTRIES]: Holder lookups applied: minecraft:chunk_status
[21:58:00] [Render thread/DEBUG] [ne.mi.re.GameData/REGISTRIES]: Applying holder lookups: minecraft:rule_test
[21:58:00] [Render thread/DEBUG] [ne.mi.re.GameData/REGISTRIES]: Holder lookups applied: minecraft:rule_test
[21:58:00] [Render thread/DEBUG] [ne.mi.re.GameData/REGISTRIES]: Applying holder lookups: minecraft:rule_block_entity_modifier
[21:58:00] [Render thread/DEBUG] [ne.mi.re.GameData/REGISTRIES]: Holder lookups applied: minecraft:rule_block_entity_modifier
[21:58:00] [Render thread/DEBUG] [ne.mi.re.GameData/REGISTRIES]: Applying holder lookups: minecraft:pos_rule_test
[21:58:00] [Render thread/DEBUG] [ne.mi.re.GameData/REGISTRIES]: Holder lookups applied: minecraft:pos_rule_test
[21:58:00] [Render thread/DEBUG] [ne.mi.re.GameData/REGISTRIES]: Applying holder lookups: minecraft:menu
[21:58:00] [Render thread/DEBUG] [ne.mi.re.GameData/REGISTRIES]: Holder lookups applied: minecraft:menu
[21:58:00] [Render thread/DEBUG] [ne.mi.re.GameData/REGISTRIES]: Applying holder lookups: minecraft:recipe_type
[21:58:00] [Render thread/DEBUG] [ne.mi.re.GameData/REGISTRIES]: Holder lookups applied: minecraft:recipe_type
[21:58:00] [Render thread/DEBUG] [ne.mi.re.GameData/REGISTRIES]: Applying holder lookups: minecraft:recipe_serializer
[21:58:00] [Render thread/DEBUG] [ne.mi.re.GameData/REGISTRIES]: Holder lookups applied: minecraft:recipe_serializer
[21:58:00] [Render thread/DEBUG] [ne.mi.re.GameData/REGISTRIES]: Applying holder lookups: minecraft:position_source_type
[21:58:00] [Render thread/DEBUG] [ne.mi.re.GameData/REGISTRIES]: Holder lookups applied: minecraft:position_source_type
[21:58:00] [Render thread/DEBUG] [ne.mi.re.GameData/REGISTRIES]: Applying holder lookups: minecraft:command_argument_type
[21:58:00] [Render thread/DEBUG] [ne.mi.re.GameData/REGISTRIES]: Holder lookups applied: minecraft:command_argument_type
[21:58:00] [Render thread/DEBUG] [ne.mi.re.GameData/REGISTRIES]: Applying holder lookups: minecraft:villager_type
[21:58:00] [Render thread/DEBUG] [ne.mi.re.GameData/REGISTRIES]: Holder lookups applied: minecraft:villager_type
[21:58:00] [Render thread/DEBUG] [ne.mi.re.GameData/REGISTRIES]: Applying holder lookups: minecraft:villager_profession
[21:58:00] [Render thread/DEBUG] [ne.mi.re.GameData/REGISTRIES]: Holder lookups applied: minecraft:villager_profession
[21:58:00] [Render thread/DEBUG] [ne.mi.re.GameData/REGISTRIES]: Applying holder lookups: minecraft:point_of_interest_type
[21:58:00] [Render thread/DEBUG] [ne.mi.re.GameData/REGISTRIES]: Holder lookups applied: minecraft:point_of_interest_type
[21:58:00] [Render thread/DEBUG] [ne.mi.re.GameData/REGISTRIES]: Applying holder lookups: minecraft:schedule
[21:58:00] [Render thread/DEBUG] [ne.mi.re.GameData/REGISTRIES]: Holder lookups applied: minecraft:schedule
[21:58:00] [Render thread/DEBUG] [ne.mi.re.GameData/REGISTRIES]: Applying holder lookups: minecraft:activity
[21:58:00] [Render thread/DEBUG] [ne.mi.re.GameData/REGISTRIES]: Holder lookups applied: minecraft:activity
[21:58:00] [Render thread/DEBUG] [ne.mi.re.GameData/REGISTRIES]: Applying holder lookups: minecraft:loot_pool_entry_type
[21:58:00] [Render thread/DEBUG] [ne.mi.re.GameData/REGISTRIES]: Holder lookups applied: minecraft:loot_pool_entry_type
[21:58:00] [Render thread/DEBUG] [ne.mi.re.GameData/REGISTRIES]: Applying holder lookups: minecraft:loot_function_type
[21:58:00] [Render thread/DEBUG] [ne.mi.re.GameData/REGISTRIES]: Holder lookups applied: minecraft:loot_function_type
[21:58:00] [Render thread/DEBUG] [ne.mi.re.GameData/REGISTRIES]: Applying holder lookups: minecraft:loot_condition_type
[21:58:00] [Render thread/DEBUG] [ne.mi.re.GameData/REGISTRIES]: Holder lookups applied: minecraft:loot_condition_type
[21:58:00] [Render thread/DEBUG] [ne.mi.re.GameData/REGISTRIES]: Applying holder lookups: minecraft:loot_number_provider_type
[21:58:00] [Render thread/DEBUG] [ne.mi.re.GameData/REGISTRIES]: Holder lookups applied: minecraft:loot_number_provider_type
[21:58:00] [Render thread/DEBUG] [ne.mi.re.GameData/REGISTRIES]: Applying holder lookups: minecraft:loot_nbt_provider_type
[21:58:00] [Render thread/DEBUG] [ne.mi.re.GameData/REGISTRIES]: Holder lookups applied: minecraft:loot_nbt_provider_type
[21:58:00] [Render thread/DEBUG] [ne.mi.re.GameData/REGISTRIES]: Applying holder lookups: minecraft:loot_score_provider_type
[21:58:00] [Render thread/DEBUG] [ne.mi.re.GameData/REGISTRIES]: Holder lookups applied: minecraft:loot_score_provider_type
[21:58:00] [Render thread/DEBUG] [ne.mi.re.GameData/REGISTRIES]: Applying holder lookups: minecraft:float_provider_type
[21:58:00] [Render thread/DEBUG] [ne.mi.re.GameData/REGISTRIES]: Holder lookups applied: minecraft:float_provider_type
[21:58:00] [Render thread/DEBUG] [ne.mi.re.GameData/REGISTRIES]: Applying holder lookups: minecraft:int_provider_type
[21:58:00] [Render thread/DEBUG] [ne.mi.re.GameData/REGISTRIES]: Holder lookups applied: minecraft:int_provider_type
[21:58:00] [Render thread/DEBUG] [ne.mi.re.GameData/REGISTRIES]: Applying holder lookups: minecraft:height_provider_type
[21:58:00] [Render thread/DEBUG] [ne.mi.re.GameData/REGISTRIES]: Holder lookups applied: minecraft:height_provider_type
[21:58:00] [Render thread/DEBUG] [ne.mi.re.GameData/REGISTRIES]: Applying holder lookups: minecraft:block_predicate_type
[21:58:00] [Render thread/DEBUG] [ne.mi.re.GameData/REGISTRIES]: Holder lookups applied: minecraft:block_predicate_type
[21:58:00] [Render thread/DEBUG] [ne.mi.re.GameData/REGISTRIES]: Applying holder lookups: minecraft:worldgen/carver
[21:58:00] [Render thread/DEBUG] [ne.mi.re.GameData/REGISTRIES]: Holder lookups applied: minecraft:worldgen/carver
[21:58:00] [Render thread/DEBUG] [ne.mi.re.GameData/REGISTRIES]: Applying holder lookups: minecraft:worldgen/feature
[21:58:00] [Render thread/DEBUG] [ne.mi.re.GameData/REGISTRIES]: Holder lookups applied: minecraft:worldgen/feature
[21:58:00] [Render thread/DEBUG] [ne.mi.re.GameData/REGISTRIES]: Applying holder lookups: minecraft:worldgen/structure_processor
[21:58:00] [Render thread/DEBUG] [ne.mi.re.GameData/REGISTRIES]: Holder lookups applied: minecraft:worldgen/structure_processor
[21:58:00] [Render thread/DEBUG] [ne.mi.re.GameData/REGISTRIES]: Applying holder lookups: minecraft:worldgen/structure_placement
[21:58:00] [Render thread/DEBUG] [ne.mi.re.GameData/REGISTRIES]: Holder lookups applied: minecraft:worldgen/structure_placement
[21:58:00] [Render thread/DEBUG] [ne.mi.re.GameData/REGISTRIES]: Applying holder lookups: minecraft:worldgen/structure_piece
[21:58:00] [Render thread/DEBUG] [ne.mi.re.GameData/REGISTRIES]: Holder lookups applied: minecraft:worldgen/structure_piece
[21:58:00] [Render thread/DEBUG] [ne.mi.re.GameData/REGISTRIES]: Applying holder lookups: minecraft:worldgen/structure_type
[21:58:00] [Render thread/DEBUG] [ne.mi.re.GameData/REGISTRIES]: Holder lookups applied: minecraft:worldgen/structure_type
[21:58:00] [Render thread/DEBUG] [ne.mi.re.GameData/REGISTRIES]: Applying holder lookups: minecraft:worldgen/placement_modifier_type
[21:58:00] [Render thread/DEBUG] [ne.mi.re.GameData/REGISTRIES]: Holder lookups applied: minecraft:worldgen/placement_modifier_type
[21:58:00] [Render thread/DEBUG] [ne.mi.re.GameData/REGISTRIES]: Applying holder lookups: minecraft:worldgen/block_state_provider_type
[21:58:00] [Render thread/DEBUG] [ne.mi.re.GameData/REGISTRIES]: Holder lookups applied: minecraft:worldgen/block_state_provider_type
[21:58:00] [Render thread/DEBUG] [ne.mi.re.GameData/REGISTRIES]: Applying holder lookups: minecraft:worldgen/foliage_placer_type
[21:58:00] [Render thread/DEBUG] [ne.mi.re.GameData/REGISTRIES]: Holder lookups applied: minecraft:worldgen/foliage_placer_type
[21:58:00] [Render thread/DEBUG] [ne.mi.re.GameData/REGISTRIES]: Applying holder lookups: minecraft:worldgen/trunk_placer_type
[21:58:00] [Render thread/DEBUG] [ne.mi.re.GameData/REGISTRIES]: Holder lookups applied: minecraft:worldgen/trunk_placer_type
[21:58:00] [Render thread/DEBUG] [ne.mi.re.GameData/REGISTRIES]: Applying holder lookups: minecraft:worldgen/root_placer_type
[21:58:00] [Render thread/DEBUG] [ne.mi.re.GameData/REGISTRIES]: Holder lookups applied: minecraft:worldgen/root_placer_type
[21:58:00] [Render thread/DEBUG] [ne.mi.re.GameData/REGISTRIES]: Applying holder lookups: minecraft:worldgen/tree_decorator_type
[21:58:00] [Render thread/DEBUG] [ne.mi.re.GameData/REGISTRIES]: Holder lookups applied: minecraft:worldgen/tree_decorator_type
[21:58:00] [Render thread/DEBUG] [ne.mi.re.GameData/REGISTRIES]: Applying holder lookups: minecraft:worldgen/feature_size_type
[21:58:00] [Render thread/DEBUG] [ne.mi.re.GameData/REGISTRIES]: Holder lookups applied: minecraft:worldgen/feature_size_type
[21:58:00] [Render thread/DEBUG] [ne.mi.re.GameData/REGISTRIES]: Applying holder lookups: minecraft:worldgen/biome_source
[21:58:00] [Render thread/DEBUG] [ne.mi.re.GameData/REGISTRIES]: Holder lookups applied: minecraft:worldgen/biome_source
[21:58:00] [Render thread/DEBUG] [ne.mi.re.GameData/REGISTRIES]: Applying holder lookups: minecraft:worldgen/chunk_generator
[21:58:00] [Render thread/DEBUG] [ne.mi.re.GameData/REGISTRIES]: Holder lookups applied: minecraft:worldgen/chunk_generator
[21:58:00] [Render thread/DEBUG] [ne.mi.re.GameData/REGISTRIES]: Applying holder lookups: minecraft:worldgen/material_condition
[21:58:00] [Render thread/DEBUG] [ne.mi.re.GameData/REGISTRIES]: Holder lookups applied: minecraft:worldgen/material_condition
[21:58:00] [Render thread/DEBUG] [ne.mi.re.GameData/REGISTRIES]: Applying holder lookups: minecraft:worldgen/material_rule
[21:58:00] [Render thread/DEBUG] [ne.mi.re.GameData/REGISTRIES]: Holder lookups applied: minecraft:worldgen/material_rule
[21:58:00] [Render thread/DEBUG] [ne.mi.re.GameData/REGISTRIES]: Applying holder lookups: minecraft:worldgen/density_function_type
[21:58:00] [Render thread/DEBUG] [ne.mi.re.GameData/REGISTRIES]: Holder lookups applied: minecraft:worldgen/density_function_type
[21:58:00] [Render thread/DEBUG] [ne.mi.re.GameData/REGISTRIES]: Applying holder lookups: minecraft:worldgen/structure_pool_element
[21:58:00] [Render thread/DEBUG] [ne.mi.re.GameData/REGISTRIES]: Holder lookups applied: minecraft:worldgen/structure_pool_element
[21:58:00] [Render thread/DEBUG] [ne.mi.re.GameData/REGISTRIES]: Applying holder lookups: minecraft:cat_variant
[21:58:00] [Render thread/DEBUG] [ne.mi.re.GameData/REGISTRIES]: Holder lookups applied: minecraft:cat_variant
[21:58:00] [Render thread/DEBUG] [ne.mi.re.GameData/REGISTRIES]: Applying holder lookups: minecraft:frog_variant
[21:58:00] [Render thread/DEBUG] [ne.mi.re.GameData/REGISTRIES]: Holder lookups applied: minecraft:frog_variant
[21:58:00] [Render thread/DEBUG] [ne.mi.re.GameData/REGISTRIES]: Applying holder lookups: minecraft:banner_pattern
[21:58:00] [Render thread/DEBUG] [ne.mi.re.GameData/REGISTRIES]: Holder lookups applied: minecraft:banner_pattern
[21:58:00] [Render thread/DEBUG] [ne.mi.re.GameData/REGISTRIES]: Applying holder lookups: minecraft:instrument
[21:58:00] [Render thread/DEBUG] [ne.mi.re.GameData/REGISTRIES]: Holder lookups applied: minecraft:instrument
[21:58:00] [Render thread/DEBUG] [ne.mi.re.GameData/REGISTRIES]: Applying holder lookups: minecraft:decorated_pot_patterns
[21:58:00] [Render thread/DEBUG] [ne.mi.re.GameData/REGISTRIES]: Holder lookups applied: minecraft:decorated_pot_patterns
[21:58:00] [Render thread/DEBUG] [ne.mi.re.GameData/REGISTRIES]: Applying holder lookups: minecraft:creative_mode_tab
[21:58:00] [Render thread/DEBUG] [ne.mi.re.GameData/REGISTRIES]: Holder lookups applied: minecraft:creative_mode_tab
[21:58:00] [Render thread/DEBUG] [ne.mi.re.GameData/REGISTRIES]: Applying holder lookups: forge:biome_modifier_serializers
[21:58:00] [Render thread/DEBUG] [ne.mi.re.GameData/REGISTRIES]: Holder lookups applied: forge:biome_modifier_serializers
[21:58:00] [Render thread/DEBUG] [ne.mi.re.GameData/REGISTRIES]: Applying holder lookups: forge:display_contexts
[21:58:00] [Render thread/DEBUG] [ne.mi.re.GameData/REGISTRIES]: Holder lookups applied: forge:display_contexts
[21:58:00] [Render thread/DEBUG] [ne.mi.re.GameData/REGISTRIES]: Applying holder lookups: forge:entity_data_serializers
[21:58:00] [Render thread/DEBUG] [ne.mi.re.GameData/REGISTRIES]: Holder lookups applied: forge:entity_data_serializers
[21:58:00] [Render thread/DEBUG] [ne.mi.re.GameData/REGISTRIES]: Applying holder lookups: forge:fluid_type
[21:58:00] [Render thread/DEBUG] [ne.mi.re.GameData/REGISTRIES]: Holder lookups applied: forge:fluid_type
[21:58:00] [Render thread/DEBUG] [ne.mi.re.GameData/REGISTRIES]: Applying holder lookups: forge:global_loot_modifier_serializers
[21:58:00] [Render thread/DEBUG] [ne.mi.re.GameData/REGISTRIES]: Holder lookups applied: forge:global_loot_modifier_serializers
[21:58:00] [Render thread/DEBUG] [ne.mi.re.GameData/REGISTRIES]: Applying holder lookups: forge:holder_set_type
[21:58:00] [Render thread/DEBUG] [ne.mi.re.GameData/REGISTRIES]: Holder lookups applied: forge:holder_set_type
[21:58:00] [Render thread/DEBUG] [ne.mi.re.GameData/REGISTRIES]: Applying holder lookups: forge:structure_modifier_serializers
[21:58:00] [Render thread/DEBUG] [ne.mi.re.GameData/REGISTRIES]: Holder lookups applied: forge:structure_modifier_serializers
[21:58:00] [Render thread/DEBUG] [ne.mi.re.GameData/REGISTRIES]: Applying holder lookups: minecraft:worldgen/biome
[21:58:00] [Render thread/DEBUG] [ne.mi.re.GameData/REGISTRIES]: Holder lookups applied: minecraft:worldgen/biome
[21:58:00] [Render thread/DEBUG] [ne.mi.cl.lo.ClientModLoader/CORE]: Generating PackInfo named mod:forge for mod file /
[21:58:00] [Render thread/DEBUG] [ne.mi.cl.lo.ClientModLoader/CORE]: Generating PackInfo named mod:eln for mod file /Users/aiw.robson/Documents/Projects/ElectricalAge2/build/resources/main
[21:58:00] [Render thread/INFO] [ne.mi.ga.ForgeGameTestHooks/]: Enabled Gametest Namespaces: [eln]
[21:58:01] [Render thread/INFO] [minecraft/ReloadableResourceManager]: Reloading ResourceManager: vanilla, mod_resources
[21:58:01] [modloading-worker-0/DEBUG] [ne.mi.fm.co.ConfigTracker/CONFIG]: Loading configs type CLIENT
[21:58:01] [modloading-worker-0/DEBUG] [ne.mi.fm.co.ConfigFileTypeHandler/CONFIG]: Built TOML config for /Users/aiw.robson/Documents/Projects/ElectricalAge2/run/config/forge-client.toml
[21:58:01] [modloading-worker-0/DEBUG] [ne.mi.fm.co.ConfigFileTypeHandler/CONFIG]: Loaded TOML config file /Users/aiw.robson/Documents/Projects/ElectricalAge2/run/config/forge-client.toml
[21:58:01] [modloading-worker-0/DEBUG] [ne.mi.fm.co.ConfigFileTypeHandler/CONFIG]: Watching TOML config file /Users/aiw.robson/Documents/Projects/ElectricalAge2/run/config/forge-client.toml for changes
[21:58:01] [modloading-worker-0/DEBUG] [ne.mi.co.ForgeConfig/FORGEMOD]: Loaded forge config file forge-client.toml
[21:58:01] [modloading-worker-0/DEBUG] [ne.mi.fm.co.ConfigTracker/CONFIG]: Loading configs type COMMON
[21:58:01] [Worker-Main-10/INFO] [mo.el.Eln/]: Electrical Age Common Setup
[21:58:01] [Worker-Main-8/ERROR] [minecraft/Util]: Invalid path in pack: eln:sounds/Transformer.ogg, ignoring
[21:58:01] [Worker-Main-8/ERROR] [minecraft/Util]: Invalid path in pack: eln:sounds/Motor.ogg, ignoring
[21:58:01] [Worker-Main-8/ERROR] [minecraft/Util]: Invalid path in pack: eln:sounds/TEMP/alarma.wav, ignoring
[21:58:01] [Worker-Main-8/ERROR] [minecraft/Util]: Invalid path in pack: eln:sounds/TEMP/smallalarm_critical.wav, ignoring
[21:58:01] [Worker-Main-8/ERROR] [minecraft/Util]: Invalid path in pack: eln:sounds/TurretDeactivated.ogg, ignoring
[21:58:01] [Worker-Main-8/ERROR] [minecraft/Util]: Invalid path in pack: eln:sounds/WINDTURBINE_BIG_FF.ogg, ignoring
[21:58:01] [Worker-Main-8/ERROR] [minecraft/Util]: Invalid path in pack: eln:sounds/WINDTURBINE_BIG_SF.ogg, ignoring
[21:58:01] [Worker-Main-8/ERROR] [minecraft/Util]: Invalid path in pack: eln:sounds/Arcfurnace_start.ogg, ignoring
[21:58:01] [Worker-Main-8/ERROR] [minecraft/Util]: Invalid path in pack: eln:sounds/TurretFire.ogg, ignoring
[21:58:01] [Worker-Main-8/ERROR] [minecraft/Util]: Invalid path in pack: eln:sounds/Arcfurnace_end.ogg, ignoring
[21:58:01] [Worker-Main-8/ERROR] [minecraft/Util]: Invalid path in pack: eln:sounds/TurretKill.ogg, ignoring
[21:58:01] [Worker-Main-8/ERROR] [minecraft/Util]: Invalid path in pack: eln:sounds/LaserGun.ogg, ignoring
[21:58:01] [Worker-Main-8/ERROR] [minecraft/Util]: Invalid path in pack: eln:sounds/TurretActivated.ogg, ignoring
[21:58:01] [Worker-Main-8/ERROR] [minecraft/Util]: Invalid path in pack: eln:sounds/FireAlarm.ogg, ignoring
[21:58:01] [Worker-Main-8/ERROR] [minecraft/Util]: Invalid path in pack: eln:sounds/NEON_LFNOISE.ogg, ignoring
[21:58:01] [Worker-Main-8/ERROR] [minecraft/Util]: Invalid path in pack: eln:sounds/Arcfurnace_loop.ogg, ignoring
[21:58:01] [Worker-Main-8/ERROR] [minecraft/Util]: Invalid path in pack: eln:sounds/RadialEngine.ogg, ignoring
[21:58:01] [Worker-Main-8/ERROR] [minecraft/Util]: Invalid path in pack: eln:sounds/FuelGenerator.ogg, ignoring
[21:58:01] [Worker-Main-6/INFO] [minecraft/UnihexProvider]: Found unifont_all_no_pua-15.0.06.hex, loading
[21:58:01] [Forge Version Check/INFO] [ne.mi.fm.VersionChecker/]: [forge] Starting version check at https://files.minecraftforge.net/net/minecraftforge/forge/promotions_slim.json
[21:58:01] [Worker-Main-8/WARN] [minecraft/SoundManager]: Invalid sounds.json in resourcepack: 'main'
net.minecraft.ResourceLocationException: Non [a-z0-9/._-] character in path of location: minecraft:Arcfurnace_loop
	at net.minecraft.resources.ResourceLocation.assertValidPath(ResourceLocation.java:242) ~[forge-1.20.1-47.4.10_mapped_official_1.20.1-recomp.jar%23198!/:?] {re:classloading,pl:accesstransformer:B}
	at net.minecraft.resources.ResourceLocation.<init>(ResourceLocation.java:40) ~[forge-1.20.1-47.4.10_mapped_official_1.20.1-recomp.jar%23198!/:?] {re:classloading,pl:accesstransformer:B}
	at net.minecraft.resources.ResourceLocation.<init>(ResourceLocation.java:44) ~[forge-1.20.1-47.4.10_mapped_official_1.20.1-recomp.jar%23198!/:?] {re:classloading,pl:accesstransformer:B}
	at net.minecraft.resources.ResourceLocation.<init>(ResourceLocation.java:50) ~[forge-1.20.1-47.4.10_mapped_official_1.20.1-recomp.jar%23198!/:?] {re:classloading,pl:accesstransformer:B}
	at net.minecraft.client.resources.sounds.Sound.<init>(Sound.java:26) ~[forge-1.20.1-47.4.10_mapped_official_1.20.1-recomp.jar%23198!/:?] {re:classloading,pl:runtimedistcleaner:A}
	at net.minecraft.client.resources.sounds.SoundEventRegistrationSerializer.getSound(SoundEventRegistrationSerializer.java:62) ~[forge-1.20.1-47.4.10_mapped_official_1.20.1-recomp.jar%23198!/:?] {re:classloading,pl:runtimedistcleaner:A}
	at net.minecraft.client.resources.sounds.SoundEventRegistrationSerializer.getSounds(SoundEventRegistrationSerializer.java:42) ~[forge-1.20.1-47.4.10_mapped_official_1.20.1-recomp.jar%23198!/:?] {re:classloading,pl:runtimedistcleaner:A}
	at net.minecraft.client.resources.sounds.SoundEventRegistrationSerializer.deserialize(SoundEventRegistrationSerializer.java:27) ~[forge-1.20.1-47.4.10_mapped_official_1.20.1-recomp.jar%23198!/:?] {re:classloading,pl:runtimedistcleaner:A}
	at net.minecraft.client.resources.sounds.SoundEventRegistrationSerializer.deserialize(SoundEventRegistrationSerializer.java:19) ~[forge-1.20.1-47.4.10_mapped_official_1.20.1-recomp.jar%23198!/:?] {re:classloading,pl:runtimedistcleaner:A}
	at com.google.gson.internal.bind.TreeTypeAdapter.read(TreeTypeAdapter.java:76) ~[gson-2.10.jar%23137!/:?] {}
	at com.google.gson.internal.bind.TypeAdapterRuntimeTypeWrapper.read(TypeAdapterRuntimeTypeWrapper.java:40) ~[gson-2.10.jar%23137!/:?] {}
	at com.google.gson.internal.bind.MapTypeAdapterFactory$Adapter.read(MapTypeAdapterFactory.java:186) ~[gson-2.10.jar%23137!/:?] {}
	at com.google.gson.internal.bind.MapTypeAdapterFactory$Adapter.read(MapTypeAdapterFactory.java:144) ~[gson-2.10.jar%23137!/:?] {}
	at net.minecraft.util.GsonHelper.fromNullableJson(GsonHelper.java:454) ~[forge-1.20.1-47.4.10_mapped_official_1.20.1-recomp.jar%23198!/:?] {re:classloading}
	at net.minecraft.util.GsonHelper.fromJson(GsonHelper.java:461) ~[forge-1.20.1-47.4.10_mapped_official_1.20.1-recomp.jar%23198!/:?] {re:classloading}
	at net.minecraft.util.GsonHelper.fromJson(GsonHelper.java:484) ~[forge-1.20.1-47.4.10_mapped_official_1.20.1-recomp.jar%23198!/:?] {re:classloading}
	at net.minecraft.client.sounds.SoundManager.prepare(SoundManager.java:76) ~[forge-1.20.1-47.4.10_mapped_official_1.20.1-recomp.jar%23198!/:?] {re:classloading,pl:runtimedistcleaner:A}
	at net.minecraft.client.sounds.SoundManager.prepare(SoundManager.java:41) ~[forge-1.20.1-47.4.10_mapped_official_1.20.1-recomp.jar%23198!/:?] {re:classloading,pl:runtimedistcleaner:A}
	at net.minecraft.server.packs.resources.SimplePreparableReloadListener.lambda$reload$0(SimplePreparableReloadListener.java:10) ~[forge-1.20.1-47.4.10_mapped_official_1.20.1-recomp.jar%23198!/:?] {re:classloading}
	at java.util.concurrent.CompletableFuture$AsyncSupply.run(CompletableFuture.java:1768) ~[?:?] {}
	at java.util.concurrent.CompletableFuture$AsyncSupply.exec(CompletableFuture.java:1760) ~[?:?] {}
	at java.util.concurrent.ForkJoinTask.doExec(ForkJoinTask.java:373) ~[?:?] {}
	at java.util.concurrent.ForkJoinPool$WorkQueue.topLevelExec(ForkJoinPool.java:1182) ~[?:?] {}
	at java.util.concurrent.ForkJoinPool.scan(ForkJoinPool.java:1655) ~[?:?] {}
	at java.util.concurrent.ForkJoinPool.runWorker(ForkJoinPool.java:1622) ~[?:?] {}
	at java.util.concurrent.ForkJoinWorkerThread.run(ForkJoinWorkerThread.java:165) ~[?:?] {}
[21:58:01] [Worker-Main-8/INFO] [mo.el.Eln/]: Electrical Age Client Setup
[21:58:01] [Forge Version Check/DEBUG] [ne.mi.fm.VersionChecker/]: [forge] Received version check data:
{
  "homepage": "https://files.minecraftforge.net/net/minecraftforge/forge/",
  "promos": {
    "1.1-latest": "1.3.4.29",
    "1.2.3-latest": "1.4.1.64",
    "1.2.4-latest": "2.0.0.68",
    "1.2.5-latest": "3.4.9.171",
    "1.3.2-latest": "4.3.5.318",
    "1.4.0-latest": "5.0.0.326",
    "1.4.1-latest": "6.0.0.329",
    "1.4.2-latest": "6.0.1.355",
    "1.4.3-latest": "6.2.1.358",
    "1.4.4-latest": "6.3.0.378",
    "1.4.5-latest": "6.4.2.448",
    "1.4.6-latest": "6.5.0.489",
    "1.4.7-latest": "6.6.2.534",
    "1.5-latest": "7.7.0.598",
    "1.5.1-latest": "7.7.2.682",
    "1.5.2-latest": "7.8.1.738",
    "1.5.2-recommended": "7.8.1.738",
    "1.6.1-latest": "8.9.0.775",
    "1.6.2-latest": "9.10.1.871",
    "1.6.2-recommended": "9.10.1.871",
    "1.6.3-latest": "9.11.0.878",
    "1.6.4-latest": "9.11.1.1345",
    "1.6.4-recommended": "9.11.1.1345",
    "1.7.2-latest": "10.12.2.1161",
    "1.7.2-recommended": "10.12.2.1161",
    "1.7.10_pre4-latest": "10.12.2.1149",
    "1.7.10-latest": "10.13.4.1614",
    "1.7.10-recommended": "10.13.4.1614",
    "1.8-latest": "11.14.4.1577",
    "1.8-recommended": "11.14.4.1563",
    "1.8.8-latest": "11.15.0.1655",
    "1.8.9-latest": "11.15.1.2318",
    "1.8.9-recommended": "11.15.1.2318",
    "1.9-latest": "12.16.1.1938",
    "1.9-recommended": "12.16.1.1887",
    "1.9.4-latest": "12.17.0.2317",
    "1.9.4-recommended": "12.17.0.2317",
    "1.10-latest": "12.18.0.2000",
    "1.10.2-latest": "12.18.3.2511",
    "1.10.2-recommended": "12.18.3.2511",
    "1.11-latest": "13.19.1.2199",
    "1.11-recommended": "13.19.1.2189",
    "1.11.2-latest": "13.20.1.2588",
    "1.11.2-recommended": "13.20.1.2588",
    "1.12-latest": "14.21.1.2443",
    "1.12-recommended": "14.21.1.2387",
    "1.12.1-latest": "14.22.1.2485",
    "1.12.1-recommended": "14.22.1.2478",
    "1.12.2-latest": "14.23.5.2860",
    "1.12.2-recommended": "14.23.5.2859",
    "1.13.2-latest": "25.0.223",
    "1.14.2-latest": "26.0.63",
    "1.14.3-latest": "27.0.60",
    "1.14.4-latest": "28.2.26",
    "1.14.4-recommended": "28.2.26",
    "1.15-latest": "29.0.4",
    "1.15.1-latest": "30.0.51",
    "1.15.2-latest": "31.2.60",
    "1.15.2-recommended": "31.2.57",
    "1.16.1-latest": "32.0.108",
    "1.16.2-latest": "33.0.61",
    "1.16.3-latest": "34.1.42",
    "1.16.3-recommended": "34.1.0",
    "1.16.4-latest": "35.1.37",
    "1.16.4-recommended": "35.1.4",
    "1.16.5-latest": "36.2.42",
    "1.16.5-recommended": "36.2.34",
    "1.17.1-latest": "37.1.1",
    "1.17.1-recommended": "37.1.1",
    "1.18-latest": "38.0.17",
    "1.18.1-latest": "39.1.2",
    "1.18.1-recommended": "39.1.0",
    "1.18.2-recommended": "40.3.0",
    "1.18.2-latest": "40.3.11",
    "1.19-latest": "41.1.0",
    "1.19-recommended": "41.1.0",
    "1.19.1-latest": "42.0.9",
    "1.19.2-recommended": "43.5.0",
    "1.19.2-latest": "43.5.1",
    "1.19.3-latest": "44.1.23",
    "1.19.3-recommended": "44.1.0",
    "1.19.4-recommended": "45.4.0",
    "1.19.4-latest": "45.4.2",
    "1.20-latest": "46.0.14",
    "1.20.1-recommended": "47.4.10",
    "1.20.1-latest": "47.4.11",
    "1.20.2-latest": "48.1.0",
    "1.20.2-recommended": "48.1.0",
    "1.20.3-latest": "49.0.2",
    "1.20.4-latest": "49.2.2",
    "1.20.4-recommended": "49.2.0",
    "1.20.6-latest": "50.2.2",
    "1.20.6-recommended": "50.2.0",
    "1.21-latest": "51.0.33",
    "1.21.1-latest": "52.1.6",
    "1.21.1-recommended": "52.1.0",
    "1.21.3-latest": "53.1.4",
    "1.21.3-recommended": "53.1.0",
    "1.21.4-latest": "54.1.8",
    "1.21.4-recommended": "54.1.0",
    "1.21.5-latest": "55.1.2",
    "1.21.5-recommended": "55.1.0",
    "1.21.6-latest": "56.0.9",
    "1.21.7-latest": "57.0.3",
    "1.21.8-latest": "58.1.9",
    "1.21.8-recommended": "58.1.0",
    "1.21.9-latest": "59.0.5",
    "1.21.10-latest": "60.1.0",
    "1.21.10-recommended": "60.1.0"
  }
}
[21:58:01] [Forge Version Check/INFO] [ne.mi.fm.VersionChecker/]: [forge] Found status: UP_TO_DATE Current: 47.4.10 Target: null
[21:58:02] [Thread-3/DEBUG] [ne.mi.fm.co.ConfigFileTypeHandler/CONFIG]: Config file forge-client.toml changed, sending notifies
[21:58:02] [Thread-3/DEBUG] [ne.mi.co.ForgeConfig/FORGEMOD]: Forge config just got changed on the file system!
[21:58:02] [Worker-Main-7/WARN] [minecraft/ModelBakery]: Exception loading blockstate definition: 'eln:blockstates/transparent_node.json' missing model for variant: 'eln:transparent_node#'
[21:58:02] [Worker-Main-7/WARN] [minecraft/ModelBakery]: Exception loading blockstate definition: 'eln:blockstates/device_probe.json' missing model for variant: 'eln:device_probe#'
[21:58:02] [Worker-Main-7/WARN] [minecraft/ModelBakery]: Exception loading blockstate definition: 'eln:blockstates/energy_converter.json' missing model for variant: 'eln:energy_converter#'
[21:58:02] [Worker-Main-7/WARN] [minecraft/ModelBakery]: Exception loading blockstate definition: 'eln:blockstates/six_node.json' missing model for variant: 'eln:six_node#'
[21:58:02] [Worker-Main-7/WARN] [minecraft/ModelBakery]: Exception loading blockstate definition: 'eln:blockstates/tree_resin_collector.json' missing model for variant: 'eln:tree_resin_collector#'
[21:58:02] [Worker-Main-7/WARN] [minecraft/ModelBakery]: Exception loading blockstate definition: 'eln:blockstates/hot_water.json' missing model for variant: 'eln:hot_water#level=9'
[21:58:02] [Worker-Main-7/WARN] [minecraft/ModelBakery]: Exception loading blockstate definition: 'eln:blockstates/hot_water.json' missing model for variant: 'eln:hot_water#level=8'
[21:58:02] [Worker-Main-7/WARN] [minecraft/ModelBakery]: Exception loading blockstate definition: 'eln:blockstates/hot_water.json' missing model for variant: 'eln:hot_water#level=7'
[21:58:02] [Worker-Main-7/WARN] [minecraft/ModelBakery]: Exception loading blockstate definition: 'eln:blockstates/hot_water.json' missing model for variant: 'eln:hot_water#level=11'
[21:58:02] [Worker-Main-7/WARN] [minecraft/ModelBakery]: Exception loading blockstate definition: 'eln:blockstates/hot_water.json' missing model for variant: 'eln:hot_water#level=10'
[21:58:02] [Worker-Main-7/WARN] [minecraft/ModelBakery]: Exception loading blockstate definition: 'eln:blockstates/hot_water.json' missing model for variant: 'eln:hot_water#level=15'
[21:58:02] [Worker-Main-7/WARN] [minecraft/ModelBakery]: Exception loading blockstate definition: 'eln:blockstates/hot_water.json' missing model for variant: 'eln:hot_water#level=14'
[21:58:02] [Worker-Main-7/WARN] [minecraft/ModelBakery]: Exception loading blockstate definition: 'eln:blockstates/hot_water.json' missing model for variant: 'eln:hot_water#level=13'
[21:58:02] [Worker-Main-7/WARN] [minecraft/ModelBakery]: Exception loading blockstate definition: 'eln:blockstates/hot_water.json' missing model for variant: 'eln:hot_water#level=12'
[21:58:02] [Worker-Main-7/WARN] [minecraft/ModelBakery]: Exception loading blockstate definition: 'eln:blockstates/hot_water.json' missing model for variant: 'eln:hot_water#level=2'
[21:58:02] [Worker-Main-7/WARN] [minecraft/ModelBakery]: Exception loading blockstate definition: 'eln:blockstates/hot_water.json' missing model for variant: 'eln:hot_water#level=1'
[21:58:02] [Worker-Main-7/WARN] [minecraft/ModelBakery]: Exception loading blockstate definition: 'eln:blockstates/hot_water.json' missing model for variant: 'eln:hot_water#level=0'
[21:58:02] [Worker-Main-7/WARN] [minecraft/ModelBakery]: Exception loading blockstate definition: 'eln:blockstates/hot_water.json' missing model for variant: 'eln:hot_water#level=6'
[21:58:02] [Worker-Main-7/WARN] [minecraft/ModelBakery]: Exception loading blockstate definition: 'eln:blockstates/hot_water.json' missing model for variant: 'eln:hot_water#level=5'
[21:58:02] [Worker-Main-7/WARN] [minecraft/ModelBakery]: Exception loading blockstate definition: 'eln:blockstates/hot_water.json' missing model for variant: 'eln:hot_water#level=4'
[21:58:02] [Worker-Main-7/WARN] [minecraft/ModelBakery]: Exception loading blockstate definition: 'eln:blockstates/hot_water.json' missing model for variant: 'eln:hot_water#level=3'
[21:58:02] [Worker-Main-7/WARN] [minecraft/ModelBakery]: Exception loading blockstate definition: 'eln:blockstates/cold_water.json' missing model for variant: 'eln:cold_water#level=4'
[21:58:02] [Worker-Main-7/WARN] [minecraft/ModelBakery]: Exception loading blockstate definition: 'eln:blockstates/cold_water.json' missing model for variant: 'eln:cold_water#level=5'
[21:58:02] [Worker-Main-7/WARN] [minecraft/ModelBakery]: Exception loading blockstate definition: 'eln:blockstates/cold_water.json' missing model for variant: 'eln:cold_water#level=2'
[21:58:02] [Worker-Main-7/WARN] [minecraft/ModelBakery]: Exception loading blockstate definition: 'eln:blockstates/cold_water.json' missing model for variant: 'eln:cold_water#level=3'
[21:58:02] [Worker-Main-7/WARN] [minecraft/ModelBakery]: Exception loading blockstate definition: 'eln:blockstates/cold_water.json' missing model for variant: 'eln:cold_water#level=0'
[21:58:02] [Worker-Main-7/WARN] [minecraft/ModelBakery]: Exception loading blockstate definition: 'eln:blockstates/cold_water.json' missing model for variant: 'eln:cold_water#level=1'
[21:58:02] [Worker-Main-7/WARN] [minecraft/ModelBakery]: Exception loading blockstate definition: 'eln:blockstates/cold_water.json' missing model for variant: 'eln:cold_water#level=15'
[21:58:02] [Worker-Main-7/WARN] [minecraft/ModelBakery]: Exception loading blockstate definition: 'eln:blockstates/cold_water.json' missing model for variant: 'eln:cold_water#level=13'
[21:58:02] [Worker-Main-7/WARN] [minecraft/ModelBakery]: Exception loading blockstate definition: 'eln:blockstates/cold_water.json' missing model for variant: 'eln:cold_water#level=14'
[21:58:02] [Worker-Main-7/WARN] [minecraft/ModelBakery]: Exception loading blockstate definition: 'eln:blockstates/cold_water.json' missing model for variant: 'eln:cold_water#level=11'
[21:58:02] [Worker-Main-7/WARN] [minecraft/ModelBakery]: Exception loading blockstate definition: 'eln:blockstates/cold_water.json' missing model for variant: 'eln:cold_water#level=12'
[21:58:02] [Worker-Main-7/WARN] [minecraft/ModelBakery]: Exception loading blockstate definition: 'eln:blockstates/cold_water.json' missing model for variant: 'eln:cold_water#level=8'
[21:58:02] [Worker-Main-7/WARN] [minecraft/ModelBakery]: Exception loading blockstate definition: 'eln:blockstates/cold_water.json' missing model for variant: 'eln:cold_water#level=9'
[21:58:02] [Worker-Main-7/WARN] [minecraft/ModelBakery]: Exception loading blockstate definition: 'eln:blockstates/cold_water.json' missing model for variant: 'eln:cold_water#level=10'
[21:58:02] [Worker-Main-7/WARN] [minecraft/ModelBakery]: Exception loading blockstate definition: 'eln:blockstates/cold_water.json' missing model for variant: 'eln:cold_water#level=6'
[21:58:02] [Worker-Main-7/WARN] [minecraft/ModelBakery]: Exception loading blockstate definition: 'eln:blockstates/cold_water.json' missing model for variant: 'eln:cold_water#level=7'
[21:58:02] [Worker-Main-7/WARN] [minecraft/ModelBakery]: Unable to load model: 'eln:transparent_node#inventory' referenced from: eln:transparent_node#inventory: java.io.FileNotFoundException: eln:models/item/transparent_node.json
[21:58:02] [Worker-Main-7/WARN] [minecraft/ModelBakery]: Unable to load model: 'eln:device_probe#inventory' referenced from: eln:device_probe#inventory: java.io.FileNotFoundException: eln:models/item/device_probe.json
[21:58:02] [Worker-Main-7/WARN] [minecraft/ModelBakery]: Unable to load model: 'eln:energy_converter#inventory' referenced from: eln:energy_converter#inventory: java.io.FileNotFoundException: eln:models/item/energy_converter.json
[21:58:02] [Worker-Main-7/WARN] [minecraft/ModelBakery]: Unable to load model: 'eln:six_node#inventory' referenced from: eln:six_node#inventory: java.io.FileNotFoundException: eln:models/item/six_node.json
[21:58:02] [Worker-Main-7/WARN] [minecraft/ModelBakery]: Unable to load model: 'eln:tree_resin_collector#inventory' referenced from: eln:tree_resin_collector#inventory: java.io.FileNotFoundException: eln:models/item/tree_resin_collector.json
[21:58:02] [Worker-Main-7/WARN] [minecraft/ModelBakery]: Unable to load model: 'eln:test_item#inventory' referenced from: eln:test_item#inventory: java.io.FileNotFoundException: eln:models/item/test_item.json
[21:58:02] [Worker-Main-7/WARN] [minecraft/ModelBakery]: Unable to load model: 'eln:hot_water_bucket#inventory' referenced from: eln:hot_water_bucket#inventory: java.io.FileNotFoundException: eln:models/item/hot_water_bucket.json
[21:58:02] [Worker-Main-7/WARN] [minecraft/ModelBakery]: Unable to load model: 'eln:cold_water_bucket#inventory' referenced from: eln:cold_water_bucket#inventory: java.io.FileNotFoundException: eln:models/item/cold_water_bucket.json
[21:58:03] [modloading-worker-0/DEBUG] [ne.mi.re.GameData/REGISTRIES]: Freezing registries
[21:58:03] [modloading-worker-0/DEBUG] [ne.mi.re.ForgeRegistry/REGISTRIES]: Registry minecraft:block Sync: FROZEN -> ACTIVE
[21:58:03] [modloading-worker-0/DEBUG] [ne.mi.re.ForgeRegistry/REGISTRIES]: Registry minecraft:fluid Sync: FROZEN -> ACTIVE
[21:58:03] [modloading-worker-0/DEBUG] [ne.mi.re.ForgeRegistry/REGISTRIES]: Registry minecraft:item Sync: FROZEN -> ACTIVE
[21:58:03] [modloading-worker-0/DEBUG] [ne.mi.re.ForgeRegistry/REGISTRIES]: Registry minecraft:mob_effect Sync: FROZEN -> ACTIVE
[21:58:03] [modloading-worker-0/DEBUG] [ne.mi.re.ForgeRegistry/REGISTRIES]: Registry minecraft:sound_event Sync: FROZEN -> ACTIVE
[21:58:03] [modloading-worker-0/DEBUG] [ne.mi.re.ForgeRegistry/REGISTRIES]: Registry minecraft:potion Sync: FROZEN -> ACTIVE
[21:58:03] [modloading-worker-0/DEBUG] [ne.mi.re.ForgeRegistry/REGISTRIES]: Registry minecraft:enchantment Sync: FROZEN -> ACTIVE
[21:58:03] [modloading-worker-0/DEBUG] [ne.mi.re.ForgeRegistry/REGISTRIES]: Registry minecraft:entity_type Sync: FROZEN -> ACTIVE
[21:58:03] [modloading-worker-0/DEBUG] [ne.mi.re.ForgeRegistry/REGISTRIES]: Registry minecraft:block_entity_type Sync: FROZEN -> ACTIVE
[21:58:03] [modloading-worker-0/DEBUG] [ne.mi.re.ForgeRegistry/REGISTRIES]: Registry minecraft:particle_type Sync: FROZEN -> ACTIVE
[21:58:03] [modloading-worker-0/DEBUG] [ne.mi.re.ForgeRegistry/REGISTRIES]: Registry minecraft:menu Sync: FROZEN -> ACTIVE
[21:58:03] [modloading-worker-0/DEBUG] [ne.mi.re.ForgeRegistry/REGISTRIES]: Registry minecraft:painting_variant Sync: FROZEN -> ACTIVE
[21:58:03] [modloading-worker-0/DEBUG] [ne.mi.re.ForgeRegistry/REGISTRIES]: Registry minecraft:recipe_type Sync: FROZEN -> ACTIVE
[21:58:03] [modloading-worker-0/DEBUG] [ne.mi.re.ForgeRegistry/REGISTRIES]: Registry minecraft:recipe_serializer Sync: FROZEN -> ACTIVE
[21:58:03] [modloading-worker-0/DEBUG] [ne.mi.re.ForgeRegistry/REGISTRIES]: Registry minecraft:attribute Sync: FROZEN -> ACTIVE
[21:58:03] [modloading-worker-0/DEBUG] [ne.mi.re.ForgeRegistry/REGISTRIES]: Registry minecraft:stat_type Sync: FROZEN -> ACTIVE
[21:58:03] [modloading-worker-0/DEBUG] [ne.mi.re.ForgeRegistry/REGISTRIES]: Registry minecraft:command_argument_type Sync: FROZEN -> ACTIVE
[21:58:03] [modloading-worker-0/DEBUG] [ne.mi.re.ForgeRegistry/REGISTRIES]: Registry minecraft:villager_profession Sync: FROZEN -> ACTIVE
[21:58:03] [modloading-worker-0/DEBUG] [ne.mi.re.ForgeRegistry/REGISTRIES]: Registry minecraft:point_of_interest_type Sync: FROZEN -> ACTIVE
[21:58:03] [modloading-worker-0/DEBUG] [ne.mi.re.ForgeRegistry/REGISTRIES]: Registry minecraft:memory_module_type Sync: FROZEN -> ACTIVE
[21:58:03] [modloading-worker-0/DEBUG] [ne.mi.re.ForgeRegistry/REGISTRIES]: Registry minecraft:sensor_type Sync: FROZEN -> ACTIVE
[21:58:03] [modloading-worker-0/DEBUG] [ne.mi.re.ForgeRegistry/REGISTRIES]: Registry minecraft:schedule Sync: FROZEN -> ACTIVE
[21:58:03] [modloading-worker-0/DEBUG] [ne.mi.re.ForgeRegistry/REGISTRIES]: Registry minecraft:activity Sync: FROZEN -> ACTIVE
[21:58:03] [modloading-worker-0/DEBUG] [ne.mi.re.ForgeRegistry/REGISTRIES]: Registry minecraft:worldgen/carver Sync: FROZEN -> ACTIVE
[21:58:03] [modloading-worker-0/DEBUG] [ne.mi.re.ForgeRegistry/REGISTRIES]: Registry minecraft:worldgen/feature Sync: FROZEN -> ACTIVE
[21:58:03] [modloading-worker-0/DEBUG] [ne.mi.re.ForgeRegistry/REGISTRIES]: Registry minecraft:chunk_status Sync: FROZEN -> ACTIVE
[21:58:03] [modloading-worker-0/DEBUG] [ne.mi.re.ForgeRegistry/REGISTRIES]: Registry minecraft:worldgen/block_state_provider_type Sync: FROZEN -> ACTIVE
[21:58:03] [modloading-worker-0/DEBUG] [ne.mi.re.ForgeRegistry/REGISTRIES]: Registry minecraft:worldgen/foliage_placer_type Sync: FROZEN -> ACTIVE
[21:58:03] [modloading-worker-0/DEBUG] [ne.mi.re.ForgeRegistry/REGISTRIES]: Registry minecraft:worldgen/tree_decorator_type Sync: FROZEN -> ACTIVE
[21:58:03] [modloading-worker-0/DEBUG] [ne.mi.re.ForgeRegistry/REGISTRIES]: Registry minecraft:worldgen/biome Sync: FROZEN -> ACTIVE
[21:58:03] [modloading-worker-0/DEBUG] [ne.mi.re.ForgeRegistry/REGISTRIES]: Registry forge:entity_data_serializers Sync: FROZEN -> ACTIVE
[21:58:03] [modloading-worker-0/DEBUG] [ne.mi.re.ForgeRegistry/REGISTRIES]: Registry forge:global_loot_modifier_serializers Sync: FROZEN -> ACTIVE
[21:58:03] [modloading-worker-0/DEBUG] [ne.mi.re.ForgeRegistry/REGISTRIES]: Registry forge:biome_modifier_serializers Sync: FROZEN -> ACTIVE
[21:58:03] [modloading-worker-0/DEBUG] [ne.mi.re.ForgeRegistry/REGISTRIES]: Registry forge:fluid_type Sync: FROZEN -> ACTIVE
[21:58:03] [modloading-worker-0/DEBUG] [ne.mi.re.ForgeRegistry/REGISTRIES]: Registry forge:structure_modifier_serializers Sync: FROZEN -> ACTIVE
[21:58:03] [modloading-worker-0/DEBUG] [ne.mi.re.ForgeRegistry/REGISTRIES]: Registry forge:holder_set_type Sync: FROZEN -> ACTIVE
[21:58:03] [modloading-worker-0/DEBUG] [ne.mi.re.ForgeRegistry/REGISTRIES]: Registry forge:display_contexts Sync: FROZEN -> ACTIVE
[21:58:05] [modloading-worker-0/DEBUG] [ne.mi.re.GameData/REGISTRIES]: All registries frozen
[21:58:05] [Render thread/DEBUG] [ne.mi.co.ForgeI18n/CORE]: Loading I18N data entries: 6434
[21:58:05] [Render thread/WARN] [minecraft/SoundEngine]: Missing sound for event: minecraft:item.goat_horn.play
[21:58:05] [Render thread/WARN] [minecraft/SoundEngine]: Missing sound for event: minecraft:entity.goat.screaming.horn_break
[21:58:05] [Render thread/INFO] [mojang/Library]: OpenAL initialized on device CoreAudio Default
[21:58:05] [Render thread/INFO] [minecraft/SoundEngine]: Sound engine started
[21:58:05] [Render thread/INFO] [minecraft/TextureAtlas]: Created: 1024x512x4 minecraft:textures/atlas/blocks.png-atlas
[21:58:05] [Render thread/INFO] [minecraft/TextureAtlas]: Created: 256x256x4 minecraft:textures/atlas/signs.png-atlas
[21:58:05] [Render thread/INFO] [minecraft/TextureAtlas]: Created: 512x512x4 minecraft:textures/atlas/shield_patterns.png-atlas
[21:58:05] [Render thread/INFO] [minecraft/TextureAtlas]: Created: 512x512x4 minecraft:textures/atlas/banner_patterns.png-atlas
[21:58:05] [Render thread/INFO] [minecraft/TextureAtlas]: Created: 1024x1024x4 minecraft:textures/atlas/armor_trims.png-atlas
[21:58:05] [Render thread/INFO] [minecraft/TextureAtlas]: Created: 128x64x4 minecraft:textures/atlas/decorated_pot.png-atlas
[21:58:05] [Render thread/INFO] [minecraft/TextureAtlas]: Created: 256x256x4 minecraft:textures/atlas/chest.png-atlas
[21:58:05] [Render thread/INFO] [minecraft/TextureAtlas]: Created: 512x256x4 minecraft:textures/atlas/beds.png-atlas
[21:58:05] [Render thread/INFO] [minecraft/TextureAtlas]: Created: 512x256x4 minecraft:textures/atlas/shulker_boxes.png-atlas
[21:58:06] [Render thread/WARN] [minecraft/ShaderInstance]: Shader rendertype_entity_translucent_emissive could not find sampler named Sampler2 in the specified shader program.
[21:58:06] [Render thread/INFO] [minecraft/TextureAtlas]: Created: 256x256x0 minecraft:textures/atlas/particles.png-atlas
[21:58:06] [Render thread/INFO] [minecraft/TextureAtlas]: Created: 256x256x0 minecraft:textures/atlas/paintings.png-atlas
[21:58:06] [Render thread/INFO] [minecraft/TextureAtlas]: Created: 128x128x0 minecraft:textures/atlas/mob_effects.png-atlas
[21:58:07] [Realms Notification Availability checker #1/INFO] [mojang/RealmsClient]: Could not authorize you against Realms server: java.lang.RuntimeException: Failed to parse into SignedJWT: 0
[21:58:14] [Render thread/DEBUG] [ne.mi.se.ServerLifecycleHooks/CORE]: Generating PackInfo named mod:forge for mod file /
[21:58:14] [Render thread/DEBUG] [ne.mi.se.ServerLifecycleHooks/CORE]: Generating PackInfo named mod:eln for mod file /Users/aiw.robson/Documents/Projects/ElectricalAge2/build/resources/main
[21:58:15] [Render thread/DEBUG] [ne.mi.co.tr.CoreModBaseTransformer/COREMOD]: Transforming net/minecraft/server/commands/SummonCommand
[21:58:16] [Worker-Main-3/DEBUG] [ne.mi.co.tr.CoreModBaseTransformer/COREMOD]: Transforming net/minecraft/world/entity/raid/Raid
[21:58:17] [Render thread/INFO] [minecraft/RecipeManager]: Loaded 7 recipes
[21:58:17] [Render thread/INFO] [minecraft/AdvancementList]: Loaded 1271 advancements
[21:58:21] [Render thread/DEBUG] [ne.mi.se.ServerLifecycleHooks/CORE]: Generating PackInfo named mod:forge for mod file /
[21:58:21] [Render thread/DEBUG] [ne.mi.se.ServerLifecycleHooks/CORE]: Generating PackInfo named mod:eln for mod file /Users/aiw.robson/Documents/Projects/ElectricalAge2/build/resources/main
[21:58:21] [Render thread/DEBUG] [ne.mi.co.ForgeHooks/WP]: Gathering id map for writing to world save New World
[21:58:21] [Render thread/DEBUG] [ne.mi.co.ForgeHooks/WP]: ID Map collection complete New World
[21:58:21] [Server thread/INFO] [minecraft/IntegratedServer]: Starting integrated minecraft server version 1.20.1
[21:58:21] [Server thread/INFO] [minecraft/MinecraftServer]: Generating keypair
[21:58:21] [Server thread/DEBUG] [ne.mi.fm.co.ConfigTracker/CONFIG]: Loading configs type SERVER
[21:58:21] [Server thread/DEBUG] [ne.mi.fm.co.ConfigFileTypeHandler/CONFIG]: Built TOML config for ./saves/New World (1)/serverconfig/forge-server.toml
[21:58:21] [Server thread/DEBUG] [ne.mi.fm.co.ConfigFileTypeHandler/CONFIG]: Loaded TOML config file ./saves/New World (1)/serverconfig/forge-server.toml
[21:58:21] [Server thread/DEBUG] [ne.mi.fm.co.ConfigFileTypeHandler/CONFIG]: Watching TOML config file ./saves/New World (1)/serverconfig/forge-server.toml for changes
[21:58:21] [Server thread/WARN] [ne.mi.co.ForgeConfigSpec/CORE]: Configuration file ./saves/New World (1)/serverconfig/forge-server.toml is not correct. Correcting
[21:58:21] [Server thread/WARN] [ne.mi.co.ForgeConfigSpec/CORE]: Incorrect key server was corrected from null to its default, SimpleCommentedConfig:{}. 
[21:58:21] [Server thread/WARN] [ne.mi.co.ForgeConfigSpec/CORE]: Incorrect key server.removeErroringBlockEntities was corrected from null to its default, false. 
[21:58:21] [Server thread/DEBUG] [ne.mi.co.ForgeConfigSpec/CORE]: The comment on key server.removeErroringBlockEntities does not match the spec. This may create a backup.
[21:58:21] [Server thread/WARN] [ne.mi.co.ForgeConfigSpec/CORE]: Incorrect key server.removeErroringEntities was corrected from null to its default, false. 
[21:58:21] [Server thread/DEBUG] [ne.mi.co.ForgeConfigSpec/CORE]: The comment on key server.removeErroringEntities does not match the spec. This may create a backup.
[21:58:21] [Server thread/WARN] [ne.mi.co.ForgeConfigSpec/CORE]: Incorrect key server.fullBoundingBoxLadders was corrected from null to its default, false. 
[21:58:21] [Server thread/DEBUG] [ne.mi.co.ForgeConfigSpec/CORE]: The comment on key server.fullBoundingBoxLadders does not match the spec. This may create a backup.
[21:58:21] [Server thread/WARN] [ne.mi.co.ForgeConfigSpec/CORE]: Incorrect key server.zombieBaseSummonChance was corrected from null to its default, 0.1. 
[21:58:21] [Server thread/DEBUG] [ne.mi.co.ForgeConfigSpec/CORE]: The comment on key server.zombieBaseSummonChance does not match the spec. This may create a backup.
[21:58:21] [Server thread/WARN] [ne.mi.co.ForgeConfigSpec/CORE]: Incorrect key server.zombieBabyChance was corrected from null to its default, 0.05. 
[21:58:21] [Server thread/DEBUG] [ne.mi.co.ForgeConfigSpec/CORE]: The comment on key server.zombieBabyChance does not match the spec. This may create a backup.
[21:58:21] [Server thread/WARN] [ne.mi.co.ForgeConfigSpec/CORE]: Incorrect key server.permissionHandler was corrected from null to its default, forge:default_handler. 
[21:58:21] [Server thread/DEBUG] [ne.mi.co.ForgeConfigSpec/CORE]: The comment on key server.permissionHandler does not match the spec. This may create a backup.
[21:58:21] [Server thread/WARN] [ne.mi.co.ForgeConfigSpec/CORE]: Incorrect key server.advertiseDedicatedServerToLan was corrected from null to its default, true. 
[21:58:21] [Server thread/DEBUG] [ne.mi.co.ForgeConfigSpec/CORE]: The comment on key server.advertiseDedicatedServerToLan does not match the spec. This may create a backup.
[21:58:21] [Server thread/WARN] [ne.mi.co.ForgeConfigSpec/CORE]: Incorrect key server.useItemWithDurationZero was corrected from null to its default, false. 
[21:58:21] [Server thread/DEBUG] [ne.mi.co.ForgeConfigSpec/CORE]: The comment on key server.useItemWithDurationZero does not match the spec. This may create a backup.
[21:58:21] [Server thread/DEBUG] [ne.mi.co.ForgeConfigSpec/CORE]: The comment on key server does not match the spec. This may create a backup.
[21:58:21] [Server thread/DEBUG] [ne.mi.co.ForgeConfig/FORGEMOD]: Loaded forge config file forge-server.toml
[21:58:21] [Server thread/DEBUG] [ne.mi.co.tr.CoreModBaseTransformer/COREMOD]: Transforming net/minecraft/world/level/levelgen/PhantomSpawner
[21:58:21] [Server thread/DEBUG] [ne.mi.co.tr.CoreModBaseTransformer/COREMOD]: Transforming net/minecraft/world/level/levelgen/PatrolSpawner
[21:58:21] [Server thread/DEBUG] [ne.mi.co.tr.CoreModBaseTransformer/COREMOD]: Transforming net/minecraft/world/entity/npc/CatSpawner
[21:58:21] [Server thread/DEBUG] [ne.mi.co.tr.CoreModBaseTransformer/COREMOD]: Transforming net/minecraft/world/entity/ai/village/VillageSiege
[21:58:22] [Thread-3/DEBUG] [ne.mi.fm.co.ConfigFileTypeHandler/CONFIG]: Config file forge-server.toml changed, sending notifies
[21:58:22] [Thread-3/DEBUG] [ne.mi.co.ForgeConfig/FORGEMOD]: Forge config just got changed on the file system!
[21:58:23] [Worker-Main-7/DEBUG] [ne.mi.co.tr.CoreModBaseTransformer/COREMOD]: Transforming net/minecraft/world/level/levelgen/structure/templatesystem/StructureTemplate
[21:58:26] [Worker-Main-1/DEBUG] [ne.mi.co.tr.CoreModBaseTransformer/COREMOD]: Transforming net/minecraft/world/level/NaturalSpawner
[21:58:26] [Server thread/INFO] [minecraft/MinecraftServer]: Preparing start region for dimension minecraft:overworld
[21:58:27] [Render thread/INFO] [minecraft/LoggerChunkProgressListener]: Preparing spawn area: 0%
[21:58:27] [Render thread/INFO] [minecraft/LoggerChunkProgressListener]: Preparing spawn area: 0%
[21:58:27] [Render thread/INFO] [minecraft/LoggerChunkProgressListener]: Preparing spawn area: 0%
[21:58:28] [Render thread/INFO] [minecraft/LoggerChunkProgressListener]: Preparing spawn area: 0%
[21:58:28] [Worker-Main-9/DEBUG] [io.ne.ut.in.InternalThreadLocalMap/]: -Dio.netty.threadLocalMap.stringBuilder.initialSize: 1024
[21:58:28] [Worker-Main-9/DEBUG] [io.ne.ut.in.InternalThreadLocalMap/]: -Dio.netty.threadLocalMap.stringBuilder.maxSize: 4096
[21:58:28] [Worker-Main-9/DEBUG] [io.ne.ut.in.ThreadLocalRandom/]: -Dio.netty.initialSeedUniquifier: 0xe2504703e33552df
[21:58:28] [Render thread/INFO] [minecraft/LoggerChunkProgressListener]: Preparing spawn area: 0%
[21:58:29] [Render thread/INFO] [minecraft/LoggerChunkProgressListener]: Preparing spawn area: 1%
[21:58:29] [Render thread/INFO] [minecraft/LoggerChunkProgressListener]: Preparing spawn area: 2%
[21:58:30] [Render thread/INFO] [minecraft/LoggerChunkProgressListener]: Preparing spawn area: 3%
[21:58:30] [Render thread/INFO] [minecraft/LoggerChunkProgressListener]: Preparing spawn area: 4%
[21:58:31] [Render thread/INFO] [minecraft/LoggerChunkProgressListener]: Preparing spawn area: 6%
[21:58:31] [Render thread/INFO] [minecraft/LoggerChunkProgressListener]: Preparing spawn area: 6%
[21:58:32] [Render thread/INFO] [minecraft/LoggerChunkProgressListener]: Preparing spawn area: 7%
[21:58:32] [Render thread/INFO] [minecraft/LoggerChunkProgressListener]: Preparing spawn area: 9%
[21:58:33] [Render thread/INFO] [minecraft/LoggerChunkProgressListener]: Preparing spawn area: 9%
[21:58:33] [Render thread/INFO] [minecraft/LoggerChunkProgressListener]: Preparing spawn area: 10%
[21:58:34] [Render thread/INFO] [minecraft/LoggerChunkProgressListener]: Preparing spawn area: 12%
[21:58:34] [Render thread/INFO] [minecraft/LoggerChunkProgressListener]: Preparing spawn area: 13%
[21:58:35] [Render thread/INFO] [minecraft/LoggerChunkProgressListener]: Preparing spawn area: 14%
[21:58:35] [Render thread/INFO] [minecraft/LoggerChunkProgressListener]: Preparing spawn area: 15%
[21:58:36] [Render thread/INFO] [minecraft/LoggerChunkProgressListener]: Preparing spawn area: 17%
[21:58:36] [Render thread/INFO] [minecraft/LoggerChunkProgressListener]: Preparing spawn area: 17%
[21:58:37] [Render thread/INFO] [minecraft/LoggerChunkProgressListener]: Preparing spawn area: 18%
[21:58:37] [Render thread/INFO] [minecraft/LoggerChunkProgressListener]: Preparing spawn area: 19%
[21:58:38] [Render thread/INFO] [minecraft/LoggerChunkProgressListener]: Preparing spawn area: 20%
[21:58:38] [Render thread/INFO] [minecraft/LoggerChunkProgressListener]: Preparing spawn area: 22%
[21:58:39] [Render thread/INFO] [minecraft/LoggerChunkProgressListener]: Preparing spawn area: 22%
[21:58:39] [Render thread/INFO] [minecraft/LoggerChunkProgressListener]: Preparing spawn area: 22%
[21:58:40] [Render thread/INFO] [minecraft/LoggerChunkProgressListener]: Preparing spawn area: 24%
[21:58:40] [Render thread/INFO] [minecraft/LoggerChunkProgressListener]: Preparing spawn area: 24%
[21:58:41] [Render thread/INFO] [minecraft/LoggerChunkProgressListener]: Preparing spawn area: 26%
[21:58:41] [Render thread/INFO] [minecraft/LoggerChunkProgressListener]: Preparing spawn area: 27%
[21:58:42] [Render thread/INFO] [minecraft/LoggerChunkProgressListener]: Preparing spawn area: 28%
[21:58:42] [Render thread/INFO] [minecraft/LoggerChunkProgressListener]: Preparing spawn area: 29%
[21:58:43] [Render thread/INFO] [minecraft/LoggerChunkProgressListener]: Preparing spawn area: 31%
[21:58:43] [Render thread/INFO] [minecraft/LoggerChunkProgressListener]: Preparing spawn area: 31%
[21:58:44] [Render thread/INFO] [minecraft/LoggerChunkProgressListener]: Preparing spawn area: 33%
[21:58:44] [Render thread/INFO] [minecraft/LoggerChunkProgressListener]: Preparing spawn area: 34%
[21:58:45] [Render thread/INFO] [minecraft/LoggerChunkProgressListener]: Preparing spawn area: 34%
[21:58:45] [Render thread/INFO] [minecraft/LoggerChunkProgressListener]: Preparing spawn area: 35%
[21:58:46] [Render thread/INFO] [minecraft/LoggerChunkProgressListener]: Preparing spawn area: 37%
[21:58:46] [Render thread/INFO] [minecraft/LoggerChunkProgressListener]: Preparing spawn area: 38%
[21:58:47] [Render thread/INFO] [minecraft/LoggerChunkProgressListener]: Preparing spawn area: 38%
[21:58:47] [Render thread/INFO] [minecraft/LoggerChunkProgressListener]: Preparing spawn area: 41%
[21:58:48] [Render thread/INFO] [minecraft/LoggerChunkProgressListener]: Preparing spawn area: 42%
[21:58:48] [Render thread/INFO] [minecraft/LoggerChunkProgressListener]: Preparing spawn area: 42%
[21:58:49] [Render thread/INFO] [minecraft/LoggerChunkProgressListener]: Preparing spawn area: 43%
[21:58:49] [Render thread/INFO] [minecraft/LoggerChunkProgressListener]: Preparing spawn area: 45%
[21:58:50] [Render thread/INFO] [minecraft/LoggerChunkProgressListener]: Preparing spawn area: 46%
[21:58:50] [Render thread/INFO] [minecraft/LoggerChunkProgressListener]: Preparing spawn area: 48%
[21:58:51] [Render thread/INFO] [minecraft/LoggerChunkProgressListener]: Preparing spawn area: 49%
[21:58:51] [Render thread/INFO] [minecraft/LoggerChunkProgressListener]: Preparing spawn area: 51%
[21:58:52] [Render thread/INFO] [minecraft/LoggerChunkProgressListener]: Preparing spawn area: 53%
[21:58:52] [Render thread/INFO] [minecraft/LoggerChunkProgressListener]: Preparing spawn area: 54%
[21:58:53] [Render thread/INFO] [minecraft/LoggerChunkProgressListener]: Preparing spawn area: 54%
[21:58:53] [Render thread/INFO] [minecraft/LoggerChunkProgressListener]: Preparing spawn area: 55%
[21:58:54] [Render thread/INFO] [minecraft/LoggerChunkProgressListener]: Preparing spawn area: 55%
[21:58:54] [Render thread/INFO] [minecraft/LoggerChunkProgressListener]: Preparing spawn area: 56%
[21:58:55] [Render thread/INFO] [minecraft/LoggerChunkProgressListener]: Preparing spawn area: 57%
[21:58:55] [Render thread/INFO] [minecraft/LoggerChunkProgressListener]: Preparing spawn area: 59%
[21:58:56] [Render thread/INFO] [minecraft/LoggerChunkProgressListener]: Preparing spawn area: 61%
[21:58:56] [Render thread/INFO] [minecraft/LoggerChunkProgressListener]: Preparing spawn area: 64%
[21:58:57] [Render thread/INFO] [minecraft/LoggerChunkProgressListener]: Preparing spawn area: 68%
[21:58:57] [Render thread/INFO] [minecraft/LoggerChunkProgressListener]: Preparing spawn area: 69%
[21:58:58] [Render thread/INFO] [minecraft/LoggerChunkProgressListener]: Preparing spawn area: 70%
[21:58:58] [Render thread/INFO] [minecraft/LoggerChunkProgressListener]: Preparing spawn area: 72%
[21:58:59] [Render thread/INFO] [minecraft/LoggerChunkProgressListener]: Preparing spawn area: 76%
[21:58:59] [Render thread/INFO] [minecraft/LoggerChunkProgressListener]: Preparing spawn area: 79%
[21:59:00] [Render thread/INFO] [minecraft/LoggerChunkProgressListener]: Preparing spawn area: 82%
[21:59:00] [Render thread/INFO] [minecraft/LoggerChunkProgressListener]: Preparing spawn area: 83%
[21:59:01] [Render thread/INFO] [minecraft/LoggerChunkProgressListener]: Preparing spawn area: 83%
[21:59:01] [Render thread/INFO] [minecraft/LoggerChunkProgressListener]: Preparing spawn area: 85%
[21:59:02] [Render thread/INFO] [minecraft/LoggerChunkProgressListener]: Preparing spawn area: 86%
[21:59:02] [Render thread/INFO] [minecraft/LoggerChunkProgressListener]: Preparing spawn area: 88%
[21:59:03] [Render thread/INFO] [minecraft/LoggerChunkProgressListener]: Preparing spawn area: 90%
[21:59:03] [Render thread/INFO] [minecraft/LoggerChunkProgressListener]: Preparing spawn area: 93%
[21:59:04] [Render thread/INFO] [minecraft/LoggerChunkProgressListener]: Preparing spawn area: 93%
[21:59:04] [Render thread/INFO] [minecraft/LoggerChunkProgressListener]: Preparing spawn area: 95%
[21:59:05] [Render thread/INFO] [minecraft/LoggerChunkProgressListener]: Preparing spawn area: 96%
[21:59:05] [Render thread/INFO] [minecraft/LoggerChunkProgressListener]: Preparing spawn area: 96%
[21:59:06] [Render thread/INFO] [minecraft/LoggerChunkProgressListener]: Preparing spawn area: 98%
[21:59:06] [Render thread/INFO] [minecraft/LoggerChunkProgressListener]: Time elapsed: 39755 ms
[21:59:06] [Server thread/INFO] [ne.mi.se.pe.PermissionAPI/]: Successfully initialized permission handler forge:default_handler
[21:59:06] [Server thread/DEBUG] [io.ne.bu.AbstractByteBuf/]: -Dio.netty.buffer.checkAccessible: true
[21:59:06] [Server thread/DEBUG] [io.ne.bu.AbstractByteBuf/]: -Dio.netty.buffer.checkBounds: true
[21:59:06] [Server thread/DEBUG] [io.ne.ut.ResourceLeakDetectorFactory/]: Loaded default ResourceLeakDetector: io.netty.util.ResourceLeakDetector@542da223
[21:59:06] [Server thread/INFO] [minecraft/IntegratedServer]: Changing view distance to 12, from 10
[21:59:06] [Server thread/INFO] [minecraft/IntegratedServer]: Changing simulation distance to 12, from 0
[21:59:06] [Render thread/DEBUG] [io.ne.ch.MultithreadEventLoopGroup/]: -Dio.netty.eventLoopThreads: 20
[21:59:06] [Render thread/DEBUG] [io.ne.ch.ni.NioEventLoop/]: -Dio.netty.noKeySetOptimization: false
[21:59:06] [Render thread/DEBUG] [io.ne.ch.ni.NioEventLoop/]: -Dio.netty.selectorAutoRebuildThreshold: 512
[21:59:06] [Render thread/DEBUG] [io.ne.ut.in.PlatformDependent/]: org.jctools-core.MpscChunkedArrayQueue: available
[21:59:06] [Render thread/DEBUG] [io.ne.ch.DefaultChannelId/]: -Dio.netty.processId: 8346 (auto-detected)
[21:59:06] [Render thread/WARN] [io.ne.ut.in.SystemPropertyUtil/]: Unable to parse the boolean system property 'java.net.preferIPv6Addresses':system - using the default value: false
[21:59:06] [Render thread/DEBUG] [io.ne.ut.NetUtil/]: -Djava.net.preferIPv4Stack: false
[21:59:06] [Render thread/DEBUG] [io.ne.ut.NetUtil/]: -Djava.net.preferIPv6Addresses: false
[21:59:06] [Render thread/DEBUG] [io.ne.ut.NetUtilInitializations/]: Loopback interface: lo0 (lo0, 0:0:0:0:0:0:0:1%lo0)
[21:59:06] [Render thread/DEBUG] [io.ne.ut.NetUtil/]: Failed to get SOMAXCONN from sysctl and file /proc/sys/net/core/somaxconn. Default: 128
[21:59:06] [Render thread/DEBUG] [io.ne.ch.DefaultChannelId/]: -Dio.netty.machineId: ea:a0:b0:ff:fe:99:c9:bc (auto-detected)
[21:59:06] [Render thread/DEBUG] [io.ne.bu.PooledByteBufAllocator/]: -Dio.netty.allocator.numHeapArenas: 20
[21:59:06] [Render thread/DEBUG] [io.ne.bu.PooledByteBufAllocator/]: -Dio.netty.allocator.numDirectArenas: 20
[21:59:06] [Render thread/DEBUG] [io.ne.bu.PooledByteBufAllocator/]: -Dio.netty.allocator.pageSize: 8192
[21:59:06] [Render thread/DEBUG] [io.ne.bu.PooledByteBufAllocator/]: -Dio.netty.allocator.maxOrder: 9
[21:59:06] [Render thread/DEBUG] [io.ne.bu.PooledByteBufAllocator/]: -Dio.netty.allocator.chunkSize: 4194304
[21:59:06] [Render thread/DEBUG] [io.ne.bu.PooledByteBufAllocator/]: -Dio.netty.allocator.smallCacheSize: 256
[21:59:06] [Render thread/DEBUG] [io.ne.bu.PooledByteBufAllocator/]: -Dio.netty.allocator.normalCacheSize: 64
[21:59:06] [Render thread/DEBUG] [io.ne.bu.PooledByteBufAllocator/]: -Dio.netty.allocator.maxCachedBufferCapacity: 32768
[21:59:06] [Render thread/DEBUG] [io.ne.bu.PooledByteBufAllocator/]: -Dio.netty.allocator.cacheTrimInterval: 8192
[21:59:06] [Render thread/DEBUG] [io.ne.bu.PooledByteBufAllocator/]: -Dio.netty.allocator.cacheTrimIntervalMillis: 0
[21:59:06] [Render thread/DEBUG] [io.ne.bu.PooledByteBufAllocator/]: -Dio.netty.allocator.useCacheForAllThreads: false
[21:59:06] [Render thread/DEBUG] [io.ne.bu.PooledByteBufAllocator/]: -Dio.netty.allocator.maxCachedByteBuffersPerChunk: 1023
[21:59:07] [Render thread/DEBUG] [io.ne.bu.ByteBufUtil/]: -Dio.netty.allocator.type: pooled
[21:59:07] [Render thread/DEBUG] [io.ne.bu.ByteBufUtil/]: -Dio.netty.threadLocalDirectBufferSize: 0
[21:59:07] [Render thread/DEBUG] [io.ne.bu.ByteBufUtil/]: -Dio.netty.maxThreadLocalCharBufferSize: 16384
[21:59:07] [Netty Local Client IO #0/DEBUG] [ne.mi.ne.HandshakeHandler/FMLHANDSHAKE]: Starting local connection.
[21:59:07] [Netty Local Client IO #0/DEBUG] [io.ne.ut.Recycler/]: -Dio.netty.recycler.maxCapacityPerThread: 4096
[21:59:07] [Netty Local Client IO #0/DEBUG] [io.ne.ut.Recycler/]: -Dio.netty.recycler.ratio: 8
[21:59:07] [Netty Local Client IO #0/DEBUG] [io.ne.ut.Recycler/]: -Dio.netty.recycler.chunkSize: 32
[21:59:07] [Netty Local Client IO #0/DEBUG] [io.ne.ut.Recycler/]: -Dio.netty.recycler.blocking: false
[21:59:07] [Netty Server IO #1/DEBUG] [ne.mi.ne.HandshakeHandler/FMLHANDSHAKE]: Starting local connection.
[21:59:07] [Server thread/DEBUG] [ne.mi.ne.HandshakeHandler/FMLHANDSHAKE]: Sending ticking packet info 'net.minecraftforge.network.HandshakeMessages$S2CModData' to 'fml:handshake' sequence 0
[21:59:07] [Netty Local Client IO #0/DEBUG] [ne.mi.ne.LoginWrapper/FMLHANDSHAKE]: Recieved login wrapper packet event for channel fml:handshake with index 0
[21:59:07] [Server thread/DEBUG] [ne.mi.ne.HandshakeHandler/FMLHANDSHAKE]: Sending ticking packet info 'net.minecraftforge.network.HandshakeMessages$S2CModList' to 'fml:handshake' sequence 1
[21:59:07] [Netty Local Client IO #0/DEBUG] [ne.mi.ne.LoginWrapper/FMLHANDSHAKE]: Recieved login wrapper packet event for channel fml:handshake with index 1
[21:59:07] [Netty Local Client IO #0/DEBUG] [ne.mi.ne.HandshakeHandler/FMLHANDSHAKE]: Logging into server with mod list [minecraft, forge, eln]
[21:59:07] [Netty Local Client IO #0/DEBUG] [ne.mi.ne.NetworkRegistry/NETREGISTRY]: Channel 'fml:loginwrapper' : Version test of 'FML3' from server : ACCEPTED
[21:59:07] [Netty Local Client IO #0/DEBUG] [ne.mi.ne.NetworkRegistry/NETREGISTRY]: Channel 'forge:tier_sorting' : Version test of '1.0' from server : ACCEPTED
[21:59:07] [Netty Local Client IO #0/DEBUG] [ne.mi.ne.NetworkRegistry/NETREGISTRY]: Channel 'fml:handshake' : Version test of 'FML3' from server : ACCEPTED
[21:59:07] [Netty Local Client IO #0/DEBUG] [ne.mi.ne.NetworkRegistry/NETREGISTRY]: Channel 'minecraft:unregister' : Version test of 'FML3' from server : ACCEPTED
[21:59:07] [Netty Local Client IO #0/DEBUG] [ne.mi.ne.NetworkRegistry/NETREGISTRY]: Channel 'fml:play' : Version test of 'FML3' from server : ACCEPTED
[21:59:07] [Netty Local Client IO #0/DEBUG] [ne.mi.ne.NetworkRegistry/NETREGISTRY]: Channel 'minecraft:register' : Version test of 'FML3' from server : ACCEPTED
[21:59:07] [Netty Local Client IO #0/DEBUG] [ne.mi.ne.NetworkRegistry/NETREGISTRY]: Channel 'forge:split' : Version test of '1.1' from server : ACCEPTED
[21:59:07] [Netty Local Client IO #0/DEBUG] [ne.mi.ne.NetworkRegistry/NETREGISTRY]: Accepting channel list from server
[21:59:07] [Netty Local Client IO #0/DEBUG] [ne.mi.ne.LoginWrapper/FMLHANDSHAKE]: Dispatching wrapped packet reply for channel fml:handshake with index 1
[21:59:07] [Netty Local Client IO #0/DEBUG] [ne.mi.ne.HandshakeHandler/FMLHANDSHAKE]: Accepted server connection
[21:59:07] [Netty Local Client IO #0/DEBUG] [ne.mi.ne.HandshakeHandler/REGISTRIES]: Expecting 19 registries: [minecraft:command_argument_type, minecraft:recipe_serializer, minecraft:sound_event, minecraft:particle_type, minecraft:villager_profession, minecraft:item, minecraft:potion, minecraft:painting_variant, forge:fluid_type, minecraft:block_entity_type, forge:display_contexts, minecraft:block, forge:entity_data_serializers, minecraft:mob_effect, minecraft:stat_type, minecraft:menu, minecraft:enchantment, minecraft:fluid, minecraft:entity_type]
[21:59:07] [Netty Server IO #1/DEBUG] [ne.mi.ne.LoginWrapper/FMLHANDSHAKE]: Recieved login wrapper packet event for channel fml:handshake with index 1
[21:59:07] [Netty Server IO #1/DEBUG] [ne.mi.ne.HandshakeHandler/FMLHANDSHAKE]: Received client indexed reply 1 of type net.minecraftforge.network.HandshakeMessages$C2SModListReply
[21:59:07] [Netty Server IO #1/DEBUG] [ne.mi.ne.HandshakeHandler/FMLHANDSHAKE]: Received client connection with modlist [minecraft, forge, eln]
[21:59:07] [Netty Server IO #1/DEBUG] [ne.mi.ne.NetworkRegistry/NETREGISTRY]: Channel 'fml:loginwrapper' : Version test of 'FML3' from client : ACCEPTED
[21:59:07] [Netty Server IO #1/DEBUG] [ne.mi.ne.NetworkRegistry/NETREGISTRY]: Channel 'forge:tier_sorting' : Version test of '1.0' from client : ACCEPTED
[21:59:07] [Netty Server IO #1/DEBUG] [ne.mi.ne.NetworkRegistry/NETREGISTRY]: Channel 'fml:handshake' : Version test of 'FML3' from client : ACCEPTED
[21:59:07] [Netty Server IO #1/DEBUG] [ne.mi.ne.NetworkRegistry/NETREGISTRY]: Channel 'minecraft:unregister' : Version test of 'FML3' from client : ACCEPTED
[21:59:07] [Netty Server IO #1/DEBUG] [ne.mi.ne.NetworkRegistry/NETREGISTRY]: Channel 'fml:play' : Version test of 'FML3' from client : ACCEPTED
[21:59:07] [Netty Server IO #1/DEBUG] [ne.mi.ne.NetworkRegistry/NETREGISTRY]: Channel 'minecraft:register' : Version test of 'FML3' from client : ACCEPTED
[21:59:07] [Netty Server IO #1/DEBUG] [ne.mi.ne.NetworkRegistry/NETREGISTRY]: Channel 'forge:split' : Version test of '1.1' from client : ACCEPTED
[21:59:07] [Netty Server IO #1/DEBUG] [ne.mi.ne.NetworkRegistry/NETREGISTRY]: Accepting channel list from client
[21:59:07] [Netty Server IO #1/DEBUG] [ne.mi.ne.HandshakeHandler/FMLHANDSHAKE]: Accepted client connection mod list
[21:59:07] [Server thread/DEBUG] [ne.mi.ne.HandshakeHandler/FMLHANDSHAKE]: Sending ticking packet info 'Config forge-server.toml' to 'fml:handshake' sequence 2
[21:59:07] [Netty Local Client IO #0/DEBUG] [ne.mi.ne.LoginWrapper/FMLHANDSHAKE]: Recieved login wrapper packet event for channel fml:handshake with index 2
[21:59:07] [Netty Local Client IO #0/DEBUG] [ne.mi.ne.HandshakeHandler/FMLHANDSHAKE]: Received config sync from server
[21:59:07] [Netty Local Client IO #0/DEBUG] [ne.mi.ne.LoginWrapper/FMLHANDSHAKE]: Dispatching wrapped packet reply for channel fml:handshake with index 2
[21:59:07] [Netty Server IO #1/DEBUG] [ne.mi.ne.LoginWrapper/FMLHANDSHAKE]: Recieved login wrapper packet event for channel fml:handshake with index 2
[21:59:07] [Netty Server IO #1/DEBUG] [ne.mi.ne.HandshakeHandler/FMLHANDSHAKE]: Received client indexed reply 2 of type net.minecraftforge.network.HandshakeMessages$C2SAcknowledge
[21:59:07] [Netty Server IO #1/DEBUG] [ne.mi.ne.HandshakeHandler/FMLHANDSHAKE]: Received acknowledgement from client
[21:59:07] [Server thread/DEBUG] [ne.mi.ne.HandshakeHandler/FMLHANDSHAKE]: Handshake complete!
[21:59:07] [Netty Local Client IO #0/INFO] [ne.mi.ne.NetworkHooks/]: Connected to a modded server.
[21:59:07] [Server thread/INFO] [minecraft/PlayerList]: Dev[local:E:ca9a4779] logged in with entity id 223 at (-21.5, 99.0, -37.5)
[21:59:07] [Server thread/INFO] [minecraft/MinecraftServer]: Dev joined the game
[21:59:08] [Render thread/INFO] [minecraft/AdvancementList]: Loaded 2 advancements
[21:59:08] [Server thread/INFO] [minecraft/IntegratedServer]: Saving and pausing game...
[21:59:09] [Server thread/INFO] [minecraft/MinecraftServer]: Saving chunks for level 'ServerLevel[New World]'/minecraft:overworld
[21:59:13] [Server thread/INFO] [minecraft/MinecraftServer]: Saving chunks for level 'ServerLevel[New World]'/minecraft:the_end
[21:59:13] [Server thread/INFO] [minecraft/MinecraftServer]: Saving chunks for level 'ServerLevel[New World]'/minecraft:the_nether
[21:59:13] [Server thread/DEBUG] [ne.mi.co.ForgeHooks/WP]: Gathering id map for writing to world save New World
[21:59:13] [Server thread/DEBUG] [ne.mi.co.ForgeHooks/WP]: ID Map collection complete New World
[21:59:13] [Server thread/WARN] [minecraft/MinecraftServer]: Can't keep up! Is the server overloaded? Running 6276ms or 125 ticks behind
[21:59:20] [Server thread/INFO] [mo.el.Eln/]: ticks 245 us  E 241  TF 1  TS 0  S 0    0 SS    0 EP    0 TFL    0 TFC    0 TFP    0 TSL    0 TSC    0 TSP    0 SP
[21:59:22] [Server thread/INFO] [mo.el.Eln/]: ticks 7 us  E 5  TF 1  TS 0  S 0    0 SS    0 EP    0 TFL    0 TFC    0 TFP    0 TSL    0 TSC    0 TSP    0 SP
[21:59:23] [Server thread/INFO] [mo.el.Eln/]: ticks 8 us  E 5  TF 1  TS 0  S 0    0 SS    0 EP    0 TFL    0 TFC    0 TFP    0 TSL    0 TSC    0 TSP    0 SP
[21:59:24] [Server thread/INFO] [mo.el.Eln/]: ticks 11 us  E 7  TF 1  TS 0  S 0    0 SS    0 EP    0 TFL    0 TFC    0 TFP    0 TSL    0 TSC    0 TSP    0 SP
[21:59:25] [Server thread/INFO] [mo.el.Eln/]: ticks 9 us  E 5  TF 1  TS 1  S 0    0 SS    0 EP    0 TFL    0 TFC    0 TFP    0 TSL    0 TSC    0 TSP    0 SP
[21:59:26] [Server thread/INFO] [mo.el.Eln/]: ticks 8 us  E 5  TF 1  TS 0  S 0    0 SS    0 EP    0 TFL    0 TFC    0 TFP    0 TSL    0 TSC    0 TSP    0 SP
[21:59:27] [Server thread/INFO] [mo.el.Eln/]: ticks 9 us  E 5  TF 1  TS 0  S 0    0 SS    0 EP    0 TFL    0 TFC    0 TFP    0 TSL    0 TSC    0 TSP    0 SP
[21:59:27] [Render thread/INFO] [minecraft/Minecraft]: Stopping!
[21:59:27] [Server thread/INFO] [minecraft/ServerGamePacketListenerImpl]: Dev lost connection: Disconnected
[21:59:27] [Server thread/INFO] [minecraft/MinecraftServer]: Dev left the game
[21:59:27] [Server thread/INFO] [minecraft/ServerGamePacketListenerImpl]: Stopping singleplayer server as player logged out
[21:59:27] [Server thread/INFO] [minecraft/MinecraftServer]: Stopping server
[21:59:27] [Server thread/INFO] [minecraft/MinecraftServer]: Saving players
[21:59:27] [Server thread/INFO] [minecraft/MinecraftServer]: Saving worlds
[21:59:30] [Server thread/INFO] [minecraft/MinecraftServer]: Saving chunks for level 'ServerLevel[New World]'/minecraft:overworld
[21:59:31] [Server thread/INFO] [minecraft/MinecraftServer]: Saving chunks for level 'ServerLevel[New World]'/minecraft:the_end
[21:59:31] [Server thread/INFO] [minecraft/MinecraftServer]: Saving chunks for level 'ServerLevel[New World]'/minecraft:the_nether
[21:59:31] [Server thread/DEBUG] [ne.mi.co.ForgeHooks/WP]: Gathering id map for writing to world save New World
[21:59:31] [Server thread/DEBUG] [ne.mi.co.ForgeHooks/WP]: ID Map collection complete New World
[21:59:31] [Server thread/INFO] [minecraft/MinecraftServer]: ThreadedAnvilChunkStorage (New World (1)): All chunks are saved
[21:59:31] [Server thread/INFO] [minecraft/MinecraftServer]: ThreadedAnvilChunkStorage (DIM1): All chunks are saved
[21:59:31] [Server thread/INFO] [minecraft/MinecraftServer]: ThreadedAnvilChunkStorage (DIM-1): All chunks are saved
[21:59:31] [Server thread/INFO] [minecraft/MinecraftServer]: ThreadedAnvilChunkStorage: All dimensions are saved
[21:59:31] [Server thread/DEBUG] [ne.mi.re.GameData/REGISTRIES]: Reverting to FROZEN data state.
[21:59:31] [Server thread/DEBUG] [ne.mi.re.ForgeRegistry/REGISTRIES]: Registry minecraft:block Sync: ACTIVE -> FROZEN
[21:59:31] [Server thread/DEBUG] [ne.mi.re.ForgeRegistry/REGISTRIES]: Registry minecraft:fluid Sync: ACTIVE -> FROZEN
[21:59:31] [Server thread/DEBUG] [ne.mi.re.ForgeRegistry/REGISTRIES]: Registry minecraft:item Sync: ACTIVE -> FROZEN
[21:59:31] [Server thread/DEBUG] [ne.mi.re.ForgeRegistry/REGISTRIES]: Registry minecraft:mob_effect Sync: ACTIVE -> FROZEN
[21:59:31] [Server thread/DEBUG] [ne.mi.re.ForgeRegistry/REGISTRIES]: Registry minecraft:sound_event Sync: ACTIVE -> FROZEN
[21:59:31] [Server thread/DEBUG] [ne.mi.re.ForgeRegistry/REGISTRIES]: Registry minecraft:potion Sync: ACTIVE -> FROZEN
[21:59:31] [Server thread/DEBUG] [ne.mi.re.ForgeRegistry/REGISTRIES]: Registry minecraft:enchantment Sync: ACTIVE -> FROZEN
[21:59:31] [Server thread/DEBUG] [ne.mi.re.ForgeRegistry/REGISTRIES]: Registry minecraft:entity_type Sync: ACTIVE -> FROZEN
[21:59:31] [Server thread/DEBUG] [ne.mi.re.ForgeRegistry/REGISTRIES]: Registry minecraft:block_entity_type Sync: ACTIVE -> FROZEN
[21:59:31] [Server thread/DEBUG] [ne.mi.re.ForgeRegistry/REGISTRIES]: Registry minecraft:particle_type Sync: ACTIVE -> FROZEN
[21:59:31] [Server thread/DEBUG] [ne.mi.re.ForgeRegistry/REGISTRIES]: Registry minecraft:menu Sync: ACTIVE -> FROZEN
[21:59:31] [Server thread/DEBUG] [ne.mi.re.ForgeRegistry/REGISTRIES]: Registry minecraft:painting_variant Sync: ACTIVE -> FROZEN
[21:59:31] [Server thread/DEBUG] [ne.mi.re.ForgeRegistry/REGISTRIES]: Registry minecraft:recipe_type Sync: ACTIVE -> FROZEN
[21:59:31] [Server thread/DEBUG] [ne.mi.re.ForgeRegistry/REGISTRIES]: Registry minecraft:recipe_serializer Sync: ACTIVE -> FROZEN
[21:59:31] [Server thread/DEBUG] [ne.mi.re.ForgeRegistry/REGISTRIES]: Registry minecraft:attribute Sync: ACTIVE -> FROZEN
[21:59:31] [Server thread/DEBUG] [ne.mi.re.ForgeRegistry/REGISTRIES]: Registry minecraft:stat_type Sync: ACTIVE -> FROZEN
[21:59:31] [Server thread/DEBUG] [ne.mi.re.ForgeRegistry/REGISTRIES]: Registry minecraft:command_argument_type Sync: ACTIVE -> FROZEN
[21:59:31] [Server thread/DEBUG] [ne.mi.re.ForgeRegistry/REGISTRIES]: Registry minecraft:villager_profession Sync: ACTIVE -> FROZEN
[21:59:31] [Server thread/DEBUG] [ne.mi.re.ForgeRegistry/REGISTRIES]: Registry minecraft:point_of_interest_type Sync: ACTIVE -> FROZEN
[21:59:31] [Server thread/DEBUG] [ne.mi.re.ForgeRegistry/REGISTRIES]: Registry minecraft:memory_module_type Sync: ACTIVE -> FROZEN
[21:59:31] [Server thread/DEBUG] [ne.mi.re.ForgeRegistry/REGISTRIES]: Registry minecraft:sensor_type Sync: ACTIVE -> FROZEN
[21:59:31] [Server thread/DEBUG] [ne.mi.re.ForgeRegistry/REGISTRIES]: Registry minecraft:schedule Sync: ACTIVE -> FROZEN
[21:59:31] [Server thread/DEBUG] [ne.mi.re.ForgeRegistry/REGISTRIES]: Registry minecraft:activity Sync: ACTIVE -> FROZEN
[21:59:31] [Server thread/DEBUG] [ne.mi.re.ForgeRegistry/REGISTRIES]: Registry minecraft:worldgen/carver Sync: ACTIVE -> FROZEN
[21:59:31] [Server thread/DEBUG] [ne.mi.re.ForgeRegistry/REGISTRIES]: Registry minecraft:worldgen/feature Sync: ACTIVE -> FROZEN
[21:59:31] [Server thread/DEBUG] [ne.mi.re.ForgeRegistry/REGISTRIES]: Registry minecraft:chunk_status Sync: ACTIVE -> FROZEN
[21:59:31] [Server thread/DEBUG] [ne.mi.re.ForgeRegistry/REGISTRIES]: Registry minecraft:worldgen/block_state_provider_type Sync: ACTIVE -> FROZEN
[21:59:31] [Server thread/DEBUG] [ne.mi.re.ForgeRegistry/REGISTRIES]: Registry minecraft:worldgen/foliage_placer_type Sync: ACTIVE -> FROZEN
[21:59:31] [Server thread/DEBUG] [ne.mi.re.ForgeRegistry/REGISTRIES]: Registry minecraft:worldgen/tree_decorator_type Sync: ACTIVE -> FROZEN
[21:59:31] [Server thread/DEBUG] [ne.mi.re.ForgeRegistry/REGISTRIES]: Registry minecraft:worldgen/biome Sync: ACTIVE -> FROZEN
[21:59:31] [Server thread/DEBUG] [ne.mi.re.ForgeRegistry/REGISTRIES]: Registry forge:entity_data_serializers Sync: ACTIVE -> FROZEN
[21:59:31] [Server thread/DEBUG] [ne.mi.re.ForgeRegistry/REGISTRIES]: Registry forge:global_loot_modifier_serializers Sync: ACTIVE -> FROZEN
[21:59:31] [Server thread/DEBUG] [ne.mi.re.ForgeRegistry/REGISTRIES]: Registry forge:biome_modifier_serializers Sync: ACTIVE -> FROZEN
[21:59:31] [Server thread/DEBUG] [ne.mi.re.ForgeRegistry/REGISTRIES]: Registry forge:fluid_type Sync: ACTIVE -> FROZEN
[21:59:31] [Server thread/DEBUG] [ne.mi.re.ForgeRegistry/REGISTRIES]: Registry forge:structure_modifier_serializers Sync: ACTIVE -> FROZEN
[21:59:31] [Server thread/DEBUG] [ne.mi.re.ForgeRegistry/REGISTRIES]: Registry forge:holder_set_type Sync: ACTIVE -> FROZEN
[21:59:31] [Server thread/DEBUG] [ne.mi.re.ForgeRegistry/REGISTRIES]: Registry forge:display_contexts Sync: ACTIVE -> FROZEN
[21:59:32] [Server thread/DEBUG] [ne.mi.re.ObjectHolderRegistry/REGISTRIES]: Applying holder lookups
[21:59:32] [Server thread/DEBUG] [ne.mi.re.ObjectHolderRegistry/REGISTRIES]: Holder lookups applied
[21:59:32] [Server thread/DEBUG] [ne.mi.re.GameData/REGISTRIES]: FROZEN state restored.
[21:59:32] [Server thread/DEBUG] [ne.mi.fm.co.ConfigTracker/CONFIG]: Unloading configs type SERVER

Deprecated Gradle features were used in this build, making it incompatible with Gradle 9.0.

You can use '--warning-mode all' to show the individual deprecation warnings and determine if they come from your own scripts or plugins.

For more on this, please refer to https://docs.gradle.org/8.5/userguide/command_line_interface.html#sec:command_line_warnings in the Gradle documentation.

BUILD SUCCESSFUL in 1m 49s
12 actionable tasks: 4 executed, 8 up-to-date
